location_id,median_age,total_population,children_under_6_poverty,adults_65_and_older_poverty,violent_crime
3000,31.3,21924,11.1,1.95,57.8
3001,28.4,73960,28.45,14.15,293.21
3002,36.8,34801,19.5,11,125.91
3003,42.5,15788,41.2,7,392.9
3004,43,37469,17.2,10.3,35.34
3005,38.5,31275,25.85,13.6,275.89
3006,39.5,101142,28.3,7,280.36
3007,41.9,61857,38.8,11.85,340.2
3008,36.5,189040,9.9,5.15,158.07
3009,31.5,71530,29.55,7.2,396.28
3010,40.3,35423,28.85,7.9,260.85
3011,46.5,63136,28.3,8.3,218.42
3012,40.1,46577,31.35,10.5,138.02
3013,39.1,88396,6.6,5.35,227.42
3014,38.1,142301,19.95,7.65,292.46
3015,34.7,329963,33.95,14.25,681.8
3016,31.7,46681,27.95,14,545.09
3017,33,32210,17.95,8.5,109.15
3018,42.5,91140,11.05,4.45,145.51
3019,39.1,20908,34.9,6.6,106.1
3020,39.9,116526,18.6,6.15,200.52
3021,30.4,1014977,13.35,7.5,355.73
3022,47.4,54452,22.75,10.7,403.22
3023,45.3,13572,23,20.35,201.26
3024,48.5,46063,18.8,5.1,213.5
3025,39.5,67464,28.75,10.65,560.23
3026,39.7,949081,12.75,7.25,257.92
3027,44,11614,32.45,21,166.2
3028,38.7,149337,19.75,7.35,157.81
3029,40.3,8553,32.9,13.95,66.57
3030,45.1,16659,24.25,9.4,143.13
3031,27.6,44768,42.5,9.8,456.7
3032,36.8,87183,46.1,25.75,593.73
3033,40.6,33163,18.2,10.5,169.1
3034,44,96154,31.5,9.15,573.54
3035,37.7,42430,23.2,6.8,77.51
3036,42.9,28891,30.25,10.85,338.4
3037,34.4,127821,4.4,5.8,136.65
3038,39.7,322078,4.35,4.8,79.97
3039,42.9,49146,16.25,8.65,207.13
3040,37.2,134519,28.55,14.25,606.77
3041,40.2,68117,35.25,15.95,758.63
3042,41.9,29864,24.6,13.15,207.07
3043,37.1,88838,24.7,8.8,406.31
3044,43.3,32352,8.25,6.05,109.23
3045,48.2,14976,16.5,7.45,193.34
3046,24.1,70410,21.4,6.15,280.76
3047,34.4,54633,11.65,8.2,
3048,47.2,90659,23.8,5.35,288.96
3049,38.4,23203,25.75,18,110.69
3050,39.4,996938,16.85,6.15,318.96
3051,37.4,124186,16.25,11.1,285.79
3052,40.8,78772,29.15,10.45,419.46
3053,35.7,20680,19.75,1.4,263.99
3054,28.6,196608,22.45,8.1,616.37
3055,37.1,10673,32.5,21,69.13
3056,39.4,100339,24.05,7.75,250.19
3057,38.1,301272,19.1,9.45,400.8
3058,37.8,195370,14.65,5.6,103.3
3059,43.6,60595,8.1,11.25,199.75
3060,42.7,47108,25.6,10.5,262.79
3061,40.2,42631,16.05,7.25,180.66
3062,35.4,23055,23.95,14.1,403.67
3063,29.7,61948,14.25,9.65,169.87
3064,28.1,738733,48.4,25.3,337.58
3065,39,31381,23.05,6.8,289.68
3066,36.5,112346,22.4,8.6,400.33
3067,39.7,20569,27.35,20.65,125.9
3068,39.4,114814,14.2,5.35,142.97
3069,39.1,24001,14.8,8.15,289.65
3070,40.2,19074,52.45,19.05,811.07
3071,43.1,69386,28.3,9.75,70.52
3072,42.6,52162,19.9,10,116.3
3073,40.7,8202,35.9,9.25,203.5
3074,43.4,459315,18,8.05,339.39
3075,42.2,45741,19.85,11.75,76.51
3076,35.1,60358,24.05,8.9,273.26
3077,34.3,595078,26.25,14.4,1290.82
3078,41.2,215541,23.4,7.9,383.79
3079,38.4,44185,19,8,95.51
3080,36.2,153734,13.6,7.35,168.92
3081,39,36726,32,8.2,166.87
3082,42.4,79614,11.05,4.1,124.33
3083,41.1,21428,17.55,9.75,312.76
3084,40.4,36740,12.4,7,83.39
3085,42.7,29867,10.7,8.1,67.4
3086,36,777661,21.9,12.55,675.44
3087,39.7,15616,14.5,11.1,249.78
3088,38.9,22932,3.6,5.4,230.09
3089,37.5,82823,18.1,8.35,323
3090,41.4,49105,27.35,9.35,237.26
3091,39.7,28923,50.1,20.25,102.41
3092,48.2,10160,51.5,7.95,432.58
3093,40,27492,12.35,12.45,233.82
3094,40.9,11750,42.7,22.45,402.65
3095,39.6,20640,21.65,16.5,145.27
3096,29.3,92026,17.25,8.25,365.04
3097,38.7,44805,39.25,17.75,526.47
3098,40.9,24814,32.4,12.2,273.58
3099,36.5,78566,39.05,13,1015.9
3100,44.4,494521,25.1,8.55,534.68
3101,39.4,17396,27.55,17.85,265.12
3102,39.1,53880,31,7.9,59.13
3103,33.9,107468,17.25,8.6,269.39
3104,36.5,156082,26.35,9.45,532.1
3105,40,52577,13.3,8.3,154.98
3106,40.2,14497,26.85,15.55,347.18
3107,38.6,22095,29.85,12.25,284.9
3108,39.8,340245,7.05,6,217.82
3109,36.6,463074,20.15,8.55,355.81
3110,35.4,34737,28,20.8,345.64
3111,45,32723,34.55,12.65,242.88
3112,42.4,7263,22.3,6.9,283.66
3113,36.8,18604,34.15,14.4,449.02
3114,52.5,20272,34.9,6.55,344.55
3115,44.7,14347,28.2,18.4,845.81
3116,38.4,19900,46.5,26.15,624.04
3117,38.6,36765,11,8,135.03
3118,40.6,101436,26.7,9.8,
3119,39,33283,32.05,12.6,
3120,45.4,24578,22.9,8.45,102.65
3121,38.3,37940,43.45,15.15,537.7
3122,36.7,18252,56.75,21.95,59.14
3123,42.1,199218,10.4,8,120.92
3124,37.8,529274,14.2,8.6,454.06
3125,39.4,22875,37.65,12.55,541.08
3126,29.1,56345,7.4,5.6,186.14
3127,39.4,584376,26.1,8.7,426.6
3128,37,40005,51.9,18.7,292.46
3129,40.9,73842,24.2,8.75,404.13
3130,31.7,166629,13.25,5.45,343.21
3131,33.3,381456,7.55,5.4,158.36
3132,32,186677,23.9,8.4,527.24
3133,41.9,29280,29.5,12.25,279.17
3134,35.2,44985,33.05,16.15,157.53
3135,34.1,120613,6.2,7.15,80.74
3136,38.6,101059,16.1,4.9,245.53
3137,38.7,853004,17.45,7.15,416.79
3138,38.6,81240,27.55,15.45,325.32
3139,40.5,109770,30.35,6.3,536.77
3140,36.7,175151,11.95,7.65,145.88
3141,42,211831,28.15,7.9,255.09
3142,30.8,130866,21.6,13.6,378.06
3143,44.5,15611,21.9,8.85,481.01
3144,42.8,92907,28.05,12.4,339.62
3145,41.5,28098,26.2,10.15,413.55
3146,38.9,244979,14.15,5.2,379.69
3147,43.1,91035,23.4,9.4,411.88
3148,37.3,60344,33.15,12.8,374.7
3149,34.1,151872,38.9,12.9,531.63
3150,38.3,10854,19.7,24.05,673.19
3151,41.3,43982,31.4,6.25,132.69
3152,39.6,32632,29.85,10.85,699.64
3153,29.8,49904,24.8,11.9,364.81
3154,44.5,44711,16.85,6.7,199.82
3155,38.5,100679,14.45,7.1,190.53
3156,36.4,328666,9.1,5.8,172.63
3157,46.7,325092,31.15,8.75,535.94
3158,36.7,265662,28.25,9.75,944.98
3159,39.8,171139,8.85,5.6,66.73
3160,37.8,19532,34.75,22.85,112.49
3161,35.9,63795,25.95,9.3,193.13
3162,41.8,15255,24.45,13.15,343
3163,36.1,75457,23.25,11.15,270.09
3164,30,149239,13.75,7.55,210.68
3165,39.3,17970,15.8,9.8,40.94
3166,39.7,50761,37.8,10.95,246.64
3167,33.3,8012,76.25,31.35,764.42
3168,40.8,20776,6.55,9.95,273.77
3169,47.6,20311,42.15,7.65,83.84
3170,31.2,765021,39.4,21.65,416.96
3171,35.9,44674,33.25,14.2,372.99
3172,40.4,31647,27.7,17.95,397.13
3173,38.4,14075,33.25,8.5,111.6
3174,41.9,8375,39.8,13.85,181.47
3175,36.1,164583,19.9,10.1,195.94
3176,37.3,21978,28.25,26.45,296.57
3177,30.8,76792,39.45,11.1,187.09
3178,45.3,21809,9.45,9.75,84.07
3179,40.1,34630,16.9,7.5,124.41
3180,38.1,737982,20.8,7.65,363.42
3181,45.1,32357,29.5,14.2,193.67
3182,43.6,57123,25.85,12.15,119.42
3183,39.9,231632,10.35,5.05,110.2
3184,34.3,170585,16.85,11,481.97
3185,36,245444,17.9,7.1,201.74
3186,37.6,27703,25.05,18.75,245.02
3187,30.6,198209,26.6,10.2,399.53
3188,29.3,249014,33.25,10.7,590.95
3189,38.4,25903,37.5,18.15,336.61
3190,34.6,436458,13,4.65,190.98
3191,36.6,37288,23.75,3.8,158.43
3192,38.9,13928,42.7,19.7,456.38
3193,37.1,286874,18.8,9.95,348.27
3194,31.6,73462,40.1,10.35,417.23
3195,44.1,32190,40.5,15.1,510.29
3196,36.2,374680,23.5,8,263.93
3197,32.5,50509,15.15,9.8,114.82
3198,36.2,1483683,14.15,8.35,719.29
3199,36.7,9836,9.7,11.35,66.82
3200,38.3,57063,16.95,10.8,164.46
3201,36.4,253718,35.95,13.5,688.68
3202,45.1,10987,7.5,10.55,42.29
3203,35.1,110068,28.5,11.55,546.53
3204,36.2,48288,11.05,5.6,103.11
3205,40.7,33062,25.65,13.5,430.12
3206,41.9,10356,33.75,14.4,211.94
3207,39.8,197904,24.85,9.55,246.11
3208,36.6,36044,9.7,6.6,100.51
3209,41.3,56493,27.25,8.65,204.74
3210,32.5,509809,24.1,8.45,507.82
3211,36.9,19916,18.65,8.95,275.61
3212,35.9,51794,25.6,16.7,514.3
3213,38,23059,32.8,12.45,224.17
3214,36.4,86499,30.9,10.95,571.28
3215,35.7,14289,49.5,31.3,
3216,39.3,28680,30.9,14.85,413.81
3217,46.4,15112,9.95,9.6,76.59
3218,44.7,20097,20.6,8.1,341.34
3219,36.3,74147,30.2,7.6,453.46
3220,37,41495,20.45,11.25,439
3221,38.8,28617,38.05,10,147.06
3222,38.4,18335,21.35,20.85,387.67
3223,36.9,158710,24.25,4.4,95.74
3224,48.7,6323,28.4,12.8,126.53
3225,39.4,39870,26.3,6.45,352.9
3226,40.7,109129,11.95,5.7,109.63
3227,40.6,377527,25.15,6.6,299.48
3228,39,13744,47.8,14.65,449.84
3229,39.3,28795,11.35,6.55,127.54
3230,36.7,59312,29.85,9.45,618.22
3231,35.9,16760,29.3,16.1,
3232,40.6,49425,29.2,10.55,183.66
3233,39.2,39922,22.8,9,158.47
3234,40.9,33917,37.95,15.25,682.39
3235,39.2,50887,23.15,12,330.79
3236,40.5,67951,30.15,12.7,202.04
3237,41.8,25409,33.55,10.8,337.87
3238,39.4,71027,23.15,6.7,243.46
3239,43,206928,17.95,8,214.83
3240,36.5,122399,16.55,8.1,193.32
3241,32.2,86366,32.05,7.75,306.27
3242,36.9,58288,29.6,9.45,257.77
3243,39.2,183520,28.15,10.45,611.68
3244,43.8,32270,25.4,7,107.24
3245,34.4,215635,17.95,7.5,257.23
3246,40.7,198523,20.4,7.25,240.8
3247,36.1,49853,9.25,6.1,48.91
3248,43.4,189169,7.4,5.25,119.95
3249,39.9,38235,21.95,8,434.05
3250,40.1,34459,31.85,14.5,575.7
3251,41.8,182516,10.35,6.95,315.96
3252,36.1,703010,11.05,5.65,143.13
3253,36.5,184984,25.85,7.75,624.06
3254,39.3,27506,35.5,17.65,538.39
3255,35.6,44217,34.4,20.15,189.97
3256,39.2,546747,18.4,10.15,589.14
3257,30.8,149839,31.15,9.3,385.73
3258,31,12837,34.75,16.95,232.56
3259,45.8,317342,23.15,5.85,320.31
3260,34.4,380578,14.45,6.65,216.69
3261,39.9,26646,20.9,7.95,99.53
3262,38.4,21768,22.6,11.3,224.6
3263,38.1,28752,33.95,19.3,1114.16
3264,31.6,61392,26.65,10.45,470.64
3265,37.2,43216,31.65,13.65,713.43
3266,43.3,14595,25.1,11.4,111.67
3267,37.5,20757,46.8,18.45,373.17
3268,34.4,487280,22.05,8.7,682.75
3269,44,249560,7.4,5.4,209.7
3270,43.5,15647,35.3,11.5,87.03
3271,39.3,10266,32.45,21.8,302.44
3272,43.2,8377,44,23.55,202.77
3273,32.1,56950,14.35,7.05,101.23
3274,39.4,30885,39.4,15.3,101.59
3275,39.3,32903,42,18.8,983.85
3276,41,88787,27.25,8.25,77.37
3277,40.9,9177,15.7,11,126.71
3278,33.4,22647,19.9,16.85,404.19
3279,42,53785,19.9,8.95,398.51
3280,26.4,87161,11.75,6.15,279.45
3281,44.6,596215,20.5,6.95,383.18
3282,41.8,14908,23.2,7.55,31.33
3283,42,61619,29.05,9.1,97.49
3284,39.2,36998,12.9,6.05,153.01
3285,33.6,507524,19.95,8.4,483.13
3286,45.6,11255,2.35,7.35,160.34
3287,34.1,613940,22.1,15.95,473.01
3288,39.4,41583,38.1,9.15,157.34
3289,40.6,52160,28.75,12.75,618.12
3290,40.2,33399,30.9,10.4,146.04
3291,39,201491,29.55,8.35,857.41
3292,43.1,1294367,21.05,7.75,550.49
3293,39.8,44056,21.35,7.2,173.08
3294,41.3,65312,29.3,9.7,234.31
3295,33,82125,27,7.85,202.37
3296,34.6,1397196,20.9,7.5,586.95
3297,34.2,40363,7.1,7.9,134.32
3298,34.1,2521420,33.2,23.4,588.55
3299,47.9,10558,33.75,19.25,439.89
3300,42.6,20916,18.7,12.85,31.16
3301,42.8,35902,15.9,6.9,32.72
3302,37.4,164190,14.65,7.25,211.34
3303,34,261182,9.45,5.2,165.57
3304,37.3,22761,46.15,29.45,65.17
3305,46.4,97196,14.2,6.15,283.11
3306,41.4,23182,21.75,16.5,307.65
3307,40.2,34216,16.95,11.65,227.97
3308,37.4,34205,31.65,16.5,308.67
3309,44.4,14718,32.1,6.15,258.01
3310,42.6,12763,30.55,17.7,184.08
3311,40.7,80010,28.1,7.05,219.18
3312,38,15685,34.55,28.9,660.14
3313,37.8,48403,26.45,10.25,395.7
3314,42.3,12582,11.5,9.2,184.86
3315,46.2,20586,25.8,9.35,250.65
3316,43.7,18021,16.1,7.7,346.36
3317,39.4,27228,21.95,22.3,602.84
3318,42.9,155068,25.15,10.65,524.34
3319,37.7,74420,23.05,7.5,126.54
3320,38.7,7028,38.8,20.5,75.37
3321,40.1,11737,53.1,19.15,239.51
3322,37.9,228785,7.05,5.55,302.43
3323,36.1,534643,8.2,4.75,176.31
3324,44.9,20116,24.55,8.75,151.33
3325,42,18013,17.85,22.5,30.41
3326,41,177131,20.9,5.2,213.3
3327,37.9,28669,38.75,8.8,436.93
3328,35.4,855324,20.95,9.95,719.14
3329,42.9,6372,6.1,14.6,218.79
3330,37.1,35918,34.05,12.3,102.15
3331,43.6,15017,11.65,15.3,63.43
3332,45.3,105526,22.45,8.2,113.8
3333,37.6,51829,9.85,7.9,78.31
3334,30.8,33344,32.5,7.8,458.91
3335,42.4,61967,15.45,9,163.32
3336,39.1,35884,15.3,7.5,178.51
3337,44.9,16497,4.25,10.55,80.01
3338,45.3,41280,14.4,6.6,49.02
3339,38.5,556998,12.9,6.9,541.63
3340,44.8,52027,16.7,8.15,112.88
3341,35.7,347961,27.85,10.95,569.27
3342,32.3,674973,22.65,9.8,812.49
3343,31.8,134186,14.3,5.25,128.86
3344,38.3,16884,10.45,9.25,34.36
3345,34.1,43702,25.2,9.1,321.93
3346,42.6,61998,26.85,10.05,148.6
3347,40.6,13874,5.15,8.05,36.02
3348,42.4,20682,25.35,9.7,185.69
3349,38.2,82179,22.7,11.05,405.16
3350,38.1,525683,6.85,5.35,554.13
3351,42.7,18131,47.65,14.7,499.21
3352,40.1,36232,23.95,7.9,140.66
3353,34.2,92734,22.85,8.35,358.38
3354,42.4,128933,3.5,3.4,52.74
3355,34.5,117658,21.75,8.2,339.87
3356,32,251392,18.45,8.1,425.17
3357,40.1,37318,34.9,13.95,147.88
3358,33.1,155629,33.35,12.4,611.83
3359,40.5,23600,7.6,8.85,111.29
3360,40.9,99410,2.9,8.55,73.96
3361,39.3,15466,11.9,7.95,54.11
3362,39.5,133091,14.25,4.7,258.47
3363,43.2,20401,35.15,9.6,294.42
3364,30.6,810292,32.3,10.2,567.89
3365,38.7,10915,54.35,24.25,333.96
3366,41.3,178305,27.8,7.15,750.69
3367,40.8,23247,15.95,8.1,138.54
3368,41.9,266886,19,7.85,418.26
3369,38.5,347744,20.35,8.4,291.28
3370,40.2,38457,20.2,5.95,210.07
3371,44.3,16105,0.85,8.4,243.22
3372,42.2,40413,25.95,9.6,175.54
3373,39.7,21449,33.4,11.6,265.07
3374,36.8,89315,18.25,4.2,215.3
3375,39.8,28996,21.85,23.75,
3376,38.6,20381,46.05,18.5,103.01
3377,41.9,211768,26.35,10,231.57
3378,36.6,15373,20.5,25.3,71.23
3379,35.8,34927,43.35,23.4,299.19
3380,39,50986,24.9,11.45,113.73
3381,42.1,24472,16.5,8.15,77.94
3382,43.3,144449,24.2,9.1,221.87
3383,41.1,25382,34.5,18.5,528.82
3384,33.4,1104150,17.85,9.55,793.46
3385,42.9,82290,9.05,6.85,199.77
3386,38.4,136510,32.45,8.35,668.93
3387,34.3,63003,20.65,7.5,152.13
3388,26.6,48479,17,13.9,311.76
3389,39.1,145794,15.7,9.15,290.82
3390,31.5,100236,17.15,6.25,267.39
3391,41.3,23910,32.25,13.9,56.8
3392,39.1,45569,28.35,10.3,191.93
3393,44,42632,23.35,10.6,117.46
3394,40.7,9794,31.7,14.85,126.63
3395,38.5,401648,13.75,6,242.89
3396,37.8,32896,15.25,11.65,365.5
3397,40.1,12226,30.75,14.2,160.21
3398,45.6,13441,34.4,15.8,337.21
3399,44.2,62656,19.55,6,149.19
3400,40.3,37616,18,15.45,489.55
3401,35.2,99671,20.55,7.3,338.65
3402,39,28346,34.15,16.3,42.51
3403,39.6,66187,16.85,9.95,163.47
3404,36.8,533126,15.15,7.5,643.4
3405,41.2,58778,25.1,6.05,172.02
3406,38.4,156438,30.85,8.65,560.2
3407,31.9,22941,45.65,21.65,99.04
3408,39.3,107326,18.3,6.45,182.17
3409,42.6,28876,26.75,11.1,122.97
3410,42,74386,13.7,7.25,30
3411,40.1,14775,15.7,15.05,284.18
3412,38.3,25435,35.1,22.75,
3413,41.9,17783,3.45,7.65,118.86
3414,41.3,27586,22.55,12.4,379.16
3415,37.3,25796,31.2,18.95,223.51
3416,36.9,22578,30.95,8.2,268.06
3417,39.7,11965,50.25,17.65,510.46
3418,34.1,4384,54.9,10.5,38.31
3419,40.3,31438,29.9,11.05,56.68
3420,35.8,21878,40.85,20.05,513.87
3421,37.5,185357,14.7,7.55,439.85
3422,37.6,22061,32.95,9.5,
3423,35,312582,26.35,8.05,241.64
3424,44.9,16169,35.65,12.9,128.21
3425,39.3,66047,34.55,9.25,147.26
3426,37,26307,35.85,21.9,197.13
3427,35.8,168127,25.6,5.95,235.6
3428,38.2,39877,27.6,15.15,295.43
3429,41.3,32281,24.25,10.3,60.46
3430,28.8,135458,24.05,9.55,237.24
3431,38,28560,37.15,21.3,154.33
3432,39.4,134328,11.5,7.2,411.93
3433,37.1,298053,16.25,5.6,158.2
3434,39,37750,31.95,11.05,354.46
3435,40,25759,18.1,14.85,245.91
3436,37.6,73049,20.1,9.2,414.82
3437,35.2,10640,27.85,16.35,463.62
3438,42.4,16941,14.85,16.05,311.42
3439,40.1,125133,20.75,8.05,187.99
3440,45.2,53858,15.65,7.1,74.69
3441,40.3,35751,34.2,10.9,304.87
3442,40.2,44560,27.65,12.7,419.08
3443,42,30095,32.45,14.25,189.87
3444,44.8,56795,15.65,7.75,127.53
3445,36.6,48291,39.55,12,417.84
3446,38.9,47803,16.35,9.55,165.62
3447,34.7,129229,24.7,7.15,469.49
3448,42.2,63479,19.45,9.7,266.61
3449,42.2,26295,26.1,11.1,352.5
3450,43,16064,43.45,15.8,115.86
3451,43.4,45869,31.85,9.8,233.19
3452,43.9,15660,18.95,14.3,154.77
3453,37.8,25471,30.4,11.55,140.69
3454,41.1,9857,52.65,28.05,
3455,38.9,64277,14.8,6.3,85.02
3456,40.1,59936,27,11.8,497.65
3457,41.1,49122,18,7.95,375.58
3458,38,41198,22.6,7.65,139.31
3459,42.2,70645,15,9.65,343.11
3460,31.4,53008,23.15,5.8,272.45
3461,42,106716,15.7,6.35,275.89
3462,50.4,10792,1.9,9.75,125.21
3463,40.7,56133,22.7,8.9,171.75
3464,41.9,49948,3.2,5.65,81.58
3465,39.1,904836,10.65,6.55,298.01
3466,39.3,25533,34.65,18.45,64.92
3467,40.7,48703,25.25,7.8,539.54
3468,34.8,24875,31.1,8.1,50.37
3469,36.9,110843,28.45,10.9,150.19
3470,26,91750,18.5,6,123.52
3471,29.3,268255,24.4,6.45,752.68
3472,38.6,95315,26.3,9.75,176.55
3473,36.5,208090,15.25,7.5,226.15
3474,38.5,135977,19.55,7.55,314.85
3475,36.1,22762,42.3,12.8,802.61
3476,38,61757,26.45,11.25,295.04
3477,39.2,31740,41.95,16.95,355.73
3478,49.8,21130,31.3,9.7,180.81
3479,37.6,429255,30.6,6.8,808.66
3480,37.1,131813,23.2,6.95,377.81
3481,39.3,166883,14.4,6.45,313.88
3482,39.6,156373,28.15,13.7,401.2
3483,29.5,239437,27.3,11.8,627.83
3484,32.5,39271,46.65,18.9,697.81
3485,44,29187,19.6,9,171.12
3486,33.3,93958,33.9,10.75,382.3
3487,39.4,107233,29.25,12.15,155.4
3488,40,17610,45.8,21.4,104.5
3489,39.7,154806,13.55,7.75,298.47
3490,39.1,262250,22.5,8.1,511.83
3491,35.8,22848,19.65,11,187.37
3492,38.9,119864,25.1,12.05,422.99
3493,43.4,62331,24.45,15.85,89.92
3494,41.7,36148,44,7.2,457.51
3495,43.1,11385,15.95,19.65,43.82
3496,39.9,58994,16.5,4.95,175.22
3497,44.4,13554,20.15,5.8,95.05
3498,33.9,192367,31,12.6,372.21
3499,39,26084,17.2,12.2,129.88
3500,43.8,9332,43.95,11.25,
3501,31.5,36000,27.9,9.65,1524.3
3502,39,114757,31.7,7.85,123.3
3503,41.9,34886,16.6,7.5,92.52
3504,41.3,16055,34.3,14,227.29
3505,28.4,149148,13.9,4.75,113.06
3506,38.2,22767,45.9,12.1,816.75
3507,30.4,162911,23.8,10.25,564.9
3508,37.7,36855,31.95,12.3,288.14
3509,43.3,43191,15.3,7.95,159.87
3510,40.6,23931,36.4,14.5,257.76
3511,36.3,56805,27.7,16.95,653.65
3512,34.1,129982,25.15,9.1,412.22
3513,42.5,17129,23.2,7.3,308.68
3514,40.3,134491,31.85,8.85,214.85
3515,35.1,8425,20.9,17.9,216.06
3516,39,48975,27.25,8.2,240.63
3517,48.5,20278,24.15,5.75,552.97
3518,40.2,34876,29.9,7.7,434.53
3519,39.9,34671,53.45,26.85,618.46
3520,42.8,12447,17.65,12.3,157.98
3521,37,8088,29.4,21.4,136.55
3522,43,43076,22.45,7,172.45
3523,47.2,38065,4.7,5.45,273.69
3524,35.3,105948,35.05,14.95,902.64
3525,41.2,9308,24.65,7.9,284.08
3526,41.2,41988,23.95,14.9,153.33
3527,38.7,22163,21.75,11.7,545.88
3528,42.3,72370,13.5,9.15,113.36
3529,39.9,9160,31.25,18.8,213.44
3530,37,11679,53,23.9,
3531,42.4,85974,9.3,3.8,45.51
3532,47.2,15776,32.45,10.3,103.95
3533,38.1,58255,10.15,9.3,89.35
3534,29.6,52296,20.6,6.7,150.82
3535,39.1,15713,9.8,5.4,57.72
3536,39.9,88178,13.45,7.45,93.57
3537,47.9,18058,6.3,3.9,255.82
3538,33.7,950799,29.35,10.5,751.41
3539,37.3,27036,26.9,15.65,39.13
3540,42,25267,29.35,6.5,254.16
3541,41.5,19496,33.7,11.7,298.12
3542,42.7,36983,27.55,7.15,136.59
3543,44.6,538036,17.6,7,616.96
3544,37.7,415706,14.2,8.55,379.8
3545,47.4,25082,26.3,10.65,88.48
3546,42.4,32168,18.25,8.7,96.37
3547,38.5,35308,27.15,11,594.17
3548,37.8,114174,16.65,6.35,99.87
3549,35.1,28006,31.45,9.95,226.1
3550,42.3,164840,8.75,4.45,110.77
3551,41,13982,54.35,16,442.78
3552,38.3,14914,44.85,11.3,58.04
3553,44.7,30798,37.15,8.55,155.32
3554,42.2,19681,44.25,9.45,222.01
3555,33.3,51550,41.5,16,1723.72
3556,40.4,39097,31.15,12.5,140.42
3557,36,158059,21.1,7.55,310.58
3558,45.3,24129,26.75,10.9,135.34
3559,37.7,726206,26.15,9,579.99
3560,38.4,16190,38.05,13.35,
3561,33.6,131579,21.55,10.85,323.1
3562,42,82062,31.9,9.5,239.55
3563,43.4,31948,27.15,11.8,283.82
3564,35.8,48771,23,7,166.5
3565,36.9,827120,26.6,9.2,534.73
3566,37,67319,39.55,15.6,314.97
3567,39.9,13162,45.95,15,
3568,39,24909,29.85,25.6,70.28
3569,38.2,268084,21.5,6.7,246.23
3570,38.2,46557,41.85,14.7,860.82
3571,35.8,716966,21.65,12,496.74
3572,40.7,55891,12.55,7.85,178.89
3573,42.4,17446,16.65,14.55,138.94
3574,39.7,31649,11.35,7.95,169.94
3575,33,20650,33.25,8.85,112.78
3576,37.5,17145,9.5,5.15,141.12
3577,36.1,681904,27.7,9.15,806.85
3578,38.5,15597,26.2,18.45,245.83
3579,41.7,200621,21,7.4,272.41
3580,43.2,51701,31.3,12.05,98.86
3581,42,13212,49.8,20.85,
3582,35.7,335941,20.35,7.95,228.8
3583,42.6,34987,17.75,6.65,137.06
3584,44.1,44070,14.35,7.8,181.7
3585,44,15274,25.5,10.45,227.33
3586,40.1,19826,27.85,10.35,160.53
3587,37.3,9104,43.45,15.95,730.25
3588,38.7,242561,10.25,5.75,323.52
3589,44.5,7042,37.9,12.95,198.4
3590,45.7,73557,14.55,10.15,508.19
3591,40.4,24217,32.35,22.55,51.24
3592,40.1,32957,18,17.55,79.21
3593,33.1,23298,33.1,13.15,378.98
3594,33.6,412960,18.7,6.25,429.06
3595,37.9,295534,28.65,7.45,891.85
3596,41.2,76735,22,7.9,260.1
3597,39.1,44334,23.5,7.95,36.05
3598,38,18971,40.45,25.55,1175.56
3599,37.3,985238,25.85,8.45,434.21
3600,44.1,64710,27.8,6.6,460.42
3601,39.8,62172,17.4,7.85,206.67
3602,36.1,393993,6.65,5.15,110.62
3603,39.6,32272,12.25,9.55,
3604,40,21646,34,14.7,806.5
3605,38.2,88391,13.1,5.75,446.97
3606,37.5,58371,17.1,4.9,199.24
3607,47,169558,18.4,6.65,347.65
3608,29.5,292914,24.85,7.85,404.2
3609,37.4,921227,8.6,4.75,100.07
3610,40.6,130725,16.4,7.25,176.27
3611,36,35984,10.7,4.95,93.63
3612,43.4,13171,50.25,19.95,603.53
3613,38.4,23203,32.7,15.95,458.4
3614,33.7,38955,17.35,11.15,146.85
3615,44.8,40877,23.6,6.85,112.37
3616,40.9,43536,25.6,8.05,198.55
3617,39.1,10592,2.45,8.3,465.61
3618,39.7,90629,33.05,9.15,159.34
3619,41.3,9913,14.75,9.4,59.74
3620,39.1,343287,22.65,7.8,282.05
3621,34.2,102843,20.4,10,390.13
3622,40.5,28892,46.65,20.55,154.78
3623,35.3,10307,17.05,12.65,
3624,36.8,27513,51.1,25.9,506.87
3625,45.7,26431,36.95,6.7,137.57
3626,40.4,147300,10.8,7.2,147.66
3627,30.4,910600,34.15,10.5,535.22
3628,35.7,14892,22.65,18.1,138.93
3629,39.3,35547,23.6,13.55,272.54
3630,40.3,27690,3.3,7.65,66.89
3631,35.9,27191,33.9,19.55,663.33
3632,32.7,120935,35.15,11.65,632.36
3633,43,12911,32.35,16.95,182.27
3634,37.9,72458,9.4,5.7,95.15
3635,31.5,108852,16.75,7.8,296.92
3636,37.1,25058,33.35,12.4,204.02
3637,54.8,158010,20.65,6,264.74
3638,34,624073,30.45,10.35,1137.3
3639,28.7,76790,34.1,9.75,243.68
3640,42.2,14501,21.15,17.35,53.22
3641,40,103790,31,11.65,434.65
3642,45.1,30652,28.3,10,217.78
3643,38.1,64046,21.1,9.5,243.69
3644,39.9,62566,35.7,12.15,133.57
3645,43.8,68873,22.95,8.35,129.96
3646,30.9,81633,23.3,4.75,234.19
3647,38.2,11562,33.85,18,822.9
3648,35.4,119315,29.35,10.9,585.09
3649,35.6,69226,12.35,8.8,106.11
3650,38.9,42590,18.75,5.35,81.2
3651,35.8,49242,16.9,10.85,417.94
3652,42.7,25887,21.5,9.4,50.01
3653,39.5,24712,43.15,16.6,175.63
3654,37.4,92203,25.3,12.75,728.02
3655,34.6,145979,20.75,7.8,216.98
3656,39.8,100484,13.85,7.6,172.74
3657,44.7,16323,21.45,7.25,118.73
3658,34.6,849203,9.15,6.85,702.44
3659,39.8,61143,17.9,8.4,108.53
3660,35.4,60694,35.4,19.6,473.87
3661,38.3,42128,37.9,20.9,527
3662,40.2,13387,26.55,9.9,321.6
3663,38.5,117343,26.7,12.1,224.36
3664,38.4,280143,26.65,8.75,256.25
3665,40,916620,23.3,8.25,496.24
3666,37.3,36947,34.6,20.45,97.54
3667,40.8,24710,28.2,4.4,121.72
3668,35.9,188892,27.3,11.35,655.34
3669,39.2,152460,15,6.15,247.2
3670,38.4,56904,24.7,7.5,233.59
3671,39.1,19561,39.65,21.1,
3672,37.9,48375,26.6,13.4,343.89
3673,37.7,2476739,23.45,22,753.62
3674,31.6,995513,24.1,8.2,413.2
3675,36,27887,34.7,12.05,79.28
3676,46,8319,31.95,9.75,36.06
3677,40.9,36236,16.15,8.8,117.07
3678,35.7,2993531,14.1,7.05,229.73
3679,38.7,166151,17.65,7.9,549.44
3680,39.7,46494,31.15,7.2,196.68
3681,37.7,28370,39.1,21.9,564.05
3682,31.2,10592,54.55,19.9,701.99
3683,32.6,1383318,39.9,21.9,590.6
3684,43.1,34891,26.8,12.2,210.91
3685,48.4,20692,38.9,7.7,377.78
3686,40,22708,34.5,13.15,303.21
3687,38.8,28595,14.9,5.5,88.63
3688,24.3,510777,11.2,5.2,79.87
3689,37.8,19377,35.85,11.7,77.55
3690,39.8,40963,37.2,14.15,267.09
3691,39.5,1202825,12.75,7.35,246.38
3692,41.2,12908,53.2,17.4,107.32
3693,39.8,42398,34.85,11.75,595.33
3694,41.5,40512,23.25,6.3,474.22
3695,38.7,23670,38.6,15.3,82.2
3696,37.3,78008,18.3,10.2,142.74
3697,40.1,25284,28.55,10.5,142.63
3698,37,64902,22.2,9.3,479.71
3699,36.5,13563,9.05,3.25,380.26
3700,37.5,927885,11.6,7.45,264
3701,42.6,147579,19.65,10.5,204.09
3702,40.1,26227,36.25,16.85,194.79
3703,39.1,33542,43.25,18.4,889.76
3704,38.7,67726,32.05,15.2,899.17
3705,43,16437,12.65,6.25,225.9
3706,43.9,25208,20.7,10.45,335.88
3707,42,55281,28.6,9.25,177.97
3708,35.2,47068,22.1,6.75,191.44
3709,41.8,121464,18.95,9.6,133.82
3710,38.5,78429,24.4,11.25,108.75
3711,43.9,11267,43.8,14.65,198.59
3712,40.5,493616,9,7.2,447.84
3713,41.6,106068,13.75,6.2,129.8
3714,46.7,11972,44.25,14.55,255.59
3715,40.4,31146,24.75,8.85,181.68
3716,32.6,637228,9.75,6.65,186.09
3717,42.5,77239,21.15,9.05,266.23
3718,39.4,151212,23.85,9.7,76.65
3719,39,195757,23.8,7.55,942.76
3720,43.3,13439,30.8,11.6,105.93
3721,38.3,32004,11.1,9.75,102.09
3722,37.5,159580,20.15,7,246.49
3723,42.7,44039,26.1,6.85,111.38
3724,42.8,12404,17.8,15.6,167.59
3725,41.2,23334,38.75,12.15,80.5
3726,41.3,34671,30.65,9.7,
3727,40.8,48981,17.1,6.1,92.01
3728,48.7,219258,7.75,5.35,467.76
3729,40,27664,25,9.9,362.94
3730,40.2,295672,12.7,6.1,194.49
3731,36.6,79113,42.65,13.4,336.77
3732,39.6,48787,25.85,8.3,240.58
3733,39.7,24260,19.15,11.4,212.37
3734,37.4,143499,14.65,6.7,161.78
3735,35.7,57138,23.45,8.3,327.59
3736,40.7,16977,28.6,9.7,315.32
3737,43.3,53591,18.3,8.15,105.98
3738,39,38981,15.1,9.85,334.57
3739,40.1,17332,35.1,13.85,165.35
3740,40.5,88792,24.95,7.75,320.05
3741,41.2,13046,35.7,12.1,145.36
3742,38.1,105638,29.15,6.95,480.63
3743,41.8,74255,30.25,11.95,394.39
3744,39.7,152600,21.9,7.4,450.99
3745,38.5,35183,23.65,8.15,356.88
3746,42.9,140265,32.3,11,218.5
3747,46.4,81692,30.25,8.85,166.65
3748,31.5,70429,49.05,31,87.7
3749,39,265893,11.55,5.8,258.52
3750,39.2,30504,17.25,10.2,321.83
3751,39.4,272282,19.45,11.15,525.77
3752,37.4,49067,19.65,7.1,140.79
3753,39.6,49393,31.6,12.4,413.87
3754,39.7,23451,25.8,13.55,228.81
3755,37.6,10415,30.85,24.5,1649.2
3756,40.4,38472,30.45,7.35,274.7
3757,36,59639,36.6,14.25,224.78
3758,48.4,19192,42.5,13.7,210.15
3759,40.7,183190,11.3,6.3,148.02
3760,43.2,67296,13.15,7.5,223.8
3761,39.2,1502189,7.35,5.65,161.59
3762,35.7,139717,16.05,6.9,116.42
3763,37.2,20819,33.15,20.5,
3764,36.1,20497,5.5,8.9,209.33
3765,42.5,26059,36,19.55,530.08
3766,39.4,77142,23.9,11.9,328.54
3767,35.9,203672,26.25,7.4,404.63
3768,44.8,42057,19.25,9.5,67.56
3769,41.8,33470,31.8,9.55,345.48
3770,38.8,492593,7.4,5.95,167.33
3771,36.2,420784,14.05,7.55,230.48
3772,36.5,35241,19.95,11.85,301.08
3773,43.8,130693,23.6,7.85,429.39
3774,35.8,336249,40.85,15.05,776.46
3775,44.7,20644,17,8.55,73.99
3776,45,10601,26.55,22.5,180.92
3777,38.3,144204,18.95,7.55,238.3
3778,43.3,31261,27.55,7.75,104.79
3779,40.6,150252,6.7,5.75,55.93
3780,43.1,65725,15.25,5.25,140.94
3781,37.6,180888,19.45,6.6,363.21
3782,38.6,37992,27.3,12.5,376.43
3783,35.1,66598,30.4,11.95,290.12
3784,40.6,636182,8.35,6.15,197.97
3785,37.2,43762,13.45,6.85,265.58
3786,46.5,42034,32.85,7.8,168.76
3787,35.2,8080,12.25,16,
3788,34.8,9680,64.8,28.6,
3789,39.8,11168,46.5,18.85,
3790,40.1,19400,20.85,8.8,61.29
3791,39.3,36320,29.4,13.75,
3792,39,160934,28.5,7.6,400.16
3793,36,74986,16.3,7.25,243.02
3794,38.6,39972,31.5,17.6,788.82
3795,32.7,104403,4.6,3,138.37
3796,37.4,164109,21.8,5.75,505.19
3797,41,97832,25.25,8.05,149.09
3798,38.6,38776,25.9,7.35,71.94
3799,36.4,22986,26.6,13.1,384.93
3800,37.5,253369,20.7,8.6,383.33
3801,32.7,371824,21.65,9.95,987.59
3802,36.6,52095,23,14.15,297.52
3803,37.4,57936,29.15,16,78.26
3804,32.3,238071,35.1,12.3,332.47
3805,34.8,46535,24.5,13.15,228.55
3806,41.9,46139,31.6,14,232.25
3807,42.6,24337,39.45,14.9,156.02
3808,41.6,50004,22.1,8.6,164.73
3809,41.2,86935,26.25,9.85,567.74
3810,38.6,436343,24.15,9.2,543.73
3811,41,17061,9.1,11.85,56.19
3812,43.1,64052,18.8,6.65,310.5
3813,35.7,120454,13.25,6.6,214.61
3814,46.2,16733,31.4,9.9,212.33
3815,38.2,91392,21.1,7.9,720.05
3816,46.5,36908,14.9,5.05,223.83
3817,40.3,278950,17.65,7.6,155.49
3818,43.6,12693,21.5,6.6,198.55
3819,35.4,101968,31.1,8.15,350.64
3820,44.4,364195,16.5,7.4,160.25
3821,39.1,8664,34.15,10.5,72.64
3822,32.6,433995,27.95,9.8,757.65
3823,32.7,152590,9.4,4.95,72.25
3824,41.7,126536,22.3,9.45,262.61
3825,42.3,40403,30.65,15.4,490.77
3826,36,31094,33.7,10.45,193.09
3827,43.3,26158,37.8,12,614.57
3828,35.1,116080,31.45,10.1,402.9
3829,42.4,24034,29.55,6.4,98.99
3830,33.1,41473,9.5,5.7,442.84
3831,35.7,644693,24.65,9.6,766.41
3832,38.5,13446,43.5,28.75,20.46
3833,38.3,28282,35.65,15.3,28.18
3834,44.6,190935,20.95,6.45,532.76
3835,37.2,84166,24.65,10.1,411.76
3836,39,710168,9.65,6.85,252.54
3837,41.6,22564,33.7,18.8,672.7
3838,34.6,125231,11.85,6.85,78.5
3839,44.9,20192,29.45,10.2,73.07
3840,35.9,12878,37.35,14.85,102.68
3841,37.7,26126,8.25,7.75,277.44
3842,37.9,49443,33.3,13.25,456.95
3843,37.2,33032,34.35,20,1051.67
3844,40.5,29746,29.15,15.4,197.62
3845,39.7,12604,55.1,13.3,
3846,37.3,21831,9.25,10.6,70.14
3847,38,15054,17.1,15.1,275.34
3848,39.7,71560,24.5,9.5,177.98
3849,52.7,29547,22.85,7.9,179.4
3850,41,28079,18.5,8.7,92.87
3851,33.8,591302,29.05,14.1,583.49
3852,32.7,247023,19.25,10.55,282.39
3853,42,50746,20.9,7.55,64.93
3854,37.7,509181,15.25,6.8,176.39
3855,39.7,1288204,27.35,11.2,578.53
3856,44.1,21073,7.5,8,124.17
3857,32.2,39671,26.4,6.65,156.16
3858,42.3,32407,11.3,11.85,112.52
3859,42.4,316418,22.75,10.25,288.51
3860,28.5,25204,30.8,13.4,413.12
3861,35.7,379133,26.7,9.3,1128.82
3862,39,39966,31.9,10.7,560.04
3863,39.5,40708,48.6,13.05,53.69
3864,37.4,54758,31.7,11.85,392.84
3865,36.5,220817,12.2,8.3,395.77
3866,35.3,73921,35.5,11.95,601.98
3867,40.2,65284,23.3,10.35,579.91
3868,36.2,82447,9.05,6.95,55.92
3869,43.6,33156,32.1,10,136.51
3870,48.7,16617,22.9,8.35,238.36
3871,38.7,35554,34.85,15.1,524.03
3872,42.2,116868,24.25,7.1,216.73
3873,41.8,52226,23.25,12.7,208.85
3874,42,14774,24.45,11.2,58.25
3875,44.7,29589,28.9,12.15,111.49
3876,40.8,258946,29.1,7.8,657.04
3877,35.9,29366,24.2,20.55,32.48
3878,37.5,101148,15.75,7.5,106.01
3879,41.4,18081,32.7,11.9,285.23
3880,42.3,36964,25.9,7.4,167.52
3881,38,100088,13.1,7.6,653.95
3882,32,4001124,26.8,12,779.22
3883,33.3,43136,11.55,6.85,87.86
3884,39.8,375925,13.75,6.25,117.74
3885,36.1,29299,33,15.05,
3886,29.6,101073,14.05,5.65,157.99
3887,38,90472,36.5,13.3,263.69
3888,38.9,406465,21.3,7.05,320.4
3889,37.6,64579,26.5,10.35,445.85
3890,40.2,49682,22.5,22,487.2
3891,35.3,101828,21.3,8.05,241.16
3892,38.7,14063,47.5,14.3,
3893,47.8,42076,33.6,4.55,169.33
3894,41.3,22451,31.9,12.45,250.23
3895,38.9,148515,11.2,5.6,218.44
3896,46,15794,24.2,18.1,146.24
3897,46.5,44652,30.75,7.4,353.25
3898,36.8,74863,17.35,8.3,386.01
3899,39,8353,23.05,27.05,
3900,28.3,26282,19.9,9.6,
3901,40.8,13653,13.45,13.05,182.36
3902,41.3,22603,33.25,20.55,145.93
3903,43,19959,33.95,15.85,184.41
3904,39.9,35184,29.6,10.15,108.46
3905,39.1,46284,12.9,5.55,38.66
3906,31.9,19839,61.3,39.05,
3907,36.9,795907,9.9,7.05,185.61
3908,32.6,109143,29.3,8.2,213.32
3909,43,47266,31.9,7.1,143.35
3910,38.6,46006,45.4,20.7,674.69
3911,42.4,81122,16,8.1,119.87
3912,38.6,161453,20.4,6.7,203.66
3913,37.4,365145,15.7,6.95,449.26
3914,36.3,18441,54.2,22.8,727.09
3915,40,49134,32.75,14.95,596.6
3916,40.5,489052,3.55,4.85,75.58
3917,38.3,801253,11.95,11.6,712.15
3918,39.2,1753599,17.7,12.05,505.05
3919,32,45489,21.6,8.75,152.43
3920,47.2,36127,14.65,8.45,82.35
3921,37.3,91444,37.6,19.2,609.19
3922,38.9,56728,18.7,8.6,64.86
3923,36.3,1603417,20.75,19.2,591.66
3924,43.7,27383,32.8,9.6,250.55
3925,39.9,65274,38.05,13.75,41.01
3926,32.2,203526,40.05,14.35,381.54
3927,40.7,28245,18.45,14.1,46.28
3928,37.7,280706,5,5.5,224.82
3929,39,76846,28.25,8.5,321.76
3930,44.1,16545,34.75,12.1,55.1
3931,39.3,24724,37,18,434.71
3932,40.4,26937,30.8,14.7,130.03
3933,31.7,31517,47.7,16.2,410.17
3934,31.2,186705,24.15,11,432.4
3935,40.7,41036,21.4,10.8,323.45
3936,29.5,27914,21.45,6.05,236.66
3937,35.8,14049,27.8,14,70.29
3938,36.9,73771,35.75,11.9,522.29
3939,40.1,20694,37.75,27.35,91.08
3940,37.7,30560,30.8,15,419.59
3941,36.5,123534,33.35,11.2,614.23
3942,38,53219,18.8,6.85,161.27
3943,36.3,26206,24.9,13.85,337.94
3944,39.4,31886,48.15,20.05,355.19
3945,43,21410,33.5,5.85,191.63
3946,41.6,54487,28.7,9.2,364.67
3947,35.8,1755510,10.75,6.65,266.35
3948,39.1,36831,19.4,9.15,125.64
3949,41.4,36724,15.6,6.3,121.45
3950,28.3,32156,21.9,9,481.29
3951,36,141916,12.55,6.6,186.28
3952,38.9,14747,29.5,24.2,
3953,36,21879,56.3,17.4,1265.57
3954,37,34876,40.65,10.9,717.68
3955,45.3,14693,28.05,11.9,98.38
3956,41.7,46321,29.8,8.75,124.56
3957,36.2,247474,31.35,11.8,637.4
3958,45,317922,22.45,7.3,694.65
3959,40.1,27781,20.9,10.25,352
3960,37.3,1047238,6.8,4.45,88.62
3961,48.5,13854,23.2,6.3,213.5
3962,40.2,166150,22.35,6.65,265.89
3963,36.3,19795,6.55,13.1,193.89
3964,36.6,97320,33.45,15.2,759.56
3965,36.2,13943,43,21.65,89.43
3966,41.4,51388,24.2,7.25,166.94
3967,38.2,80589,14.5,9.8,183.47
3968,40,218049,8.15,7.15,67.21
3969,39.2,66066,13.5,8.25,154.84
3970,47.1,7899,18.4,24,203.48
3971,34.8,27916,17.5,10.85,53.22
3972,42.2,13745,35.5,15.3,230.3
3973,32.5,35904,28.85,16,237.93
3974,37.8,17164,24,14.15,186.94
3975,38.7,27731,6.1,11.65,160.72
3976,41.6,18739,14.55,8.05,108.04
3977,35.6,784782,15.95,8.55,476.6
3978,42.2,18753,13.05,4.45,197.14
3979,41,29082,13.55,5.35,206.5
3980,41.4,66275,24.8,9.25,248.04
3981,42.9,49705,27.45,10.55,102.34
3982,47.1,5673,18.35,15.15,
3983,41.1,25755,28.2,18.25,325.66
3984,37.5,173172,29.25,8.4,437.18
3985,42.4,45082,22.3,10.6,203.7
3986,36.7,628033,23.95,11.5,341.24
3987,33.2,1756988,21.4,8.6,451.84
3988,34.3,65894,29.7,8.35,391.65
3989,41.5,12635,19.2,9.8,134.91
3990,40.3,60801,22.1,6.8,249.24
3991,36.5,97343,22.85,8,133.79
3992,35.8,184003,25,9.6,250.75
3993,42.1,16541,23.85,15.5,11.84
3994,40.4,45508,15.15,6.75,176.79
3995,35.9,1144324,17.9,7.25,453.01
3996,37.7,17486,17.9,10.4,134.23
3997,36,807815,14,6.45,222.88
3998,48.1,134919,23.6,6.65,327.7
3999,34.1,3836319,22.35,7.2,394.32
4000,41.4,58189,43,15.55,218.43
4001,39.8,18339,32.4,17.45,248.71
4002,39.7,8655,38.7,16.35,396.24
4003,39.5,24180,18.55,14.5,228.02
4004,37,69646,37.8,17.05,169.35
4005,39.8,74942,13.95,8.05,65.51
4006,41.5,68731,34.75,8.95,278.94
4007,37.2,515297,19.3,8.35,621.62
4008,41.9,232337,17.2,4.4,182.55
4009,37.1,31419,56.8,23.9,1411.36
4010,35.7,141048,9,8.45,190.53
4011,37.1,34091,18.25,12.15,223.17
4012,43.3,6496,40.2,20.95,36.03
4013,37,131870,31.45,12.75,765.93
4014,41.1,45894,15.65,7.7,107.99
4015,53.6,12316,53.05,13,454.87
4016,43.9,35850,26.8,20.55,123.73
4017,40.8,18832,30.15,12.4,295.68
4018,33.4,28207,34.8,20.4,312.53
4019,43.5,16922,13,10.85,127.39
4020,38.7,38777,22.45,7,164.93
4021,47.1,7636,23.65,19.95,
4022,41.7,28380,27.9,17.85,698.89
4023,40.7,25294,44.8,18.85,117.33
4024,40.8,121249,22.55,7.1,321.96
4025,38.2,958974,7,6.25,193.82
4026,47.5,50267,20.15,6.9,509.14
4027,46.9,52723,33.35,11.3,409.39
4028,36.1,11283,29.55,5.55,217.28
4029,37.8,14431,19.25,14.5,298.63
4030,30.9,279849,24.2,9.65,561.4
4031,40.4,232953,28.65,8.15,251.73
4032,37.6,231843,6.25,5.3,82.85
4033,34.6,11941,51.9,31.3,798
4034,40.2,155016,16.6,6.1,553.86
4035,38.6,21579,23.45,13.7,802.8
4036,33.6,35705,61.15,20.95,247.62
4037,46.6,15144,21.35,8.5,73.95
4038,30.3,270908,26.35,7.8,782.82
4039,35.9,89625,4.2,8.4,58.09
4040,41.4,37213,26.95,9.8,73.64
4041,38.3,1491672,8.15,8,277.72
4042,41.5,28962,23.7,10.1,137.08
4043,40.2,33061,18.4,9.2,126.86
4044,44.5,23935,19.1,7.4,100.77
4045,46.1,16853,47.6,12.4,301.54
4046,37.1,217059,15.95,7.3,261.94
4047,42.4,570997,17.85,5.8,120.14
4048,41.7,11306,35.15,29.45,36.97
4049,36.8,43284,53.35,26.85,794.32
4050,48,11365,30.4,10.55,323.51
4051,29.6,52779,39.6,37.1,262.65
4052,26.4,34642,16.15,5.5,115.85
4053,37.1,324429,20.65,6.85,496.54
4054,36.6,351523,6.35,3.85,156.75
4055,35.7,84618,29.85,9.55,350.84
4056,39,10001,27.6,12.35,128.77
4057,41.4,53062,25.55,14.9,241.54
4058,37,660339,24.7,10.6,697.53
4059,34.9,23513,33.15,14.35,520.09
4060,37.8,15009,24.9,12.55,316.02
4061,39.5,80518,24.45,13.45,181.25
4062,34,602217,22.15,6.95,416.94
4063,39.7,20568,34.2,21.25,452.92
4064,35.3,65890,23.65,12.95,390.71
4065,36.7,22040,31.6,20.5,390.36
4066,41.8,19365,19.45,11.2,169.39
4067,37.4,98340,13.15,4.45,151.05
4068,28.7,296490,8.15,5.1,106.59
4069,40.3,18688,33.35,17.15,164.38
4070,44.4,71922,25.7,12.5,72.08
4071,40.5,91912,20.95,10.05,67.82
4072,43.5,15840,19.75,8.4,124.33
4073,37,207911,7.9,5.4,74.12
4074,46.1,17476,30.85,15.4,95.92
4075,37.1,427940,22.2,8.25,561.65
4076,34.8,28180,48.25,25.4,
4077,36.1,156620,11.85,8.1,244.06
4078,39,38165,25.9,13.45,353.22
4079,39.5,15692,21.9,12.15,56.2
4080,42,19202,28.85,15.4,324.38
4081,35.1,5225838,22.85,11.6,696.89
4082,37,135690,23.85,9.45,355.93
4083,37.3,41140,31.4,14,290.34
4084,38,50506,13.25,6.3,424.8
4085,35.7,362504,19.15,6.8,339.05
4086,39.5,543001,22.65,7.95,417.92
4087,36.5,12251,24,20.6,65.15
4088,37.1,64379,16.2,5.85,218.56
4089,43.6,58520,20.4,9.8,307.36
4090,37.1,2254791,16.9,12.8,589.07
4091,33.3,117663,35.25,13.65,1172.39
4092,42.8,41159,7.45,10.4,92
4093,39.8,35554,25.15,10.65,363.15
4094,35.3,295045,16.65,5.15,215.63
4095,37.5,20828,37.1,12.15,170.67
4096,24.1,183116,29,7.15,393.69
4097,43.5,18190,3.4,2.4,227.14
4098,43.9,14960,26.05,16.8,571.17
4099,40.7,19637,37.25,22.15,236.9
4100,39.7,12563,17.4,12.15,117.55
4101,35.3,28700,36.9,16.3,237.6
4102,38,59896,20.25,9.05,
4103,38.5,40787,13.65,7.8,88.92
4104,43,26578,20.3,10.35,201.56
4105,33,43924,30.85,10.5,312.83
4106,40.4,87372,13.8,11.25,166.72
4107,40.2,139376,30.15,7.6,341.89
4108,35.2,261712,19.4,10.05,598.47
4109,34.6,226866,33.65,11.15,380
4110,40,739024,13.7,9.5,359.81
4111,32,83343,15.95,5.35,129.83
4112,43.2,14044,21.95,20.6,111.71
4113,42.4,6518,39.95,16.55,240.73
4114,41.8,67264,29.75,14.95,372.68
4115,36.5,1899290,32.75,11.65,1122.41
4116,41.9,37543,16.6,8.05,74.95
4117,43.6,18848,25.3,7.5,34.05
4118,38.3,13372,47.65,23,883.71
4119,41.9,12039,71.6,24.15,653.54
4120,40.2,41563,34.75,21,105.79
4121,44.1,31233,12.25,8.9,123.98
4122,38.3,465830,29.9,11.15,670.46
4123,35.3,98104,31.7,11.85,642.95
4124,42.2,143835,24.1,8.25,387.9
4125,39.2,30123,22.3,5.1,346.53
4126,48.1,210199,23.45,6.7,331.39
4127,40.1,101744,15.3,4.7,60.46
4128,45.6,915772,20.75,9.05,676.14
4129,35.8,19434,19.95,8.5,153.13
4130,34.2,504820,15.25,6.25,215.01
4131,39.1,157236,22.95,8.85,325.84
4132,37.1,45806,4.9,6.85,203.03
4133,38,121848,28.25,8.25,149.89
4134,37.7,97073,22.8,11.05,665.3
4135,44.5,28690,25.2,8.2,245.06
4136,41.1,28604,30.45,14.75,280.15
4137,42.1,37226,34.95,12.45,311.85
4138,43.7,77726,23.25,10.75,141.03
4139,38.6,77904,33.7,12.75,207.98
4140,39.5,21575,14.7,7.15,241.76
4141,41.6,71957,27,8.45,196.36
4142,40.6,38978,24.2,7,139.88
4143,41.1,19376,26.25,10.9,269
4144,39.4,38307,15.75,6.05,43.81
4145,39.1,38610,26.7,9.3,226.99
4146,40.6,26700,35.65,11.2,257.8
4147,36.8,304492,20.75,9.05,159.72
4148,40.4,65766,5.85,6,106.18
4149,37.5,48684,31.25,17.45,402.29
4150,39.8,13013,30.55,20.4,46.4
4151,38.2,20570,39.3,19.25,264.09
4152,32.7,231637,33.35,10.55,518.19
4153,43.7,13785,36.25,6.3,87.46
4154,37.1,310853,9.05,4.55,118.92
4155,43.4,44692,22.5,11.75,130.04
4156,40.4,99232,4.85,7.3,78.67
4157,47.7,20637,32.85,6.4,152.75
4158,39.5,884211,18.35,7.85,328.55
4159,42.4,12903,32,18.95,192.68
4160,35.7,129498,20.1,9.7,502.83
4161,37.9,80573,19.25,8.8,612.61
4162,40.3,89886,18.2,8.6,157.09
4163,40.4,14196,10.55,6.9,273.34
4164,36.6,453385,30.5,8.65,774.71
4165,40,17517,48.7,19.1,461.01
4166,31.2,2010922,22.8,9.25,451.22
4167,38.9,795863,11.35,7.5,547.43
4168,43.3,22283,21,12.75,336.76
4169,41.9,9078,52.65,22.2,1111.29
4170,38.9,119395,23.75,9.1,279.57
4171,39.2,62032,37.95,7.8,582.16
4172,28.3,22714,18.25,11.7,207.55
4173,35.4,22252,18.95,11.75,99.17
4174,40.6,36622,22.7,13.9,284.67
4175,46.6,55563,16.5,4.85,230.62
4176,36.2,13675,7.9,15.1,205.88
4177,43.2,5563,1.6,7.1,89.86
4178,38.9,46144,28.25,7.5,133.96
4179,27.9,37377,28.45,4.7,106.53
4180,34.2,922915,32.55,12.7,1269.81
4181,43.3,10377,14.9,15.25,193.67
4182,45.2,8098,27,14.3,130.57
4183,35.8,433736,19.8,6.95,260.31
4184,42.1,44176,13.25,9.25,261.31
4185,39.6,20946,28.9,14.35,265.75
4186,32.6,116912,24.5,10.7,176.22
4187,44.1,17999,35.5,14.05,170.43
4188,43.6,54815,36.65,12.9,285.04
4189,35.4,141669,18.8,8.2,288.08
4190,44,17898,20.05,10,39.05
4191,40.2,26264,19.85,7.85,232.7
4192,34.9,302735,15.35,8.8,193.51
4193,45.3,32636,20.1,9.7,142.67
4194,39.7,147108,25.15,6.9,499.79
4195,36.5,50088,14.7,9.95,164.26
4196,46.7,48517,31.35,6.15,188.42
4197,42.3,32102,39.65,11.35,194.42
4198,40,24970,11.2,5.3,124.48
4199,39.4,27735,7.5,9.1,85.07
4200,27.7,112275,18.25,6.4,403
4201,50.7,98262,32.5,9.45,286.1
4202,42.1,24048,23.35,7.35,174.84
4203,40.7,25368,5.55,6.45,61.14
4204,32.7,129046,30.4,9.4,430.31
4205,35.2,64005,29.2,14.8,622.65
4206,42.8,22936,3.8,3.95,48.63
4207,40,129966,8.25,5.3,91.18
4208,45.1,16309,15.75,12.75,231.09
4209,44.2,53683,21.7,8.45,257.67
4210,40.4,66997,19.7,7.95,355.14
4211,39.2,17698,11.95,8.4,199.11
4212,41.9,40289,23.45,9.7,190.8
4213,42.4,28909,24.5,17.15,95.37
4214,50.1,41490,32.45,9.2,107.1
4215,32.2,430521,21.5,9.2,411.51
4216,41.7,56895,25.35,14.7,268.76
4217,44.3,63936,15.75,2.25,107.91
4218,36.7,693522,11.8,7.5,222.68
4219,40.8,45696,18.15,10.1,156.95
4220,34.3,604354,18.05,6.55,441.69
4221,38.6,7791,49.65,14.45,350.16
4222,37.6,15082,10.4,16.95,82.03
4223,45.4,18622,23.95,14.65,139.16
4224,37.5,46689,7.95,6.15,112.33
4225,34.7,504538,24.2,8.85,466.08
4226,39,39480,33.5,15.65,302.12
4227,37.3,300455,28.5,9.5,806.36
4228,40.8,39462,31.65,10.15,293.31
4229,40.8,55183,19.7,7.05,163.53
4230,42.2,50716,21.05,11.6,117.47
4231,29.1,74002,19.6,7.25,219.27
4232,38.6,63127,38.15,10.95,238.91
4233,38.3,25641,28.6,11.55,163.16
4234,47,13391,23.65,10.45,51.84
4235,40,16232,30.9,12.75,248.92
4236,34.3,61625,8.6,6.2,165.1
4237,39.9,60107,14.95,7.7,177.42
4238,44.6,30445,30.9,6.8,77.19
4239,38.7,32979,13.05,5.65,229.24
4240,38.1,475949,15.1,9.7,588.03
4241,34.9,670960,10,5.7,169.4
4242,32.8,38933,21.6,10.35,373.63
4243,38.2,175889,25.6,7.35,449.88
4244,37.9,174354,6.45,6.4,120.77
4245,36.7,38202,13.4,6.3,74.1
4246,34.2,16787,36,13,217.99
4247,42.4,73807,33.65,16.1,960.99
4248,38.7,62121,35.4,10,537.09
4249,39.4,38641,23.9,10.5,200.05
4250,40.2,24739,19.25,16.1,373.63
4251,43.7,22542,37.85,20.45,326.86
4252,36.5,167041,5.25,5.45,97.86
4253,36.9,1895018,13.75,8.75,352.19
4254,43.4,16539,15.4,22.55,164.12
4255,40.2,664178,7,6.9,213.27
4256,41.1,127021,6.35,4.65,82.24
4257,39.3,17032,32.35,21.7,
4258,38.6,797139,13.7,9.25,452.63
4259,42,15511,22.2,14.05,190.18
4260,29.9,19350,32.4,14.05,439.3
4261,43.8,69235,35.35,8.3,204.22
4262,35.4,116763,13.6,5.6,531.95
4263,36.6,256890,15.35,7.1,474.09
4264,30.2,38889,27.4,7.6,364.75
4265,40.3,158471,32.1,9.2,379.13
4266,45.5,50271,20.2,5.1,175.26
4267,41.1,37963,25.5,15,249.99
4268,39.1,333702,26.35,9.25,649.94
4269,42.6,18373,27.4,15.15,141
4270,42.4,20501,15.35,7.8,38.89
4271,35.6,269030,25.1,8.1,543.48
4272,42.2,41507,21.45,9.7,96.78
4273,37.5,14513,36.5,18.1,491.63
4274,38.1,88254,26.45,7.85,313.65
4275,45.1,7099,21.65,10.3,74.19
4276,36,27166,35.7,13.9,636.85
4277,40.5,34716,23.45,11.9,158.3
4278,42.1,17559,10.2,6.1,241.68
4279,41.5,14024,14,8.55,385.02
4280,38.9,117503,16.25,7.45,
4281,38.9,19370,43.85,14.85,101.75
4282,42.4,17239,17.75,12.5,118.89
4283,33.1,98079,20.5,6.5,161.78
4284,33.4,1143743,25.6,9.6,509.95
4285,36.4,51488,36.1,17.1,461.94
4286,38.1,1032298,12.55,5.65,397.73
4287,45.9,22452,17.15,6.55,156.7
4288,39.9,168049,7.25,6.15,196.2
4289,38.2,13093,25.7,16.05,
4290,39.4,10043,43.65,19,
4291,38.7,34285,16.35,7.7,134.14
4292,31.4,44621,22.95,10.95,140.03
4293,41.4,35534,36.95,16.15,727.15
4294,41.4,29943,27.2,8.3,511.57
4295,41.6,28675,24.1,10.3,63.45
4296,39.5,26451,40.85,16.4,1361.35
4297,39.9,181524,8.8,7.25,98.26
4298,38.8,23890,7.4,7.2,359.22
4299,42.9,35931,14.55,8.75,106.41
4300,39.9,11862,36.8,17.2,235.56
4301,43.2,5485,27.2,21.45,270.42
4302,38.5,57516,24.15,14.9,311.56
4303,38.4,55973,32.2,11.5,170.47
4304,35.8,1198171,21.55,9.9,468.89
4305,43.7,4912,25.85,15.1,
4306,40.4,42043,40.05,15.2,456.79
4307,40.1,41987,20.75,4.95,92.89
4308,40,31221,29.55,12.1,337.7
4309,42.2,16340,17.05,8.05,232.06
4310,45.4,29618,39.4,5.15,372.52
4311,40.8,35512,15.7,6.75,202.2
4312,36.6,143366,8.7,4.95,456.74
4313,44.7,8987,7.45,4.35,369.17
4314,46.3,23834,27,5,167.02
4315,34.3,108433,26.3,10.3,299.84
4316,37.9,81777,12.25,6.9,193.25
4317,40.2,101209,15.6,7.05,150.51
4318,40,54169,15.55,5.7,66.08
4319,40.7,16474,22.95,14.1,138.24
4320,36.2,27120,1.5,0.8,131.86
4321,32.4,33675,55.3,26,611.01
4322,38.3,43844,22.4,8.35,127.84
4323,37.2,218958,23.5,5.85,341.84
4324,35,293304,13.65,6.5,235.66
4325,36.5,409902,15.45,7.15,467.94
4326,28.8,128346,12.55,5.1,251.05
4327,33.5,291670,24.55,8.9,573.22
4328,44.5,7272,10.1,3.2,27.57
4329,46.3,12905,30.85,22.5,166.52
4330,33.1,35921,20.85,11.2,95.22
4331,41.3,13850,28.85,16,287.42
4332,38.1,69146,32.45,9.6,1300.38
4333,29.9,70940,47.9,31.9,626.75
4334,36.5,63501,31.55,13.45,377.66
4335,32.8,409989,20.5,7.1,491.47
4336,33.2,147829,29,9.1,470.55
4337,30.1,196911,18.7,7.15,270.85
4338,35.8,53282,19.95,4.7,146.55
4339,46,25631,22.6,11,217.28
4340,34.5,3041428,16.05,7.7,383.46
4341,48.1,8476,12.55,7.45,268.63
4342,35.1,51746,15.55,4.2,211.43
4343,37.5,32194,18.35,10.2,149.12
4344,35.7,95780,20.05,8.6,761.57
4345,38.8,39823,23.65,5.9,103.78
4346,29.7,243163,25.75,7.5,702.21
4347,42.8,22623,18.95,11.15,253.24
4348,39.1,20111,25.8,9.45,276.69
4349,44.5,35045,30,13.55,69.44
4350,37.4,18128,46.6,17.95,216.03
4351,37.2,88922,17,8.3,208.73
4352,39.6,23500,13,8.2,186.59
4353,43.4,14724,24.85,11.15,29.3
4354,44.3,12968,20.55,18.95,249.88
4355,40.8,896831,6,7.55,101.97
4356,41.1,74457,24.75,8.75,231.64
4357,39.5,13796,32.15,17.6,357.87
4358,41,11201,47.95,15.65,177.7
4359,38.7,75212,15.3,6.65,120.33
4360,42.8,44016,49.4,14.8,392.17
4361,42.9,28956,17.9,7,74.84
4362,33,15124,1,5,246.65
4363,42.6,23841,30.7,14.7,153.31
4364,28.7,23300,30.5,8.8,444.67
4365,39.4,294837,13.4,6.5,262.71
4366,33.4,86855,10,9.15,106.91
4367,46.3,17339,15.65,11.75,86.74
4368,36.1,150505,16.75,7.75,250
4369,38.7,536726,27.25,8.35,443.07
4370,37.8,54781,24.75,6.7,154.21
4371,43.6,32689,10.2,6.15,74.55
4372,45.7,40316,25.1,10.05,59.08
4373,38.2,156259,17.4,8.95,287.02
4374,41.2,62851,20.65,6.75,129.67
4375,45.1,46866,28,7.15,349.6
4376,40.3,39445,32.35,11.25,556.52
4377,38,54841,28.55,6.25,361.27
4378,37.4,73923,16.4,8.6,120.13
4379,34.2,20618,14.45,7.6,56.01
4380,38.6,40460,28.15,19.2,454.65
4381,38.7,42532,19.3,5.95,75.41
4382,38.3,11522,21.55,5.65,75.38
4383,41.4,52498,30.05,7.35,366.96
4384,39.9,24937,24.25,7.2,55.67
4385,40.7,86668,26.4,9.55,340.08
4386,41.2,41197,27.4,10.2,457.79
4387,49.7,7212,30.1,11,192.63
4388,36.6,21047,21.3,12.85,80.78
4389,38.1,36769,43.35,16.9,
4390,38.1,25909,48.55,21.8,632.05
4391,39.9,145587,13.75,6.3,130.5
4392,25.2,111001,15.7,8.15,62.85
4393,40,12079,40.25,14.6,139.04
4394,40.4,16753,54.3,15.75,660.69
4395,37.7,10227,34.35,24.5,63.96
4396,33.4,51482,14.55,12.7,109.95
4397,39.6,447517,6.75,4.5,144.51
4398,34.6,755927,8.5,6.95,182.81
4399,39.9,13855,27.55,25.9,64.86
4400,39.6,427267,15.7,6.3,249.94
4401,41.4,13825,18.45,10.2,204.62
4402,34.7,25383,12.35,10.05,165.48
4403,34.3,482227,12.75,5.4,242.87
4404,29.4,429239,34.75,12.3,470
4405,34,337186,37.95,17.6,1989.54
4406,39,16099,47.1,17.6,59.92
4407,36.6,159981,18.65,5.5,114.62
4408,38.8,19014,24.05,11.85,257.68
4409,32.7,1649795,26.75,12.95,507.66
4410,41.3,384369,6.7,3.95,70.3
4411,41.7,86756,34,8.35,343.95
4412,28.4,59372,40.6,7.9,550.48
4413,40.5,16806,23.65,12.8,173.1
4414,31,182871,25.25,9.15,261.65
4415,39.2,85586,25.85,9.4,184.11
4416,41.5,7657,45.6,21.15,32.65
4417,41.2,23946,27.75,9.25,179.26
4418,41.9,167680,10.2,8.4,125.24
4419,44.3,36795,32.95,6.1,155.57
4420,39,22237,11.6,9.7,215.87
4421,41.4,59161,20.55,7.3,107.88
4422,38.6,12168,24.8,19.6,
4423,43.8,171908,19.3,6.9,299.62
4424,38.3,22189,21.55,12.4,254.24
4425,37.1,22851,35.45,10.1,521.18
4426,34.8,53474,53.4,20.45,264.71
4427,37.1,49168,25.3,9.4,193.78
4428,34.3,9801950,23.4,11,510.19
4429,43,11977,33.8,10.4,304.68
4430,41,623245,6.55,5.2,120.17
4431,38.8,75188,36.6,12.05,502.24
4432,41.9,33080,14.8,8.1,126.28
4433,33.7,1528559,36.4,18.45,1216.14
4434,43.1,4730,26.05,7.45,176.43
4435,35.5,558080,20.55,9.55,342.01
4436,40,40209,30.55,10.35,149.26
4437,39.5,302083,24.25,8.3,266.27
4438,35.9,75292,24.4,13.35,401.59
4439,40.7,40681,37.4,18.15,426.9
4440,40.7,178724,22.15,9,267.2
4441,41.9,35817,30.1,8.3,578.5
4442,34.9,523856,15.05,6.65,162.06
4443,40.1,26894,16.15,11.8,174.16
4444,36.9,13515,50.15,30,322.68
4445,46,9275,37.7,14.65,42.7
4446,33.6,42387,30.85,6.8,524.95
4447,31.3,133059,24.95,13.95,666.43
4448,34.6,546737,11.25,8.85,315.7
4449,43.5,7042,8.85,11.3,257.17
4450,34.6,46629,40.4,17.35,835.35
4451,40.1,10600,64.3,28.3,285.05
4452,41.1,17346,21.95,23.2,72.13
4453,52.3,21958,19.9,8.5,133.67
4454,40.9,15614,21.8,7.9,272.24
4455,37.4,52588,19.1,10.95,628.47
4456,38.3,460436,23.45,7.8,355.67
4457,34.8,423294,17.8,5.9,331.97
4458,36,24557,25.6,9.2,158.91
4459,46.5,25982,33.65,8.2,174.96
4460,32.9,23293,39.35,21.9,29.67
4461,32.2,26861,60.95,22.85,725.81
4462,45.2,297440,22.45,5.7,396.44
4463,43.6,38648,25.7,7.9,129.44
4464,48.4,15784,27.6,11.45,169.41
4465,33.4,51405,11.65,4.85,123.88
4466,31.7,39192,30.95,10,637.47
4467,42,26068,32.5,15.8,364.08
4468,41,8348,63.85,31.05,346.06
4469,50.6,18757,30.9,9.75,315.93
4470,32.6,15399,40.8,20.7,338.67
4471,39.1,34631,12.3,9.15,37.3
4472,39.2,41594,19.15,7.55,183.25
4473,24.3,43284,15.65,6.3,126.55
4474,42.6,72390,30.9,9.5,547.6
4475,37.7,280425,24.2,11.1,546.1
4476,31.8,43211,11.15,3.65,138.64
4477,51.7,373447,20.35,6.65,387.38
4478,37.2,25646,29.85,16.4,152.39
4479,32.6,202595,37.2,15.5,763.39
4480,39.9,32179,31.1,9.25,353.17
4481,40.9,59143,18.7,9.8,174.76
4482,43,53711,21.55,8.65,98.26
4483,38,21271,22.15,6.55,97.48
4484,41,18421,28.4,17.85,211.66
4485,33.9,207016,8.3,9.7,154.86
4486,42.6,178499,11.95,5.25,257.4
4487,40.5,113108,18.8,6.9,120.47
4488,39,27440,38.45,17.7,64.91
4489,42.3,78653,28,9.6,428.58
4490,37.2,52867,35.3,15.5,682.49
4491,43.8,54900,33.2,8.35,149.05
4492,40.7,116577,28.05,9.1,176.69
4493,41.9,47225,8.2,6.55,267.8
4494,38.2,286420,10.15,8.35,179.75
4495,42.2,12060,23.85,7.35,126.78
4496,38.9,52245,31.15,11.85,532.68
4497,44.2,41420,23.2,7.8,309.01
4498,40.1,13843,49.6,15.85,165.04
4499,39.4,16939,17.4,5.7,332.94
4500,39.3,83183,17.2,7.1,143.53
4501,40.3,21744,18,12.3,580.2
4502,44.5,37241,18.1,7.6,137.85
4503,43.3,62474,16.35,8.5,159.32
4504,34.6,112850,25.55,7,511.3
4505,36.8,19941,39.3,24.3,
4506,27.4,240669,44.85,25.9,520.63
4507,43.4,16744,24.15,10.25,
4508,32.3,2375632,29.5,10.6,498.24
4509,32.3,126257,30.95,19.55,670.3
4510,43.3,38552,23.75,12.4,78.42
4511,33.8,108953,37.25,12.85,369.48
4512,43.9,39678,36.75,13.5,494.9
4513,37.4,41099,29.1,16.3,452.44
4514,38.3,245756,17,5.8,241.04
4515,35,45023,14.9,9.25,301.16
4516,38.8,38150,18.35,7.6,248.19
4517,42.3,192343,28,8.5,499.14
4518,39.6,19018,26.45,18.85,251.78
4519,40.5,15629,31,11.85,70.29
4520,30.2,48936,12.55,5.55,125.51
4521,42.6,18006,20.85,7.7,35.12
4522,42.9,17951,17.55,9.3,307.09
4523,44.8,8320,24.35,24.15,167.89
4524,37.9,22048,36.25,16.8,266.89
4525,32.1,48206,33.15,25.85,191.52
4526,44.1,42236,20,9.9,137.89
4527,39.7,13396,14.9,7.55,229.72
4528,40.5,22716,38.25,19.4,372.4
4529,40.7,61500,28.45,17,112.23
4530,37,73633,14.05,8.85,219.12
4531,39.7,129479,24.4,11.2,603.29
4532,37.2,34661,21.8,7.75,318.86
4533,39.5,16855,26.55,13,196.08
4534,29.6,17878,43.55,13.85,311.4
4535,37.4,34592,29.55,14.05,132.36
4536,36.3,409161,34.25,12.95,654.28
4537,46.3,196587,28.1,7.2,209.88
4538,36.7,54385,7.05,4.2,70.7
4539,43.9,35843,25.8,16.5,193.29
4540,34.2,122251,18.1,9.3,403.59
4541,43.2,29889,29,13.1,290.87
4542,31.4,22474,21.95,7.35,147.46
4543,43.8,11158,30.1,17.25,269.81
4544,48.5,31694,35.4,6.95,323.64
4545,25.1,45650,33.7,10.6,201.32
4546,44.7,5285,9.2,8.15,18.82
4547,41.4,295951,4.55,5.9,118.2
4548,36.4,27894,21.8,10.45,102.51
4549,39.8,24768,35.1,13.25,154.61
4550,44.4,17966,26.8,14.8,88.16
4551,40.7,61738,13.15,5.15,298.67
4552,42.8,11863,27.8,15.4,226.03
4553,43.5,8745,30.1,15.7,99.65
4554,31.6,726326,26,18.85,960.21
4555,36.3,121900,16.05,9.75,219.32
4556,41.2,182001,17.2,6.85,216.85
4557,45.7,17378,16.2,11.4,83.44
4558,51.9,15532,20.6,5.75,88.79
4559,41.8,14720,16.8,9.8,300.32
4560,39.6,35070,27.8,10.75,291.22
4561,38.1,81941,19.95,11.25,119.14
4562,38.5,32104,51.65,26.3,99.01
4563,38.6,13101,35.25,29.65,71.32
4564,33.9,247692,24.9,7.85,429.79
4565,38.6,28511,33.4,11.5,299.28
4566,37.2,42957,27.15,11.95,692.29
4567,46.8,97913,11.35,4.75,293.25
4568,41.4,43202,29.95,10.2,202.25
4569,36.1,16618,20.05,17.65,365.69
4570,26.1,44457,26.6,6.05,178.62
4571,48.5,70806,25.9,5.6,276.18
4572,35.8,277458,2.75,2.45,127.52
4573,40.1,18515,18.75,8.9,223.05
4574,36,219767,11,5.75,755.07
4575,34.5,630149,31.6,17.8,1485.08
4576,32.4,279919,18.7,6.75,404.67
4577,37.6,95918,10.6,6.95,123.87
4578,40.1,20643,44.8,14.85,437.78
4579,41.6,108262,30.3,6.65,31.19
4580,38,99319,30.7,11.55,534.04
4581,53.5,139698,30.65,7.9,342.59
4582,40.9,28492,40.2,9.9,385.4
4583,38,42596,26.85,6.85,397.71
4584,38.3,112625,13.45,7.95,157.81
4585,39.2,40975,11.3,10.55,125.64
4586,41.9,15821,25.9,16.1,190.13
4587,32.8,345399,15.1,5.95,323.91
4588,41.9,57852,13.35,4.35,125.28
4589,40.1,77145,12.3,7.05,175.59
4590,34.4,31898,22.6,7.1,47.83
4591,41.6,16280,33.65,11.6,232.45
4592,37.7,35569,31.15,8.45,25.42
4593,40.5,86031,12.15,6.1,165.79
4594,43.1,28589,11.4,7.55,131.06
4595,42.7,9162,7.25,17.5,104.18
4596,48.7,27843,14.3,5.25,39.56
4597,34.3,294888,3,4.25,93.32
4598,38.1,112112,16.8,7.45,229.54
4599,41.6,8826,28.65,22.8,178.56
4600,35.2,113064,15.25,9.1,193.03
4601,61.4,82469,24.85,5.1,223.37
4602,42.2,9211,15,17.8,42.96
4603,38.8,14021,32.8,15.55,282.31
4604,36.7,217712,20.8,8.55,572.06
4605,47.2,34623,27.2,10.4,95.58
4606,39.4,17503,19.95,26.3,
4607,40.7,1346836,6.75,4.8,173.7
4608,40.3,41979,15,6.2,82.63
4609,41.8,16097,17.65,8.25,119.17
4610,51.8,24864,40.85,7.55,188.43
4611,35.3,29812,36.05,16.85,
4612,40,63862,24.35,7.15,445
4613,40.3,80333,29.25,9.6,223.57
4614,48.9,142554,22.1,5.75,287.5
4615,49,45963,27.9,9.6,335.51
4616,32.7,32886,4.2,7.2,92.03
4617,29.1,22800,31.9,8.75,416.52
4618,39.2,28673,31.9,10.4,204.97
4619,40.2,23871,10.75,7.65,96.43
4620,30.6,226608,17.1,6.75,223.16
4621,41.9,30791,16.15,13.2,125.81
4622,33.4,2112972,19.4,7.9,314.54
4623,39.3,22698,14.5,7.5,312.79
4624,40.4,66032,21.75,7.5,261.18
4625,40.9,14600,45.55,16,220.44
4626,36.1,156821,22.6,8.15,603.91
4627,39,45762,31.25,9.1,141.59
4628,37.3,59811,25.55,7.25,41.17
4629,42.2,28794,19.5,7.25,76.88
4630,39.9,16130,38.35,23.85,62.06
4631,36.9,307122,9.7,4.45,148.52
4632,40.8,92715,17.05,7.35,159.36
4633,41.5,47956,21.95,5.75,161.89
4634,35.7,81504,32.05,12.1,157.4
4635,40,29118,33.25,12.05,36.39
4636,29.5,157239,18.25,4.7,423.05
4637,36.3,94585,28.1,10.5,179.81
4638,31.8,27902,11.95,9,279.44
4639,36.9,42889,18.7,14.25,120.77
4640,49.8,21638,23.65,6.25,56.97
4641,35.7,102645,11.3,8.1,286.15
4642,44.5,60196,39.75,10.85,626.74
4643,41.3,31849,17.05,10.6,267.31
4644,45.6,28610,20.8,7.95,212.03
4645,35.4,92177,18.05,11.1,141.61
4646,36.1,16696,17.5,8.6,239.97
4647,34.2,36613,19.25,8.5,126.83
4648,39.5,474048,15.8,5.65,381.79
4649,39.7,37923,23.05,8.6,75.69
4650,37.6,21043,33.3,19.15,739.9
4651,37.1,101613,17.9,7.15,215.56
4652,32.8,10257,52.4,25.95,640.19
4653,29,30801,14.75,9.45,184.19
4654,40.8,42532,20,9.35,
4655,38,45208,12.45,4.8,155.59
4656,38.5,71655,17.9,6.9,74.63
4657,44.3,9564,18.5,15.2,62.75
4658,38.4,52144,8.3,7.45,138.19
4659,40.7,18344,16.85,5.7,169.45
4660,29.9,63566,41.9,11.85,450.31
4661,36.2,197013,17.15,7.25,195.67
4662,42.9,7804,55.75,6.4,270.14
4663,31.6,167281,29.1,14.05,326.13
4664,42.7,10611,15.5,11.35,61.41
4665,35.1,115662,11.55,7.6,189.36
4666,38.5,22454,41.55,23.45,356.47
4667,37.6,8522,58.25,23.4,
4668,45.9,24737,20.15,8.7,159.48
4669,52.6,12610,23.4,4.8,113.62
4670,29,104719,16.3,4.45,230.86
4671,38.1,115770,30.4,11.1,553.33
4672,46.5,12157,63.35,21.35,223.81
4673,38.9,41384,21,13.85,541.07
4674,33.4,213270,22.05,12.75,698.84
4675,40.8,18448,41.45,14.3,240.38
4676,36,495009,24.55,13.15,489.01
4677,41.8,41404,26.5,9.5,93.65
4678,41.3,25369,32.95,12.85,288.29
4679,37.1,74865,14.1,8.9,476.94
4680,46.1,14295,37.2,12.65,311.38
4681,39.7,18673,25.3,16.5,313.22
4682,39.2,34512,26.6,10.55,183.62
4683,36.9,24422,35.85,16.1,438.82
4684,34,397558,9.9,4.95,137.72
4685,39.7,22929,42.65,20.45,541.12
4686,30.2,394695,49.35,25.35,319.26
4687,44.2,10336,10,11.7,88.2
4688,35.7,71129,33.5,13,357.82
4689,38.9,95435,32.45,10.6,333.04
4690,42.3,23723,31.15,9.95,271.36
4691,40.4,5389,21.7,20.7,83.38
4692,35.6,74397,21.6,10.35,268.97
4693,38.4,7618,54.95,19,343.25
4694,43,44404,32.35,9.35,524.18
4695,37.2,74976,21.6,6.4,246.61
4696,39.5,39010,34.9,18.3,753.71
4697,36.1,26296,31.3,11,206.2
4698,41.2,107774,22,8.35,309.4
4699,40,21577,34.5,10.5,156.12
4700,33.2,30027,48.3,32.85,503.2
4701,40.2,788090,7.1,5.8,194.35
4702,38.9,39073,8.95,12.7,324.15
4703,41.6,17685,40.35,18.85,268.92
4704,36.9,440749,24.35,9.5,589.08
4705,31.9,34438,35.15,10.85,284.6
4706,39.4,19411,21.4,15.25,535.38
4707,41.1,32269,15.6,14,99.16
4708,44.2,26023,22.65,6,167.35
4709,39.1,15422,40.45,13.4,489.86
4710,37.6,10439,63.1,26.6,1102.47
4711,38.2,92849,14.6,7.85,247.52
4712,38.7,95151,34.65,11.05,661.39
4713,40.4,53692,14.6,6.7,144.71
4714,34.2,124698,6.65,5.1,145.08
4715,40.6,10449,47.55,14.05,113.24
4716,36.5,18014,41.75,19.8,638
4717,41.4,21532,21.35,10.25,127.28
4718,43.3,71599,15.8,7.95,371.87
4719,38.7,34191,16.8,5.35,339.56
4720,38.9,26135,31.45,24.15,491.47
4721,42.1,95766,11.45,6.8,36.53
4722,38.8,229636,13.1,9.15,221.74
4723,38,42353,31.1,10.5,139.45
4724,25.1,68481,23.6,6,167.86
4725,38.8,131933,13.45,8.15,144.19
4726,46.8,47704,18.1,6.55,146.67
4727,39.8,270119,10.75,5.7,386.59
4728,41.2,21053,29.25,11.45,394.18
4729,44.6,47087,27.55,10.05,147.84
4730,41.8,23719,33.8,21.2,797.25
4731,44.3,22974,24.55,22.65,135.23
4732,40.7,21965,44.5,12.4,
4733,42.9,13577,30.5,18.15,291
4734,39.1,81275,37.55,9.4,567.75
4735,38.8,110232,12.15,8.2,431.35
4736,26.8,45188,25.85,12.05,
4737,31.8,88022,12.5,7.65,174.5
4738,40.6,30138,56.85,18.05,106.09
4739,33.1,148405,13.2,11.1,193.34
4740,39.2,81619,23.7,8.95,244.33
4741,42.4,239947,31.75,10.05,369.06
4742,41.1,1222910,20.1,9.3,442.47
4743,42.2,25242,42.1,16.05,88.87
4744,39.1,38016,36.75,14.45,616.06
4745,36.7,12111,62.1,23.45,212.15
4746,39.2,24864,21.8,9.35,68.97
4747,38.3,42986,25.55,12.5,156.96
4748,34.6,37069,30.75,7.35,210.46
4749,38.4,197277,16.75,11.05,262.88
4750,40.6,88495,28.3,7.8,203.77
4751,37.6,19647,51.55,18.95,557.65
4752,34.5,74904,21.45,11.15,259.45
4753,40.7,24307,38.7,14.55,159.33
4754,40.6,36558,30.35,8.05,53.72
4755,38.7,29957,28.35,12.15,299.99
4756,37.1,31327,32.25,15.1,456.56
4757,36.7,13114,51.45,19.15,64.06
4758,41,27189,33.25,9.5,186.49
4759,32.8,247033,37.4,14.2,715.71
4760,36.8,10039,49.6,14.2,
4761,40.1,21118,33.9,17.55,449.4
4762,36.2,52077,21.15,8.75,302.91
4763,41.4,5376,35.75,7.2,142.03
4764,39.7,531784,13.4,5.05,237.63
4765,37.6,150608,8.6,4.2,
4766,25.9,63915,41.15,10.6,101.67
4767,40.5,31708,29.05,14.65,319.16
4768,39.3,834723,13.6,7.2,315.7
4769,42.6,14538,29.8,13.55,210.11
4770,43.1,32132,22.05,9.65,524.21
