location_id,less_than_high_school_diploma,at_least_high_school_diploma,at_least_bachelorss_degree,graduate_degree,school_enrollment
3000,9,91,31.1,11.2,74.2
3001,32.4,67.6,14.6,4.6,68.95
3002,13.9,86.1,20,5.5,77.2
3003,22.3,77.7,13.6,5.8,70.4
3004,12.8,87.2,13.2,3.5,75.25
3005,30.4,69.6,11.8,4.2,68.9
3006,13.9,86.1,14.7,4.7,74.75
3007,20.9,79.1,16.4,5.7,72.35
3008,8.5,91.5,39.6,12.2,80.9
3009,23.1,76.9,12.5,3.1,71.45
3010,13.5,86.5,20.2,7.8,79.95
3011,14.2,85.8,18.3,6,72.2
3012,22.2,77.8,13.2,5.7,73.85
3013,8.1,91.9,29,11.9,81.25
3014,10.9,89.1,25.4,8.5,73.25
3015,21.8,78.2,19.9,7.4,75.05
3016,18.5,81.5,18.2,6.9,69.4
3017,7.9,92.1,33.6,10.9,80.65
3018,10.3,89.7,32.6,11.3,79
3019,17.4,82.6,15.9,5.5,67.4
3020,12.3,87.7,23.2,8.7,72.55
3021,11.1,88.9,30.1,10.3,74.55
3022,20,80,15.6,5.2,70.95
3023,24.3,75.7,11.2,3.6,75.4
3024,9.3,90.7,19.6,6.6,71.65
3025,18,82,14.9,5.4,68.6
3026,12.6,87.4,44.5,22.1,83.8
3027,28.1,71.9,10.4,3.6,72.45
3028,11.6,88.4,24.7,8.1,78.05
3029,26,74,11.6,3.5,73.15
3030,21.3,78.7,12.6,4,71.3
3031,15.5,84.5,31.8,13.8,86.7
3032,27,73,12.5,3.6,73.3
3033,21.5,78.5,12,3.5,73.05
3034,15,85,20.2,6.8,73.9
3035,13.7,86.3,14.7,5.3,75.8
3036,18.9,81.1,17.6,7.2,74.15
3037,6.1,93.9,36,9.4,80.3
3038,7.3,92.7,49.8,21.8,85.2
3039,14.3,85.7,19.2,8.4,65
3040,19.2,80.8,20.8,7.6,77.55
3041,25.3,74.7,14.5,4.4,75.35
3042,15.7,84.3,17.5,6.9,72
3043,13.8,86.2,19.4,6.4,75.35
3044,8.9,91.1,35.5,12.9,81.05
3045,8.2,91.8,26.8,9.7,74.4
3046,5.8,94.2,42.3,18.8,79.65
3047,14.4,85.6,24.4,7.5,71.25
3048,9.8,90.2,22,6.7,77.7
3049,28.6,71.4,12.4,5.3,75.35
3050,9.3,90.7,39.1,15.6,81.4
3051,9.7,90.3,28.4,11,77.3
3052,21.6,78.4,15.4,5.8,74.6
3053,4.9,95.1,49.7,16.4,63.9
3054,7.7,92.3,41.2,20.7,84.95
3055,25,75,9.3,2.8,67.95
3056,12.1,87.9,19.2,6.8,77.3
3057,9.3,90.7,37.6,17.8,79.35
3058,12.8,87.2,24.8,8.2,77.05
3059,10.5,89.5,26.9,8.9,76
3060,20.8,79.2,16.2,5.3,64.5
3061,15.8,84.2,15.1,5.5,76.15
3062,19.1,80.9,16.5,4.1,77.3
3063,7,93,30.1,9.5,78.45
3064,39.8,60.2,15.1,4.4,76.8
3065,17,83,16.9,6.5,72.25
3066,14.8,85.2,17.4,6.6,76.5
3067,21.7,78.3,12.4,2.7,73.9
3068,10.5,89.5,20.5,5.8,76.1
3069,9.3,90.7,18.7,5.3,79.75
3070,25.2,74.8,10.6,3.1,64.2
3071,13.2,86.8,14.1,4.3,73
3072,11.8,88.2,16.1,4.5,77
3073,21.6,78.4,13.2,1.8,76.5
3074,13.9,86.1,20,6,76.1
3075,13.9,86.1,17.6,5.8,72.05
3076,18.1,81.9,20.1,6.4,74.3
3077,6.75,43.25,24.6,13.6,38
3078,11.6,88.4,19.6,8.4,77.7
3079,16.9,83.1,22.2,9.2,82.65
3080,7.3,92.7,44.8,17.1,81.15
3081,13.9,86.1,19.5,5.6,75.3
3082,5.2,94.8,29.8,11.3,66.25
3083,10.9,89.1,19.4,4.6,77.25
3084,10.2,89.8,32.6,13.8,79.9
3085,12.8,87.2,13.7,4.3,76.1
3086,18,82,31.6,12.3,79.55
3087,9.1,90.9,17.9,4.5,66.6
3088,3.2,96.8,45.6,14.6,70.95
3089,15.3,84.7,25.1,8.7,76.2
3090,16.1,83.9,15.8,6.6,72.9
3091,31.3,68.7,11.9,4.7,74.9
3092,21.9,78.1,16,6,72.95
3093,18.8,81.2,17.9,5.4,74.7
3094,27,73,9,2.9,70.8
3095,24.4,75.6,6.3,2,67.5
3096,12.8,87.2,35.8,18.3,83.35
3097,26.6,73.4,11.1,3.8,74.15
3098,28.5,71.5,8.2,3.3,70.85
3099,18.4,81.6,16.5,4.8,76.75
3100,12.7,87.3,21,7.5,78
3101,22,78,9.3,2.8,71.55
3102,14.4,85.6,17.5,7,76.5
3103,7.4,92.6,38.4,14.1,74.9
3104,24.2,75.8,13.3,3.9,75.05
3105,14.4,85.6,11.3,4.8,74.7
3106,23.2,76.8,12.2,3.9,74.15
3107,18.9,81.1,13.7,3.4,75.8
3108,7,93,34.1,10.9,81.2
3109,8,92,27.9,10.1,75.75
3110,33.8,66.2,10.7,3.6,71.25
3111,14.8,85.2,19,6.4,73.35
3112,19.3,80.7,9.6,5.2,54.7
3113,19.4,80.6,19.4,5.7,78.5
3114,23.1,76.9,9,3.3,71.35
3115,20.1,79.9,14.7,6,65.3
3116,30.1,69.9,11,3.8,75.75
3117,10.6,89.4,18.3,5,76.9
3118,15.8,84.2,12.9,4.4,73.9
3119,20.6,79.4,12,4.5,71.55
3120,15.6,84.4,13.3,4.3,72.3
3121,27,73,10.9,3.6,71.25
3122,35.3,64.7,8,5.8,66.55
3123,9.9,90.1,26.7,8.5,77.3
3124,15.7,84.3,31.2,11.9,79.85
3125,25.5,74.5,12,4.4,65
3126,8.2,91.8,18.6,4.5,74.9
3127,18.1,81.9,18,5.6,72.05
3128,22.5,77.5,15.7,5.5,80.15
3129,14.9,85.1,15.9,7.4,74.45
3130,6.6,93.4,40.4,12.6,82.5
3131,11.6,88.4,37.5,14.7,75.75
3132,11.1,88.9,23.5,8,71.25
3133,22,78,12.1,4.8,76.5
3134,29.1,70.9,17.3,5.8,80.15
3135,7,93,23.8,5.6,76.95
3136,12.4,87.6,22.6,7,77
3137,12.3,87.7,31.7,14.3,80.35
3138,24.3,75.7,11.9,4.5,75.35
3139,13.1,86.9,20.5,7.1,76.3
3140,7.7,92.3,25.8,6.9,76.3
3141,13.5,86.5,16.3,5.2,74.5
3142,13,87,31.1,12.8,76.65
3143,27.4,72.6,6.2,3.2,64.7
3144,15.8,84.2,13.5,4.4,70.45
3145,26.3,73.7,13.3,5.1,74.4
3146,7.3,92.7,28,10,71.4
3147,13.5,86.5,18.6,5.8,78.85
3148,22.6,77.4,13,4.4,74.6
3149,15.9,84.1,23.5,7.5,77.1
3150,23.4,76.6,11.1,3.9,74.25
3151,14.2,85.8,10.5,3.7,76.1
3152,28,72,15.2,4.5,66.7
3153,15.5,84.5,15.6,5,60.4
3154,7.7,92.3,20.8,6.2,76.35
3155,15,85,16.5,6.1,75.05
3156,7.2,92.8,25.7,7.2,77.3
3157,15.5,84.5,17.1,6.1,73.15
3158,12.6,87.4,23.9,8.8,78.35
3159,7.5,92.5,29.5,9.3,82.1
3160,21.6,78.4,11.4,5.9,74.85
3161,13.3,86.7,13.1,3.8,74.55
3162,15,85,14.1,3.3,79.65
3163,18.2,81.8,17.3,6.6,79.65
3164,11.9,88.1,35,10.9,78.1
3165,12,88,24.7,8.9,80.4
3166,22.2,77.8,13.5,5.2,74.9
3167,37.8,62.2,8.3,2.8,66.25
3168,9.8,90.2,17.6,6.4,73.2
3169,11,89,24,7.5,76.15
3170,29,71,19.3,6.4,78.15
3171,25.8,74.2,12.8,3.5,69.75
3172,30.8,69.2,11.1,5,71.95
3173,25.9,74.1,11.6,3.8,69.15
3174,23.6,76.4,13.7,5,72.65
3175,12.3,87.7,22.5,7,78.65
3176,27.4,72.6,7.6,3.6,70.8
3177,15.8,84.2,25.9,10.8,77.65
3178,20.4,79.6,21.8,7.5,76.8
3179,9.7,90.3,21.4,7.2,76.2
3180,11.6,88.4,34.8,15.1,81.5
3181,24.8,75.2,13.4,4.8,73.5
3182,12.5,87.5,18.5,6.2,74.1
3183,9.6,90.4,32.3,12,80.7
3184,13.7,86.3,18.3,5.5,70.6
3185,10,90,25.6,7.3,76.5
3186,24,76,14.3,4.5,71.65
3187,18.3,81.7,27.4,9.8,76.1
3188,33,67,12.5,4.1,75.9
3189,24.6,75.4,13.5,3.6,73.65
3190,7.5,92.5,31.9,10.9,73.35
3191,20.7,79.3,17.3,5.9,73.8
3192,33.8,66.2,10.5,2.9,68.5
3193,14.1,85.9,26.3,9.1,79.25
3194,16.9,83.1,28.3,10.8,82.95
3195,11.7,88.3,30.1,11,70.9
3196,13.3,86.7,27.7,11.7,82.05
3197,11.2,88.8,25.1,9.3,79.7
3198,14.1,85.9,40.3,16.3,80.9
3199,16.4,83.6,17.8,4.5,73.9
3200,25.3,74.7,12.5,4.2,72.5
3201,15.7,84.3,22,7.9,75.65
3202,10.2,89.8,18.4,4.7,70.9
3203,27,73,13.8,4.3,73.35
3204,9.3,90.7,18.3,5.8,78.75
3205,20.6,79.4,15.8,5.7,74.8
3206,24.8,75.2,9.1,2.9,71.75
3207,11.7,88.3,25.1,11.4,81.1
3208,13.9,86.1,17.2,6.2,65.85
3209,13.6,86.4,19.2,7.1,74.65
3210,24.7,75.3,16.3,5.1,75.9
3211,20.5,79.5,22.6,6.8,80.75
3212,25.9,74.1,11.6,3,74.45
3213,20.2,79.8,17.7,6.1,80.15
3214,19.9,80.1,16.9,5.1,73.75
3215,34.5,65.5,9,2,72.9
3216,23.6,76.4,8.6,3.9,63.5
3217,22.3,77.7,22.9,8.9,72.35
3218,14,86,30.2,12.4,78.3
3219,14.2,85.8,26.9,9.2,77.75
3220,18.7,81.3,15.8,5.9,73.5
3221,17.8,82.2,13.1,5,71.65
3222,23.9,76.1,12.6,2.8,76.85
3223,9.6,90.4,24.9,9.2,80.55
3224,13.9,86.1,11.4,4.2,63.6
3225,14.3,85.7,18.7,5.7,74.8
3226,10.7,89.3,28.6,8.8,83.2
3227,12.2,87.8,20.4,6.8,78.35
3228,25.9,74.1,13.3,6.3,76
3229,10.1,89.9,14.1,4.6,75.75
3230,16.8,83.2,13.8,4.6,74.8
3231,21,79,13.5,4.5,66.9
3232,17.3,82.7,15.9,7,75.45
3233,12.8,87.2,17.2,6.3,75.05
3234,24.6,75.4,13.2,4,70.95
3235,20.6,79.4,14.8,4.9,72.6
3236,24.5,75.5,9.7,4.2,71.95
3237,17.9,82.1,14.3,4.8,78.75
3238,10.7,89.3,14.9,5.6,76.25
3239,11,89,24.2,8.2,79.6
3240,10.5,89.5,30,10.9,78.4
3241,25,75,14.4,4.5,70.55
3242,13.4,86.6,24.2,10,80.95
3243,19.4,80.6,18,6,76.9
3244,10.2,89.8,16.2,4.9,80.5
3245,15.8,84.2,25.9,7.8,72.9
3246,7.9,92.1,25.6,8.1,76.85
3247,9.7,90.3,27.3,7.7,78.75
3248,8.8,91.2,32.3,12.5,82.5
3249,11.7,88.3,18,4.8,77.25
3250,28.2,71.8,10.8,3.7,73.85
3251,7.2,92.8,38.7,13.6,80.5
3252,11.5,88.5,41.3,16.5,79.2
3253,11.3,88.7,28.1,10.3,78.3
3254,29.7,70.3,10.7,4.2,70
3255,26.2,73.8,11,3.7,74.3
3256,19.9,80.1,24.7,8.1,78.7
3257,30.1,69.9,11.8,3.3,67.3
3258,16.4,83.6,12.6,5.1,73.35
3259,15.2,84.8,30.8,11.9,73.75
3260,7.1,92.9,35,11.1,75.65
3261,14,86,14.4,6,71.8
3262,13.3,86.7,18,5.7,73.3
3263,32.5,67.5,8.6,2.5,72.3
3264,27.3,72.7,12.9,4.6,69.2
3265,17,83,12.7,3.5,72.25
3266,20.2,79.8,11.8,4.1,79.25
3267,21.6,78.4,18.1,6.8,77.95
3268,12.3,87.7,27.5,8.9,75.95
3269,8.2,91.8,54.1,22.7,83
3270,16.4,83.6,9,3.4,76.7
3271,23.8,76.2,11.7,4.5,69.05
3272,31.4,68.6,12.3,3.7,80.25
3273,7.6,92.4,31.5,9.3,79.15
3274,19.2,80.8,14.3,4.8,76.25
3275,25.7,74.3,11.2,3,72.6
3276,14.2,85.8,18.3,6.7,73.85
3277,15.2,84.8,12.9,3.1,73.45
3278,25.9,74.1,18,4.8,77.1
3279,15.7,84.3,25,8.2,71.1
3280,4.7,95.3,47.2,19.3,84.5
3281,13.3,86.7,24.6,8.9,73.95
3282,14.4,85.6,12.9,3.9,73.55
3283,12,88,16,5.3,78.75
3284,14.2,85.8,18.9,6.6,76.65
3285,10,90,35.8,12,77.95
3286,7.8,92.2,32,12.2,75.55
3287,19.7,80.3,34.6,12.2,76.1
3288,29.7,70.3,11.3,3.5,70.45
3289,21.7,78.3,13.9,4.4,73.05
3290,17.6,82.4,14.7,4.3,73.6
3291,13.4,86.6,18,6,78.65
3292,13.2,86.8,31.8,11.7,77.55
3293,9.5,90.5,22,7.3,77.85
3294,14.8,85.2,21,8.3,76.75
3295,16.2,83.8,27.4,11.9,80.8
3296,14.9,85.1,27.8,8.9,77.7
3297,7.7,92.3,25.4,8.5,81.4
3298,22.2,77.8,28.8,10.8,77.75
3299,23.1,76.9,11.2,4.9,70.15
3300,13.3,86.7,19.3,5.6,73.9
3301,8.2,91.8,29.6,10.9,73.8
3302,10.2,89.8,23.7,7.3,79.05
3303,9.5,90.5,28.8,9.4,80.6
3304,41.1,58.9,7.5,4.1,75.8
3305,11.8,88.2,26.4,8.9,74.1
3306,21.6,78.4,9.4,3.5,75
3307,24.8,75.2,10.7,3.3,72
3308,18,82,18.4,6.7,79.9
3309,15.5,84.5,12.2,4.5,74.35
3310,12.1,87.9,14.3,6.7,71.25
3311,15.2,84.8,18.4,7.2,75.35
3312,23.6,76.4,17.4,5.4,79.5
3313,19.4,80.6,14.9,5.4,73.05
3314,9.7,90.3,24.2,8,77.45
3315,21.3,78.7,11.8,3,61.95
3316,12.5,87.5,25,11.5,72.95
3317,21.2,78.8,11.8,4.4,73.45
3318,17.9,82.1,20,7,77
3319,9.3,90.7,24.4,8.6,76.8
3320,24.3,75.7,9.4,4.5,74.25
3321,30.6,69.4,12.7,3.6,74.45
3322,8.6,91.4,35.8,13.9,79.85
3323,4.4,95.6,51.1,17.9,81.55
3324,12.7,87.3,12.9,4.3,72.2
3325,22.2,77.8,11.1,3,77.85
3326,12.4,87.6,26.8,8.7,74.95
3327,18.7,81.3,14.3,4.3,73.2
3328,12.8,87.2,24.9,8,73.85
3329,9.4,90.6,19.8,6.1,72.15
3330,17.8,82.2,14.7,5.5,68.8
3331,20.5,79.5,19.3,5.3,74.05
3332,13.6,86.4,15.5,5.5,74
3333,9,91,17,4.9,76.55
3334,30.5,69.5,17.2,5.7,72.1
3335,8.7,91.3,22,6.3,74.25
3336,8,92,19,5.7,75.9
3337,6.5,93.5,32.6,10.5,80.3
3338,10.3,89.7,18.9,7.4,80.2
3339,9.5,90.5,34.7,14.5,81.45
3340,13.3,86.7,17.9,7.3,76.05
3341,12.6,87.4,37.5,13.4,74.75
3342,23.3,76.7,17.5,5.3,76.8
3343,9.3,90.7,24,8,72.25
3344,16.3,83.7,16.6,6.1,75.95
3345,14.1,85.9,25.3,10.5,81.7
3346,14.6,85.4,15.7,5.1,73.45
3347,9.4,90.6,21.5,6.7,76.5
3348,11.8,88.2,16.5,5,82.1
3349,14.2,85.8,12.5,3.5,75.1
3350,10,90,35.7,14.8,75.25
3351,30.9,69.1,10.1,4,64.85
3352,15.2,84.8,17.3,5.3,77.3
3353,21.6,78.4,18.7,5.6,75.25
3354,6,94,47.5,19.5,85.05
3355,18.6,81.4,23.5,9.8,83.35
3356,12.1,87.9,26.3,7.4,78.1
3357,20.7,79.3,14.4,4.7,77.35
3358,21.4,78.6,15.2,5.2,72.5
3359,8.1,91.9,22.3,6.3,74.15
3360,6.3,93.7,38,16,84.4
3361,7,93,18.2,4.7,80.25
3362,9.8,90.2,23.1,6.2,78.9
3363,19.6,80.4,10,3.7,77.25
3364,28.9,71.1,14.7,4.8,73
3365,25.3,74.7,12,3.7,69.55
3366,11.9,88.1,20,6.4,76.6
3367,11.3,88.7,15.7,3.7,74.5
3368,16.6,83.4,17.8,6.3,75.55
3369,10.1,89.9,27.7,11,75
3370,15.9,84.1,13.5,4.2,72.5
3371,6.5,93.5,40,18.1,75.75
3372,16.2,83.8,17.7,7,70.75
3373,13.4,86.6,14.5,5.5,73.55
3374,8.4,91.6,22.9,8,71.9
3375,18.1,81.9,23.3,10.1,78.75
3376,30.5,69.5,11.3,3.6,74.05
3377,12.5,87.5,23.7,9,80.2
3378,26.7,73.3,14,3.6,81.45
3379,27.6,72.4,12.5,4,72.05
3380,16.7,83.3,17.3,7.9,71.4
3381,15.7,84.3,21.5,7.1,68.25
3382,12.4,87.6,17.5,6.5,78.4
3383,23.2,76.8,15.3,5.2,77.7
3384,13.1,86.9,30.3,9.6,75.7
3385,8.9,91.1,43.4,18,81.95
3386,12.9,87.1,18.8,6.5,75.75
3387,9.8,90.2,27.1,9.9,78.85
3388,11.9,88.1,18.4,6.9,53.7
3389,16.6,83.4,18.7,6.7,73.25
3390,9.4,90.6,26.2,8.1,71.45
3391,20.4,79.6,15.2,5.8,77.3
3392,13.4,86.6,14.1,4.8,75.2
3393,9.8,90.2,19.2,5.8,76
3394,27.5,72.5,12.5,4.1,74.35
3395,9.5,90.5,34.5,12.1,79.2
3396,18.4,81.6,15.2,5,74.7
3397,24.4,75.6,10.7,3.4,70.85
3398,14,86,19.9,8.5,71.4
3399,13,87,28.2,12.9,77.85
3400,17.2,82.8,18.9,5.8,75.95
3401,17.3,82.7,17.2,4.8,75.1
3402,25.3,74.7,10.7,4.7,71.95
3403,8.3,91.7,29.7,9,78.95
3404,11.6,88.4,32.4,13.1,79.9
3405,14.5,85.5,16.1,5,77.2
3406,14.3,85.7,20.9,7.2,75.9
3407,23.5,76.5,24.7,13.6,78.65
3408,7.6,92.4,24.3,8.5,78.3
3409,23,77,14,4.6,75.15
3410,10.8,89.2,19.2,6.7,75.9
3411,29.7,70.3,8.4,3.7,71.1
3412,26.8,73.2,11.8,4.2,78.6
3413,13.7,86.3,22.6,5.9,79
3414,13.6,86.4,13,6.3,77.15
3415,24.3,75.7,15.1,6.3,71.45
3416,16.3,83.7,13.8,4.1,72.35
3417,26.6,73.4,12.7,3.7,72.35
3418,18,82,10.5,3.1,68.8
3419,23.5,76.5,10.2,4.7,71.95
3420,21.2,78.8,20.9,10.2,85.85
3421,9.7,90.3,23.8,7.7,79.1
3422,18.7,81.3,12.7,4.2,81.8
3423,17.8,82.2,20.9,7.3,70.75
3424,8.5,91.5,30.1,13.1,78.9
3425,17,83,12,5.2,69.9
3426,25.7,74.3,12.5,4.8,73
3427,12,88,27.6,10.7,74.85
3428,24.7,75.3,10.9,4.6,69.45
3429,13.5,86.5,21,8.7,79.8
3430,14.8,85.2,30.9,13.4,82.1
3431,28.1,71.9,13.5,6,67.85
3432,17.8,82.2,30,10.2,76.9
3433,10.9,89.1,38.9,14.2,77.8
3434,24.9,75.1,19.3,7.3,73.05
3435,25.2,74.8,13.3,5.5,76.7
3436,19.4,80.6,17.9,5.6,73.25
3437,28.5,71.5,13.3,4.9,78.35
3438,23.9,76.1,15,6.2,73.6
3439,15.7,84.3,14.9,5.1,74.9
3440,9,91,30.1,10.9,75.25
3441,20.3,79.7,12.4,3.7,72.45
3442,27.3,72.7,10.4,3.7,69.55
3443,29,71,8.8,3.8,72.4
3444,8.4,91.6,32.8,14.5,76.05
3445,23.5,76.5,15.7,5.4,78.45
3446,12.2,87.8,21.2,7.5,73.95
3447,11.2,88.8,24.6,7.8,78.25
3448,13.6,86.4,18.2,7.4,76.35
3449,27.7,72.3,8,2.9,70
3450,26.9,73.1,8.8,3.1,77.25
3451,25.1,74.9,10.6,3.6,68
3452,16.2,83.8,19.3,6.8,78.1
3453,17.8,82.2,11.7,3.6,73.3
3454,42.5,57.5,3.7,1.7,71
3455,11.3,88.7,23.4,9.9,81.35
3456,17.4,82.6,18.5,6.6,74.65
3457,10.7,89.3,17,4.6,79.25
3458,16.9,83.1,23.2,9.2,77.6
3459,13.5,86.5,21.9,8.4,73.2
3460,10.7,89.3,23.3,9.7,84.65
3461,11.4,88.6,32.6,11.1,77.1
3462,12.4,87.6,27.5,10.3,73.5
3463,15.2,84.8,12.4,3.9,76.3
3464,13.8,86.2,41.1,16.7,84.85
3465,11.7,88.3,43.6,19,83.7
3466,27.8,72.2,7.5,3.8,74.45
3467,13.4,86.6,20,5.7,77.8
3468,20.6,79.4,10.8,3.8,73.6
3469,14.2,85.8,18.7,8.6,81.45
3470,11.9,88.1,39.4,20.5,88.5
3471,9.4,90.6,41.3,17.3,82.85
3472,13.3,86.7,18.2,7.3,76.35
3473,6.8,93.2,29.6,8.3,80.05
3474,8.6,91.4,23.2,6.6,73.75
3475,23.9,76.1,10.9,3.7,70.8
3476,15.8,84.2,14,4.8,72
3477,32.5,67.5,10.1,4.4,68.45
3478,13.9,86.1,16.8,6,72.35
3479,11.9,88.1,19,6.7,79.15
3480,9.6,90.4,26.3,8.6,73.65
3481,11.3,88.7,23.8,7.9,82.2
3482,16.3,83.7,23.5,8.6,76.75
3483,16.1,83.9,23.7,9.7,62.7
3484,21.3,78.7,21.2,8.6,76.7
3485,12.7,87.3,14.7,5.2,77
3486,16.7,83.3,23.1,8.4,76.75
3487,13.6,86.4,18.4,5.9,75.5
3488,32.8,67.2,11.9,3.5,73.95
3489,7.1,92.9,29.1,9.8,69.7
3490,11.5,88.5,27.1,10.1,75.35
3491,19.7,80.3,17.4,4.4,80.05
3492,15.6,84.4,27.9,10.5,78.75
3493,24,76,12.8,4,76.65
3494,25.1,74.9,8.9,3.3,70.6
3495,26.6,73.4,11.4,5.7,75.15
3496,9.5,90.5,16.6,6.2,78.7
3497,24.3,75.7,13.3,4.1,71
3498,28.4,71.6,13.3,4.6,69.65
3499,12.3,87.7,14.8,3.6,73.05
3500,30.9,69.1,8,3,67.45
3501,18.2,81.8,13.4,5.2,71.65
3502,13.1,86.9,16.3,4.8,73.75
3503,10.8,89.2,16.1,5.4,76.6
3504,19.6,80.4,13.3,4.9,75.9
3505,7.4,92.6,40,19.2,84.55
3506,21.8,78.2,11.5,3.9,77.65
3507,10,90,22.3,7,70.35
3508,23.4,76.6,14.1,3.2,73.35
3509,10.1,89.9,25.9,9.2,74.7
3510,20.4,79.6,11.6,2.7,74.05
3511,24,76,11.7,2.7,71.7
3512,17.2,82.8,20,6.3,67.75
3513,15.2,84.8,11.6,4.2,70.7
3514,13.8,86.2,20.3,8.9,77.05
3515,18.7,81.3,9,3,70.1
3516,14.5,85.5,27.2,9.7,74.65
3517,7.8,92.2,19.8,7.3,78.15
3518,13.6,86.4,18.6,5.9,76
3519,21.7,78.3,11.3,5.1,72.55
3520,12.9,87.1,15.8,4.2,75.4
3521,25.1,74.9,15.1,4.6,56.2
3522,16.5,83.5,21.4,6.6,76.75
3523,12.6,87.4,19,5.8,77.4
3524,18.3,81.7,17.4,6.2,70.6
3525,14.2,85.8,11.8,3.7,73.45
3526,21.9,78.1,12.7,4.4,76.35
3527,20.7,79.3,12.2,3.5,71.4
3528,16.3,83.7,19.1,5.7,75.35
3529,21.7,78.3,10.7,4.3,71.25
3530,34,66,13.1,4.2,74.65
3531,4.9,95.1,43.1,15.7,83.5
3532,14.3,85.7,12.3,3.3,67.85
3533,10.4,89.6,37,14.4,84.9
3534,9.3,90.7,24.1,9.8,75.95
3535,13,87,19.8,5.4,77.45
3536,13.9,86.1,15.2,4.2,70.55
3537,10,90,20.4,6.4,75.7
3538,15.1,84.9,26.7,9.5,76.95
3539,25.3,74.7,14.5,5,75.15
3540,11.6,88.4,26.5,9.7,67.65
3541,25.9,74.1,11.1,3.7,63.55
3542,8.9,91.1,21.6,8.4,76.25
3543,9.4,90.6,26.2,9.7,79.05
3544,9.3,90.7,33.6,11.1,81
3545,11,89,20,6.8,69.3
3546,10,90,21.3,6.4,74.55
3547,18.9,81.1,13,3.6,70.85
3548,15.3,84.7,19.1,6.3,71.8
3549,26.1,73.9,16.2,4.3,73.2
3550,8,92,37,16.1,83.2
3551,35.7,64.3,8,3.1,70.25
3552,22.1,77.9,10.5,4.5,76.85
3553,17.4,82.6,10.3,4.2,72.8
3554,13.5,86.5,13.5,3.4,75.4
3555,23.7,76.3,14.2,3.4,75.65
3556,16.1,83.9,14.6,4.7,74.25
3557,13,87,27.5,9.1,77.95
3558,10.7,89.3,13.4,3.6,77.45
3559,13.1,86.9,28.5,11.3,76.85
3560,22.7,77.3,14.8,6.1,76.6
3561,18.8,81.2,23.9,6.3,73.15
3562,14,86,12.3,3.8,71.3
3563,18.8,81.2,14.8,5.7,69.75
3564,10.9,89.1,24.3,9.3,81.4
3565,12.3,87.7,32.5,12.4,78.85
3566,22.9,77.1,15.8,6.8,68.05
3567,24.6,75.4,12.3,5.1,70.7
3568,27.5,72.5,10.4,4,71.85
3569,10.6,89.4,23,8.1,80.65
3570,24.3,75.7,12.3,4.2,69.75
3571,11,89,37.5,14.3,74.65
3572,9.4,90.6,19.9,6.2,73
3573,25.3,74.7,9.5,3.7,74.5
3574,7.6,92.4,23,7.8,77.8
3575,25.7,74.3,10.8,3.6,70
3576,8.9,91.1,19.3,5.5,73.1
3577,12.7,87.3,26.9,10,74.35
3578,24.2,75.8,13.4,4.1,76.4
3579,11.1,88.9,24.4,8.9,72.55
3580,13.4,86.6,15.3,5,73.2
3581,26,74,9.2,3.1,65.65
3582,16.3,83.7,17.9,5.9,69.8
3583,13.8,86.2,25.1,9.2,79.95
3584,8.7,91.3,33.8,14.9,76.65
3585,18.1,81.9,14.1,5.1,75
3586,18.1,81.9,17.4,6.3,77.3
3587,25.5,74.5,12.5,4.7,73.3
3588,9,91,30.5,11.9,77.6
3589,11,89,18.7,5.1,72.85
3590,10.2,89.8,28.7,9.9,70
3591,29,71,11.7,5.8,72.05
3592,13.4,86.6,14.5,4.5,72.3
3593,16.9,83.1,21.7,8.5,81.55
3594,19.9,80.1,31,12.4,78.15
3595,15.6,84.4,21.1,7.3,76.7
3596,16.1,83.9,20.3,8.8,75.6
3597,20,80,9.8,3.6,75.9
3598,25.2,74.8,12.9,4.3,70.75
3599,13.2,86.8,29.6,12,75.45
3600,13.7,86.3,16.4,4.7,75.35
3601,11.7,88.3,25.5,11,79.8
3602,5.6,94.4,38.1,11.2,79.55
3603,18.7,81.3,12.5,3.7,74.55
3604,21.3,78.7,12,4.8,71.1
3605,5.9,94.1,36.9,12.2,78.25
3606,18.5,81.5,15.6,4.5,74.35
3607,14.4,85.6,16.2,5,77.05
3608,11.4,88.6,21.2,7,66
3609,8,92,45.3,17.3,82.8
3610,15.6,84.4,18.3,6.1,74
3611,6.3,93.7,50.8,19.1,76.25
3612,28.7,71.3,9.7,4.3,73.5
3613,30.8,69.2,8.5,2.5,71.45
3614,9.8,90.2,19.6,5.9,75.2
3615,9,91,22.5,7.6,71.85
3616,11.7,88.3,15.6,5.5,75.15
3617,6.6,93.4,40.2,15.2,76.3
3618,17.1,82.9,21.5,7.9,76.5
3619,6.5,93.5,27.1,7.1,77.3
3620,14.1,85.9,27,10.8,77.7
3621,13.4,86.6,21.9,6.3,78.1
3622,34,66,11.3,6.4,71.45
3623,26.8,73.2,12.7,3.6,69.85
3624,26.7,73.3,10.5,4.2,65.8
3625,11.8,88.2,17.8,7.1,74.75
3626,8.7,91.3,32.7,12.7,78.8
3627,26.9,73.1,19.7,6.3,75.85
3628,23.8,76.2,11.5,2.8,65.25
3629,18.6,81.4,17.7,6.2,72.3
3630,20.7,79.3,21.9,8,79.9
3631,26.8,73.2,9.9,2.8,69.7
3632,24.6,75.4,15,4.6,71.55
3633,28.5,71.5,10,3,72.35
3634,7,93,27.2,9.7,80.85
3635,12.6,87.4,26.4,8.6,76.8
3636,23.6,76.4,14.8,4.4,67.55
3637,11.7,88.3,21.3,7.7,73.8
3638,14.9,85.1,34,12.4,73.25
3639,16,84,13.7,5.1,59.75
3640,24.7,75.3,9.2,3.3,72.15
3641,18.8,81.2,15.8,5.9,73.15
3642,14,86,18.3,5.9,72.1
3643,20.8,79.2,14.8,5.5,70.65
3644,18,82,12.9,4.9,74.2
3645,12.3,87.7,13.9,4,74.95
3646,9.5,90.5,27.3,8.9,70.2
3647,29.3,70.7,9.8,3.3,66.4
3648,17.6,82.4,20.3,5.9,72.65
3649,9.6,90.4,27.1,8.6,82.2
3650,11.7,88.3,14.9,4.7,79.9
3651,17.8,82.2,17.5,5.6,67.75
3652,11.6,88.4,18.5,5.3,82.65
3653,29.7,70.3,7.7,3.2,68.75
3654,16.5,83.5,18.1,6.9,75.1
3655,17.1,82.9,21,6,77.2
3656,11.5,88.5,18,5.8,76.8
3657,18.2,81.8,14.9,5.2,78.35
3658,14.2,85.8,29.6,12.1,77.55
3659,11.6,88.4,17.5,4.5,74
3660,30.5,69.5,10.9,2.7,73.45
3661,31.9,68.1,10.2,3.4,71.65
3662,10.7,89.3,17.7,6.2,78.9
3663,19.2,80.8,19.1,6,74.2
3664,11,89,23.3,8.7,79.15
3665,11.6,88.4,29.1,12.7,81.3
3666,29.8,70.2,11.9,5.9,76.8
3667,11.6,88.4,33.1,12.8,75.85
3668,18.4,81.6,19.2,5.8,75.8
3669,12.3,87.7,17,5.9,77.65
3670,15.1,84.9,18.3,6.9,73.65
3671,28.1,71.9,17.1,6.2,80.5
3672,20.7,79.3,22.1,8.5,71.15
3673,23,77,26.2,9.5,78.1
3674,13.7,86.3,43.5,15.9,75
3675,20.3,79.7,14.1,5,76.65
3676,18.8,81.2,10.8,3.3,65.6
3677,9.9,90.1,18.8,5.7,76.7
3678,16.7,83.3,36,12.4,80.5
3679,13.7,86.3,20.4,7.5,70
3680,13.4,86.6,14.2,6.1,77.75
3681,26.8,73.2,11.1,2.9,69.5
3682,27.6,72.4,14.6,3.7,74.95
3683,31.2,68.8,17.6,6.5,77.05
3684,20.9,79.1,13.9,4.2,74.8
3685,13.5,86.5,23.9,9.7,76.85
3686,28.4,71.6,12.2,4.8,74.2
3687,12.4,87.6,13.1,4.1,77.25
3688,6.7,93.3,35.5,10.9,77.55
3689,26.4,73.6,10.6,4.4,71.65
3690,24.5,75.5,13.5,4.1,71.45
3691,7.8,92.2,42.2,17.6,83.3
3692,28.5,71.5,8.8,3.9,79.1
3693,18.7,81.3,16.1,4.8,74.5
3694,10.3,89.7,17.6,5.3,75.1
3695,26.2,73.8,9.4,3.8,71.6
3696,16.2,83.8,20.2,6.9,72.9
3697,11.5,88.5,20.3,6.6,77.35
3698,18.9,81.1,14.2,4.3,73.3
3699,12.6,87.4,29.9,11.3,65.35
3700,10.1,89.9,31.1,10.6,73.3
3701,16.4,83.6,13.6,5.1,74.7
3702,21.7,78.3,16.3,5.1,71.5
3703,21.3,78.7,12.9,3.9,71.05
3704,23.1,76.9,15.9,5.3,79.5
3705,11.3,88.7,14.5,4.4,79.2
3706,26.6,73.4,10.5,4.2,68.8
3707,16.8,83.2,14.3,5.6,74
3708,14.8,85.2,27.4,10.9,75.35
3709,9.7,90.3,24.1,8.9,77.1
3710,19.6,80.4,20.8,6.3,73.55
3711,30.9,69.1,9.4,4.7,64.65
3712,8.2,91.8,32.5,11.4,82.25
3713,8.5,91.5,31,12.6,80.2
3714,20.6,79.4,9.7,4.2,77.35
3715,13.2,86.8,20.6,6.3,75.95
3716,8.8,91.2,39.5,11.8,81.6
3717,11.1,88.9,20.1,7.1,75.2
3718,10.5,89.5,23.3,8.5,78.95
3719,9,91,31,11.5,78.95
3720,19.6,80.4,20.7,8.5,70.85
3721,10.3,89.7,18.9,5.5,76.75
3722,12.6,87.4,19.8,6.5,76.2
3723,8.1,91.9,21.2,5.6,79.9
3724,28.4,71.6,15.1,4.7,79.85
3725,17.8,82.2,10.3,4.1,72
3726,14.2,85.8,12.1,3.6,75.2
3727,11.5,88.5,16.8,5.2,78.65
3728,5.3,94.7,40.5,16.1,79.6
3729,14.4,85.6,20.5,6.5,75.6
3730,13,87,26.3,9.5,79.9
3731,18.4,81.6,18.8,6.7,74.75
3732,14.8,85.2,13.2,4.7,75.3
3733,22.3,77.7,10.8,3.3,74.1
3734,8.4,91.6,24.4,8,78.6
3735,17.4,82.6,16.3,5.3,71.95
3736,16.9,83.1,11.7,3.7,73.8
3737,20.1,79.9,15.2,5.7,76.55
3738,18.4,81.6,15.3,5.3,75
3739,22.1,77.9,14.3,5.8,72.05
3740,7.9,92.1,26.7,7.7,71.1
3741,18.8,81.2,11.9,3.2,71.9
3742,12.8,87.2,15.8,6,77
3743,16.3,83.7,22.1,9.2,73.15
3744,10,90,28.7,13,80
3745,13.5,86.5,19.5,6.5,77.25
3746,17.1,82.9,13.9,4.6,73.2
3747,13.8,86.2,16.5,6.1,73.5
3748,27.9,72.1,10.3,3.5,73.6
3749,11.8,88.2,30.6,11.4,79.8
3750,15.5,84.5,17.3,6.6,78
3751,15.3,84.7,23.6,7.2,82.15
3752,14.5,85.5,14,5,77.8
3753,17.6,82.4,17.4,5.3,75.7
3754,18.5,81.5,11.4,3.2,75
3755,32.1,67.9,10.5,3.5,66.55
3756,16.6,83.4,15.1,4.6,74.25
3757,19.5,80.5,20.1,7.4,76.55
3758,14.3,85.7,16.4,3.8,71.85
3759,8.1,91.9,28.8,9.4,82.45
3760,15,85,24.2,8.5,78.95
3761,10.6,89.4,31.9,14.2,82.4
3762,12.6,87.4,28,8.7,78.35
3763,27.2,72.8,11.3,3.9,74
3764,7.3,92.7,28.4,9,77.6
3765,27.3,72.7,9.4,2.9,75.75
3766,15.2,84.8,18.3,7.1,77.6
3767,15.8,84.2,24.5,7.7,74.85
3768,12.4,87.6,14.2,4,73.85
3769,8.8,91.2,22.9,7.4,79.35
3770,7.5,92.5,47.8,18.3,83.1
3771,9.2,90.8,25.7,8.9,75.45
3772,16.5,83.5,14.8,4.7,73.15
3773,9.8,90.2,29.6,12.6,80
3774,16.6,83.4,31.6,13.4,75.25
3775,13.1,86.9,17.5,4.9,77.7
3776,23.2,76.8,10.2,3.1,76.25
3777,8.6,91.4,29,8,72.85
3778,16.8,83.2,14.8,6.9,76
3779,7,93,31.4,10.8,84.6
3780,10.4,89.6,27.3,11.9,78.15
3781,9.3,90.7,26.8,10,68.7
3782,19.5,80.5,13.3,4.3,72.85
3783,23.7,76.3,15.1,3.7,72.6
3784,8.8,91.2,39.2,14.9,84.25
3785,14.9,85.1,20.4,6.9,75.6
3786,19.2,80.8,16.5,5.2,77.35
3787,10.2,89.8,13.4,3.2,76
3788,37.1,62.9,11.5,3.8,79.9
3789,25.4,74.6,16.3,3.2,75.3
3790,13.9,86.1,10.7,5.1,73.8
3791,22.9,77.1,16,4.5,74.15
3792,12,88,17.5,5.5,77.25
3793,8.3,91.7,26.9,7.3,77.5
3794,24.2,75.8,13.7,4.4,76.95
3795,8,92,32.3,10.2,81.7
3796,9.5,90.5,29.7,9.9,78.6
3797,12.5,87.5,19.9,9.5,76.35
3798,12.2,87.8,16.3,6.6,75.15
3799,23.4,76.6,8.9,2,74.75
3800,11.9,88.1,27.6,9.5,77
3801,11.6,88.4,36.5,14.4,75.4
3802,15.5,84.5,19.7,5.1,82
3803,25.8,74.2,13.6,5.2,70.5
3804,29.2,70.8,15.6,6,71.2
3805,18.5,81.5,15.8,3.9,76
3806,23.4,76.6,10.7,3.5,75.5
3807,30.7,69.3,11.1,5.6,73.4
3808,12.1,87.9,20.6,7.4,79.8
3809,16.8,83.2,22.7,8.7,71.9
3810,17.6,82.4,23.2,7.5,76.75
3811,10.4,89.6,20.5,6.5,78
3812,13.3,86.7,14.6,5.3,75.1
3813,11.5,88.5,29.9,10.9,79.7
3814,12.3,87.7,20.5,7.6,68.8
3815,11.5,88.5,17.3,5.1,74.25
3816,12,88,32.7,15.6,74.6
3817,6.7,93.3,39.5,14.8,78.8
3818,10,90,19.6,4.9,80.65
3819,14.6,85.4,20.8,6.5,77.45
3820,8.6,91.4,24,8,79.4
3821,14.1,85.9,14,2,76.15
3822,12.7,87.3,32.9,12,77.7
3823,5.4,94.6,36.1,11.8,78
3824,10.3,89.7,17.3,5.1,76.1
3825,20.1,79.9,10.2,3.7,69.1
3826,21,79,13.8,5.2,74.15
3827,20.1,79.9,13,5.9,72.55
3828,18.7,81.3,18.6,5.9,72.95
3829,27.5,72.5,11.1,3.8,71.9
3830,10.1,89.9,17.1,4.6,70.7
3831,13.8,86.2,31.5,14,75.4
3832,38.2,61.8,6.2,2.9,69.5
3833,22.6,77.4,12.6,5.5,76.75
3834,14.8,85.2,21.2,8.5,72.25
3835,20,80,17,5.5,74.65
3836,11.5,88.5,44,17,81.05
3837,24.4,75.6,15.3,5.8,72.45
3838,7.8,92.2,29.3,11.6,84.6
3839,12.8,87.2,17.9,5.6,77.9
3840,19.5,80.5,18.3,7.2,80.45
3841,9.9,90.1,18.5,5.6,78.35
3842,25.8,74.2,11.8,3.9,70.85
3843,27.3,72.7,11,2.1,73.1
3844,25,75,11.7,4.5,70
3845,26.7,73.3,11.9,3.1,72.4
3846,16.3,83.7,25.9,9.5,75.85
3847,22.9,77.1,9.3,2.7,60.45
3848,16.9,83.1,23.2,8.3,72.35
3849,5.8,94.2,34.8,15.4,72.85
3850,10.9,89.1,16.8,5.7,78.15
3851,16,84,40.1,15.8,69.6
3852,15.3,84.7,25.4,7.9,76.85
3853,10.9,89.1,22.7,9.1,78.45
3854,17.7,82.3,23.3,7.8,73.05
3855,13.6,86.4,28.2,11.4,79.1
3856,20.7,79.3,30.7,12.8,80.15
3857,10.2,89.8,31.9,11.8,81.8
3858,19.4,80.6,17.9,6,70.45
3859,13,87,20.2,7.3,77.45
3860,11.9,88.1,25.5,11.9,85.95
3861,11.8,88.2,30.7,11.5,75.35
3862,28.4,71.6,11.4,2.9,65.3
3863,31.1,68.9,11.7,4.5,68.75
3864,25.8,74.2,11.7,3.4,74.65
3865,10.7,89.3,27.9,10.4,76.9
3866,25.2,74.8,13.4,3.8,74.55
3867,11.8,88.2,21.7,8,76.95
3868,5.4,94.6,32.5,8.5,78.2
3869,14.8,85.2,12.2,4.5,75.9
3870,14.9,85.1,14.8,4.9,74.35
3871,17.6,82.4,14.7,5,73.8
3872,12.9,87.1,19,6.2,77.85
3873,21.2,78.8,12.1,4.3,75.65
3874,17,83,8.7,2.5,78.55
3875,27.6,72.4,11.7,3.6,75.9
3876,13.1,86.9,21.8,7.6,71.2
3877,24,76,11.4,4.4,72.6
3878,10.8,89.2,25.1,8.6,76.55
3879,17.4,82.6,11.6,3.1,74
3880,16.4,83.6,13.4,4.1,73.3
3881,13.3,86.7,20.9,7.3,74.05
3882,22.4,77.6,27.7,9.5,74.8
3883,9.3,90.7,24.9,8.8,82.2
3884,8.5,91.5,31.4,10.5,77.95
3885,23.5,76.5,14.1,4.7,78.75
3886,7.6,92.4,49.7,28.5,88.5
3887,26.3,73.7,14.5,5.4,70.55
3888,16.9,83.1,21.7,7.3,77.45
3889,16.3,83.7,16.2,5.4,79.05
3890,22.6,77.4,12.8,4.6,73.75
3891,12.6,87.4,18.5,7.7,71.35
3892,31.2,68.8,11.8,5.6,69.85
3893,9.8,90.2,21,7.6,72.8
3894,23.3,76.7,11.7,3.2,76.1
3895,11.3,88.7,25.7,8.2,71.6
3896,26.6,73.4,10.3,2.1,70.2
3897,11.6,88.4,22.6,7.4,78.95
3898,11.1,88.9,30.5,10,77.55
3899,30.9,69.1,9.6,3,69.8
3900,11.8,88.2,18.7,5.3,77.95
3901,22.3,77.7,11.1,2.5,67.35
3902,32.1,67.9,7.3,2.5,69.25
3903,24.5,75.5,12.1,4.7,73.35
3904,21.9,78.1,15.3,3.7,75.35
3905,9.7,90.3,15.5,5.9,77.7
3906,32.7,67.3,11.2,3.9,79.8
3907,12,88,38.4,15.3,82.4
3908,15.3,84.7,27.5,10.8,78.8
3909,11.5,88.5,17.2,6.2,78.7
3910,22.5,77.5,11.8,3.7,73.3
3911,10.3,89.7,17.5,5.2,77.25
3912,11.8,88.2,22.1,6.8,78.9
3913,13.5,86.5,38.2,17.6,82.35
3914,29.9,70.1,9.8,4.2,73.6
3915,20.3,79.7,14.8,4.2,73.3
3916,6.9,93.1,48.4,19,85.7
3917,14.3,85.7,51.2,19.7,76.55
3918,12.9,87.1,29.6,10.4,79.8
3919,7.9,92.1,32,9.5,74.9
3920,8.1,91.9,22.4,7.8,73.35
3921,22.8,77.2,16.7,7,76.85
3922,12.5,87.5,16.1,6.3,81.05
3923,15.4,84.6,57,27.2,75.1
3924,21,79,17.4,5.7,68.05
3925,28.8,71.2,12,5.7,72.7
3926,24.5,75.5,25.4,10,76.3
3927,14.3,85.7,17.1,5.6,75.3
3928,5.4,94.6,58.3,27.6,83.9
3929,17.7,82.3,13.1,5.1,73.5
3930,17.5,82.5,12.6,5,74.5
3931,27.2,72.8,8.8,2.5,73.25
3932,25.8,74.2,10.3,3.5,69.65
3933,20.6,79.4,23.7,9.3,81.95
3934,15.3,84.7,26.2,10.5,76.7
3935,20.3,79.7,16.5,6.8,74.3
3936,15.5,84.5,14.6,4.3,64.75
3937,26.7,73.3,8.3,2.7,63.65
3938,19.9,80.1,16.8,5.8,73.8
3939,32.8,67.2,9,4.2,74.15
3940,20.5,79.5,16.6,5.9,77.55
3941,19,81,17.9,5.9,71.45
3942,14.9,85.1,15.4,3.5,74.9
3943,19.1,80.9,14.3,4.5,77.8
3944,20.4,79.6,19.3,8.1,72
3945,11.1,88.9,18.2,7.3,72.9
3946,19.9,80.1,16.4,5.9,74.75
3947,13.7,86.3,45.3,19.6,81.55
3948,16.7,83.3,21.4,8.1,74.8
3949,10,90,16.6,4.9,74.8
3950,8.9,91.1,19.4,6.9,63.8
3951,5.7,94.3,39.1,15.5,75.2
3952,32.6,67.4,10.1,2.5,72.55
3953,29.1,70.9,12.1,3.7,75.75
3954,32.5,67.5,11.6,4.7,61.6
3955,11,89,15.3,3.4,74.7
3956,19.2,80.8,11.1,3.9,68.2
3957,18.6,81.4,17.8,5.6,74.3
3958,13.1,86.9,25.6,9.7,74.35
3959,23.2,76.8,13.7,4.5,73.4
3960,8.1,91.9,58,27.4,82
3961,9.9,90.1,19.5,4.1,73.65
3962,12.2,87.8,15,5.7,77.8
3963,10,90,21.9,5.9,77.1
3964,15.3,84.7,24.5,8.9,76.2
3965,26.8,73.2,8.6,2.2,64
3966,14.8,85.2,15.8,5.3,76.2
3967,20.7,79.3,14.5,4.7,73.2
3968,8.2,91.8,34.6,14.8,79.5
3969,13.3,86.7,18.3,6.6,83.3
3970,28.2,71.8,11,5.8,58.8
3971,15,85,11.5,3.8,75.1
3972,25.3,74.7,18.1,5.2,71.6
3973,30,70,14.1,4.6,72.5
3974,18.9,81.1,15.6,4.7,74.3
3975,18.2,81.8,15.5,4.5,68.6
3976,7.9,92.1,21.7,8.8,87.5
3977,10.2,89.8,23.4,8.1,71.1
3978,8.2,91.8,22.2,7.7,78.75
3979,11.9,88.1,25.1,7.4,79.85
3980,13.5,86.5,18.1,6.5,74.15
3981,16.1,83.9,12.5,3.8,74.2
3982,11.4,88.6,17.7,3.8,80.85
3983,24.9,75.1,10.9,3,76.35
3984,12.3,87.7,16.5,5.5,76.2
3985,13.1,86.9,12,3.9,71.85
3986,21,79,25.6,10.1,78.4
3987,16.2,83.8,28.7,8.7,75.5
3988,19.7,80.3,17.1,5.5,78.8
3989,22,78,13.1,4.4,65.2
3990,12.6,87.4,13.1,4.9,77.35
3991,13.2,86.8,23,8.4,76.3
3992,16.5,83.5,20,7.4,69.55
3993,16.6,83.4,14.5,3.4,78.7
3994,14.6,85.4,14,4.3,71.2
3995,7.9,92.1,44,14.7,78.35
3996,17.3,82.7,15.7,4.6,69.05
3997,17.7,82.3,30.8,11.2,79.15
3998,13.7,86.3,26.7,9.8,73.35
3999,14.4,85.6,29,10.3,73.5
4000,23.1,76.9,14.9,5.1,71.5
4001,26.8,73.2,12.2,4.4,74
4002,23.9,76.1,19,7.1,67.25
4003,25.5,74.5,10.6,3.8,72.25
4004,31.9,68.1,10.9,4.7,70.8
4005,22.1,77.9,21.9,8.2,73.4
4006,15.9,84.1,17.6,6,73.75
4007,14.6,85.4,27.9,10,79.2
4008,9.3,90.7,24.2,7.8,79.95
4009,34.2,65.8,9.2,3,71.45
4010,9.1,90.9,60.4,29.1,66.8
4011,19.3,80.7,11.3,3.4,66.85
4012,31.2,68.8,10.3,4.1,73.85
4013,17.9,82.1,19.4,6.2,73.65
4014,9.8,90.2,22.7,6.3,75.1
4015,16.1,83.9,16.8,5.4,66.6
4016,27.1,72.9,13.2,6,74.8
4017,20.2,79.8,15.4,5,75.6
4018,40.1,59.9,7.5,2.3,63.2
4019,15.9,84.1,12.7,3.3,77
4020,11.2,88.8,22.8,8.5,71.05
4021,20.1,79.9,13.1,4.7,64.8
4022,24.4,75.6,12.9,3.7,77.05
4023,28.5,71.5,12,3.8,71.3
4024,14.5,85.5,20.6,7.3,75.45
4025,9,91,56.7,29.8,81.35
4026,11.6,88.4,26.1,8.8,77.5
4027,16.6,83.4,15,6.3,70.5
4028,21.5,78.5,11.5,5.1,76.65
4029,23,77,13.1,3.9,75.3
4030,9.3,90.7,35.5,15.1,81.65
4031,14,86,21.5,8.6,77.45
4032,4.3,95.7,40,12.7,82.55
4033,27.2,72.8,10.9,3.5,74.2
4034,9.4,90.6,37.4,14.1,66.85
4035,17.8,82.2,12.4,3.5,79.25
4036,28.5,71.5,20.4,7.9,80.2
4037,14.4,85.6,12.8,3.6,72.5
4038,16.6,83.4,27.5,9.5,75.75
4039,5.2,94.8,42.7,12.4,82.4
4040,19.9,80.1,14.9,7.1,75.9
4041,8.4,91.6,49.3,23.7,82.4
4042,14.1,85.9,12.9,4.1,72.35
4043,15,85,15.9,5,72.35
4044,12.1,87.9,15.6,5.7,78.8
4045,19,81,13.2,3.9,66.7
4046,14.5,85.5,16.1,5.5,76.65
4047,10.9,89.1,24.3,7.8,79.45
4048,25.4,74.6,11.6,3.6,75.7
4049,23.2,76.8,14.3,6,76.6
4050,20.3,79.7,8.5,2.3,69.65
4051,44.8,55.2,13.7,4.2,80.85
4052,6.7,93.3,47.4,20.1,82.85
4053,12.2,87.8,37.4,13.5,79.15
4054,7.8,92.2,33.4,10.8,80.1
4055,22,78,15.9,4.8,73.8
4056,14.4,85.6,21.6,7.5,78.45
4057,26,74,12,4.6,74.25
4058,13.4,86.6,28.8,10.7,76.95
4059,25.1,74.9,9.4,2.7,64.1
4060,13.5,86.5,20.4,6.7,82
4061,23.1,76.9,13.8,5.4,74
4062,11.7,88.3,29.9,10,78
4063,25.2,74.8,11,3.2,74.35
4064,14.2,85.8,16.6,4.9,75.45
4065,26.5,73.5,9.9,3.6,75.05
4066,9.8,90.2,19.9,5.7,74.4
4067,8.4,91.6,21.4,6.6,77.85
4068,5,95,33.8,10.1,77
4069,20.8,79.2,13.8,5.8,73.45
4070,16.1,83.9,16.2,4.4,76.45
4071,15.5,84.5,14.3,5.1,74.4
4072,12.5,87.5,16.7,4.1,74.2
4073,9.2,90.8,35.9,13.3,79.9
4074,19.6,80.4,12.5,5.1,75.8
4075,11.7,88.3,33.8,12.3,76.85
4076,26.4,73.6,11.9,3.7,71.8
4077,7.6,92.4,41.3,20.8,88.05
4078,18.3,81.7,15,4.5,69
4079,17.7,82.3,13.5,4.4,72.8
4080,20.6,79.4,14.3,5.1,72.05
4081,16.8,83.2,33.2,13.1,77.85
4082,15.4,84.6,18.4,6,75.1
4083,19.1,80.9,12,3.8,77.05
4084,6.4,93.6,40.6,14.7,74.75
4085,13.2,86.8,25.9,9.5,79.95
4086,10.5,89.5,29.2,10,80.2
4087,27.2,72.8,10,4.4,71.9
4088,8.1,91.9,24.8,7.3,79.25
4089,13.4,86.6,17.9,5.7,71.8
4090,20,80,29.5,10.3,78.3
4091,20.9,79.1,19.7,6.3,73
4092,17.3,82.7,17.5,6.5,72.1
4093,16.3,83.7,14.9,5.1,71
4094,6.3,93.7,57,25,82.1
4095,21.5,78.5,16,4.6,73.6
4096,15.5,84.5,39.3,16.9,81.3
4097,0.7,99.3,64,36.8,86.35
4098,18.4,81.6,20.3,6.5,76.55
4099,21.3,78.7,11.5,3.4,74.15
4100,17.4,82.6,12,3.4,74.15
4101,29.2,70.8,10.3,3.7,70.55
4102,12.5,87.5,19,6.9,77.4
4103,11.7,88.3,15.4,6.2,78.35
4104,15.3,84.7,12.1,3.6,73.95
4105,11,89,29.1,10.7,75
4106,9.1,90.9,35.3,15.7,81.3
4107,15.2,84.8,16.2,6,76.95
4108,15.6,84.4,18.3,5.3,74.5
4109,15.3,84.7,30.5,12.3,76.15
4110,11.8,88.2,36.1,14.4,81
4111,5.8,94.2,47.9,22.5,83.8
4112,28.9,71.1,10.9,4.1,78.8
4113,23.9,76.1,19.4,8.3,70.85
4114,23.4,76.6,14,5.6,65.3
4115,16.8,83.2,20.2,7.7,78.55
4116,14.7,85.3,19.2,6.3,71.3
4117,13,87,16.5,5,76.6
4118,27.5,72.5,13.6,3.7,75.95
4119,30.7,69.3,12.6,4.8,71.9
4120,23,77,15,6.1,74.9
4121,14.2,85.8,13.8,4.1,75.1
4122,16.8,83.2,23.8,8.8,77.9
4123,18.3,81.7,18.7,6.4,67.2
4124,13.7,86.3,40,19,74.1
4125,14.6,85.4,17,4.8,82.4
4126,10.6,89.4,23.7,9.1,72.25
4127,12.5,87.5,20,6.9,75.75
4128,11.9,88.1,27.1,9.1,76.4
4129,25.1,74.9,9.4,3,71.9
4130,16.8,83.2,31.8,10.9,78.2
4131,10.8,89.2,26.7,11.8,78.7
4132,17.4,82.6,21.6,8,73.25
4133,13.7,86.3,15.7,6.1,80.65
4134,20,80,19.2,7.5,75.15
4135,11.9,88.1,19.4,6.7,76.1
4136,22.6,77.4,15.5,5.3,73.5
4137,23.5,76.5,13.1,4.8,73.6
4138,17.1,82.9,14.3,5.2,73.25
4139,18.8,81.2,12.7,5,74.25
4140,8,92,43.2,13.7,72.85
4141,15.6,84.4,14.5,4.9,71.9
4142,10.3,89.7,18.2,5.2,72.65
4143,21.3,78.7,14,4.2,73.4
4144,7.6,92.4,26,8.5,82.65
4145,12,88,18,6.1,78.1
4146,30.5,69.5,9,3.8,68.45
4147,12.1,87.9,40.7,18.2,83.45
4148,10.3,89.7,30.8,11.9,80.1
4149,17.1,82.9,24.4,9.1,76.2
4150,27.4,72.6,7.8,3.3,71.55
4151,26.2,73.8,12.2,3.1,72.6
4152,19.7,80.3,20.6,7,76.95
4153,17.4,82.6,15.8,7.5,82.2
4154,8.3,91.7,32.1,10.2,82.55
4155,24.4,75.6,14.3,4.2,74.55
4156,8.8,91.2,33,10.9,82.9
4157,16,84,10.8,3.8,71.2
4158,12.9,87.1,33.3,14.1,81.05
4159,17.6,82.4,14,8,78.7
4160,11.1,88.9,24.1,8,77.85
4161,16.6,83.4,16.1,5.4,76
4162,10.9,89.1,17,5.6,80.25
4163,5.2,94.8,28.8,7.4,57.3
4164,12.9,87.1,23,8.3,77.95
4165,27.7,72.3,7,2.2,72.4
4166,22.5,77.5,18.4,6.3,75.75
4167,11.2,88.8,35.2,14.8,78.65
4168,16.3,83.7,15.1,5,72.8
4169,27.4,72.6,9.9,4.7,79.85
4170,14.8,85.2,19.2,5.7,75.5
4171,19.7,80.3,12.6,3.8,76.3
4172,11.6,88.4,23.7,9.3,79.25
4173,16.4,83.6,11,3.7,73.15
4174,16.2,83.8,14.5,4.7,73.95
4175,12.7,87.3,17.3,6.2,74.8
4176,11.6,88.4,14.9,5,77.8
4177,10.4,89.6,17.3,4.1,70.6
4178,14.1,85.9,14.3,5.2,73.4
4179,6.5,93.5,41.8,19,85.3
4180,15.1,84.9,27.8,10.3,76.1
4181,20.5,79.5,10.3,4.3,75.3
4182,27.3,72.7,9.2,3.8,70.55
4183,14.1,85.9,29.7,8.8,77
4184,8.6,91.4,18.4,5.5,75.25
4185,17.3,82.7,13.8,4.6,72.3
4186,12.2,87.8,20.2,8.5,65.7
4187,25.3,74.7,12.2,4,78.5
4188,27.7,72.3,10.9,3.8,70.8
4189,11.4,88.6,21.8,8.2,72.15
4190,9.8,90.2,14.9,3.9,76.6
4191,7.9,92.1,19.6,4.6,78.5
4192,15.7,84.3,26.1,9.1,77.65
4193,15.2,84.8,16.1,5.5,73.4
4194,13.3,86.7,21.1,7.2,76.7
4195,11.2,88.8,19.2,7.1,77.85
4196,13.8,86.2,27,9.2,71.75
4197,24.3,75.7,14.6,4.6,72.45
4198,12.5,87.5,29.1,11.1,82.65
4199,11,89,21.2,5.8,77.3
4200,4.9,95.1,48.3,21.1,83.9
4201,21.2,78.8,14.6,5,71.45
4202,10.8,89.2,19.4,6.4,73.95
4203,6.2,93.8,23.5,7.3,81.95
4204,15.9,84.1,24.2,7.3,72.6
4205,23.7,76.3,15.7,5.5,71.2
4206,3.9,96.1,29.2,9.6,83.35
4207,7.8,92.2,26,7.7,78.3
4208,23.4,76.6,12.6,5.2,71.6
4209,18.7,81.3,16.7,6.3,72.3
4210,10.8,89.2,21.1,6.5,78.95
4211,15.2,84.8,14.7,5.3,71.1
4212,14.6,85.4,22.3,8.2,72.55
4213,28.6,71.4,10.7,3,73.05
4214,16.3,83.7,14.5,4.7,76.8
4215,19,81,20.3,5.8,70.5
4216,21.9,78.1,12.4,4,73.2
4217,6.7,93.3,45,20.4,78.95
4218,9.3,90.7,28.2,8.3,73.75
4219,14.5,85.5,13.8,4.9,74.3
4220,7.5,92.5,34.9,13.2,74.9
4221,25.1,74.9,12.2,4.3,77.7
4222,17.5,82.5,12.4,3.7,62
4223,25.9,74.1,9.5,2.3,75.05
4224,8,92,25.3,6.2,77.25
4225,10.1,89.9,38.9,15.3,77.45
4226,17.6,82.4,14.1,6.2,73.9
4227,13.3,86.7,23.4,8.6,68.7
4228,15.9,84.1,13.6,4.5,76.1
4229,11.1,88.9,23.8,8.9,72.1
4230,15,85,17,6.7,77.05
4231,12.4,87.6,15.4,4.6,61.05
4232,15,85,12.7,4.8,75.95
4233,18.8,81.2,14,4.6,71.7
4234,18.4,81.6,12.3,4.4,73.75
4235,10.5,89.5,20.7,6.1,74.9
4236,7.3,92.7,40.2,10.6,78.05
4237,11.2,88.8,20,6.7,70.85
4238,12.5,87.5,15.3,5,76.9
4239,8.6,91.4,24,7.3,80.55
4240,12.5,87.5,28.5,11.3,81.35
4241,10,90,30.7,10.6,80.9
4242,11.8,88.2,26.3,9,80.25
4243,10,90,28.9,10,76.9
4244,5.2,94.8,51.8,17.1,85.25
4245,9.2,90.8,16,5.1,75.3
4246,31.2,68.8,9.3,2.6,69.1
4247,22,78,12.2,4.3,68.5
4248,21.6,78.4,15.6,6.1,69.65
4249,15.2,84.8,15.9,4.3,74.55
4250,17.4,82.6,11.9,2.9,71.35
4251,40.4,59.6,6.3,2,63.3
4252,4.4,95.6,49.5,17,84.1
4253,8.1,91.9,45.2,16.4,77
4254,38.4,61.6,12.4,3.1,50.6
4255,6.9,93.1,47.4,20.9,84
4256,8.1,91.9,41.7,17.1,85.1
4257,24.9,75.1,8.3,1.9,81.2
4258,11.4,88.6,32.9,12.7,81.85
4259,17.9,82.1,15,4.4,73.7
4260,22.2,77.8,21.2,9.2,70.8
4261,12.7,87.3,14.1,4.9,80.6
4262,8.7,91.3,30.1,9.8,76.7
4263,15.9,84.1,37.3,13.9,80
4264,30.2,69.8,17.3,6.3,73.05
4265,13.4,86.6,23.3,9,77.3
4266,13.8,86.2,23.9,7.1,70.15
4267,23.1,76.9,11.2,3.1,72.6
4268,14.6,85.4,27,9,75.25
4269,26.6,73.4,12.6,3.5,73.6
4270,10.6,89.4,15.9,4,74.05
4271,11.4,88.6,27.5,9.7,73.9
4272,13.5,86.5,14.4,4.7,74.35
4273,26.1,73.9,7.8,2.5,58.85
4274,13.3,86.7,19.2,6.9,74.55
4275,9.8,90.2,16.2,5.2,75.95
4276,23.6,76.4,11.5,4.4,74.4
4277,16.3,83.7,18.1,6.5,69.2
4278,11.9,88.1,20,6.6,71.3
4279,12.7,87.3,17.8,3.8,76.75
4280,15.5,84.5,21.3,8.6,78.7
4281,21.7,78.3,14.7,5.6,71.95
4282,19.7,80.3,16.1,6,76.15
4283,8.2,91.8,30.2,10,75.85
4284,11.1,88.9,35,12.2,77.25
4285,23.1,76.9,11.9,3.4,69.9
4286,11.6,88.4,38.2,13.7,81.15
4287,5.9,94.1,31,12.9,79.75
4288,10.5,89.5,31.1,11.8,80.1
4289,20.5,79.5,11.8,4.8,75.45
4290,23.6,76.4,17.2,6.5,76.5
4291,10.6,89.4,20,5.4,76.3
4292,15.4,84.6,15.9,3.9,74.4
4293,28.6,71.4,7.8,2.9,68.35
4294,16.5,83.5,13.3,4.1,74.15
4295,17.8,82.2,14.5,4.2,75.4
4296,20.8,79.2,13.6,4.7,74.95
4297,6.4,93.6,31.2,10.1,83.2
4298,6.4,93.6,26.5,7.5,83.65
4299,8.8,91.2,21.4,6.9,73.6
4300,16.1,83.9,19.2,6.9,76.75
4301,25.3,74.7,9,4.8,69.4
4302,25.2,74.8,11.3,2.9,66.8
4303,19.6,80.4,14.6,4.5,71.65
4304,14.2,85.8,28.8,9.7,76.4
4305,24.2,75.8,16.5,6.5,79.65
4306,23.8,76.2,14.1,5.7,74.85
4307,14.5,85.5,14.8,5.5,72.6
4308,25.7,74.3,11.2,3.2,74
4309,8.9,91.1,19.4,4.9,78.9
4310,14.7,85.3,24.1,10.3,74.35
4311,14.3,85.7,15,4.4,75.4
4312,9.6,90.4,26.1,9.8,78.2
4313,3.1,96.9,41.6,13.3,76.2
4314,10.5,89.5,23.3,9.4,74.8
4315,18.8,81.2,21.6,6,69.95
4316,10.9,89.1,22.7,7.3,79
4317,15.3,84.7,18.5,7.3,79.3
4318,12.6,87.4,17.8,6.2,80.75
4319,22.8,77.2,14,4.1,73.95
4320,5.4,94.6,49.9,15.2,61.55
4321,31.2,68.8,16.6,5.8,81.75
4322,12.3,87.7,16.4,4.7,69.55
4323,14.3,85.7,24.1,8.1,80.6
4324,6.3,93.7,42.5,16.6,79.4
4325,14.2,85.8,24,7.3,76.6
4326,5,95,50.8,23.1,82.25
4327,11.7,88.3,39.1,16.4,77.05
4328,7.9,92.1,28.6,10.3,79.55
4329,22,78,18.8,7,65
4330,10.1,89.9,26.9,10.5,80.85
4331,28.6,71.4,9.5,3.1,73.95
4332,20.5,79.5,22,6.8,74.55
4333,30.4,69.6,10.9,4.5,74.95
4334,15,85,17.7,6.9,69.25
4335,29.3,70.7,23.4,9.2,72.35
4336,32.1,67.9,13.5,4.3,72.3
4337,15.7,84.3,37.8,17.4,81.9
4338,14.6,85.4,20.8,7.2,78.3
4339,20.9,79.1,13.8,4.7,71.4
4340,14.7,85.3,34.1,12.7,76.05
4341,15.3,84.7,14.4,4.5,70.3
4342,16.9,83.1,11.9,4,73.85
4343,10.9,89.1,21.5,7.8,75.25
4344,15.7,84.3,24.7,10.1,79.65
4345,11.6,88.4,15.3,4.6,75.95
4346,10.3,89.7,40.9,20,81.2
4347,9.9,90.1,19.1,5.7,76.65
4348,10.8,89.2,19.9,5.7,77.05
4349,22.2,77.8,17.2,6.7,73.35
4350,28.2,71.8,11.2,3.4,76.2
4351,13.1,86.9,26.3,10.3,81.95
4352,13.9,86.1,13.5,5.8,72.8
4353,12,88,14.9,3.5,78.1
4354,27.5,72.5,8.6,2.1,78.25
4355,9.1,90.9,44.5,16.7,84.35
4356,15.1,84.9,15,5.8,73.45
4357,26.3,73.7,10.1,3.9,78.6
4358,26.3,73.7,9,2.9,69.1
4359,17,83,23.1,8.7,77.05
4360,24.2,75.8,16.2,6.1,75.1
4361,9.7,90.3,29.2,12.4,78.15
4362,6.9,93.1,45.8,11.8,76.05
4363,36.3,63.7,8.9,3.3,71.65
4364,13.4,86.6,31.9,13.4,76.05
4365,10.9,89.1,32,13.9,83.6
4366,7,93,24.2,6.9,77.3
4367,9.2,90.8,33.3,10.5,72.55
4368,18.3,81.7,16.1,4.3,73.35
4369,12.3,87.7,24.3,9.3,78.95
4370,17.1,82.9,13.5,4.9,74.8
4371,10.8,89.2,22.9,6.8,79.8
4372,10.3,89.7,26.9,8.8,75.15
4373,14.6,85.4,23,6.6,77.1
4374,14.1,85.9,16.8,7.3,75.5
4375,15.7,84.3,22.6,7.2,69.75
4376,16.3,83.7,14.1,5.3,73.2
4377,11.7,88.3,23.6,8.4,75
4378,16.8,83.2,11.1,3.9,77.6
4379,11.7,88.3,17.4,5.1,75.3
4380,21.4,78.6,16.1,7.1,67.6
4381,15.6,84.4,15.6,4.9,74
4382,18.5,81.5,13.1,2.9,82.2
4383,14.8,85.2,15.2,5.1,78.45
4384,16.1,83.9,22.1,10.3,73.8
4385,19.1,80.9,15.2,5.9,72.15
4386,23.9,76.1,15.7,5.6,75.8
4387,14.9,85.1,27.2,8.8,76.15
4388,20.2,79.8,11.8,4.2,69.95
4389,30.7,69.3,10.2,2.7,71
4390,30.5,69.5,13.5,5.9,73.5
4391,16.2,83.8,18.3,7,71.8
4392,7.6,92.4,35.1,12.2,76.55
4393,30.3,69.7,5.5,1.5,60.55
4394,25.3,74.7,11.3,3.9,74.9
4395,32.5,67.5,8.9,2.9,78.4
4396,13.1,86.9,31.8,11.5,80.7
4397,9.1,90.9,33.5,11.8,80.75
4398,7.2,92.8,48.3,16,81.9
4399,33.8,66.2,11.6,3.9,76.7
4400,13.2,86.8,21.5,7.4,75.95
4401,14.8,85.2,13.5,4.8,78.75
4402,11.8,88.2,25.7,7.3,81
4403,5.7,94.3,45.4,18,79.3
4404,32.7,67.3,13,4.2,73.95
4405,19.4,80.6,26.9,11.5,74.7
4406,30,70,8.2,4.3,72
4407,8.3,91.7,34.5,16,81.45
4408,21.7,78.3,12.8,4.5,76.7
4409,18.6,81.4,25.3,9.1,75
4410,5,95,39.2,13.1,82.55
4411,13.4,86.6,19.1,7.1,74.9
4412,10.5,89.5,35.4,18.2,83.9
4413,25,75,8.7,4.6,73.65
4414,18,82,16.7,4.8,70.75
4415,13.5,86.5,14.2,5.8,76.05
4416,34.7,65.3,7.8,3.5,69.55
4417,21.3,78.7,12.8,4.5,71.55
4418,10.5,89.5,29.2,10.1,79.35
4419,10.2,89.8,31.1,12.1,77.4
4420,12,88,17.9,4.9,82.6
4421,7.6,92.4,37.4,15.6,78.7
4422,20.8,79.2,10,3.7,70.65
4423,10.4,89.6,19.2,6.2,77.3
4424,25.5,74.5,10,2.6,67.3
4425,19.3,80.7,14.7,3.7,68.15
4426,27.5,72.5,17.6,6.2,76.65
4427,11.7,88.3,18.6,9.6,81
4428,24.1,75.9,29,9.9,78.7
4429,28.7,71.3,11.3,4.5,70.8
4430,8.1,91.9,34.5,13.4,80.8
4431,22.2,77.8,15.4,5.3,74.15
4432,7.2,92.8,29.5,10.8,75.95
4433,20.6,79.4,22.2,9.3,75.6
4434,14.6,85.4,18.3,5.2,70.85
4435,9.6,90.4,37.9,13.1,75.05
4436,15.7,84.3,11.2,4.1,74.05
4437,11.5,88.5,20.6,7.6,78.85
4438,26.8,73.2,8.8,2.5,71.65
4439,31,69,9.2,3.4,70.75
4440,9.5,90.5,26.6,8.1,76.8
4441,13.7,86.3,14.8,5,77.2
4442,9.6,90.4,38.9,13.3,75.45
4443,22.9,77.1,13.1,3.1,69.1
4444,24.6,75.4,12.8,5.3,80.3
4445,17.8,82.2,10.1,3.3,77.95
4446,12.3,87.7,20.1,7.6,83.65
4447,27.1,72.9,13.1,4,70.75
4448,11.4,88.6,40.4,13.8,82.25
4449,21.2,78.8,13.6,5.8,78.7
4450,24.4,75.6,11,2.9,73.8
4451,30.7,69.3,8.5,2.6,69.2
4452,27.7,72.3,12.7,6.3,71
4453,8.4,91.6,18.5,6.1,71.7
4454,9.7,90.3,16.4,3.3,78
4455,19.8,80.2,15.1,5.8,74.9
4456,10.7,89.3,32,13.8,81.5
4457,9.1,90.9,32.8,9.5,75.75
4458,24.5,75.5,14.7,3.7,73.8
4459,15.8,84.2,11.1,4.3,74.35
4460,26.1,73.9,9.6,2.7,74
4461,25.8,74.2,14.3,3.8,77.5
4462,13.1,86.9,20.3,6.9,74.6
4463,11.3,88.7,25.5,10.5,76.75
4464,12,88,16,5.1,76.1
4465,12.8,87.2,45.9,11.7,64.1
4466,38,62,8.2,2.8,66.9
4467,18.2,81.8,13.2,3.3,76.25
4468,23.4,76.6,20.5,6.3,73.3
4469,19.5,80.5,12.5,4.7,73.8
4470,13.6,86.4,26.6,13.5,86.05
4471,13.7,86.3,13.6,4,75.3
4472,11.9,88.1,21,5.9,74.75
4473,4.3,95.7,47.4,21.6,90.7
4474,18.8,81.2,21.4,8.8,78.05
4475,20.1,79.9,19.9,6.9,75.5
4476,9,91,17.6,4.6,67.45
4477,9.4,90.6,29.1,11.5,77.35
4478,28.2,71.8,9.1,3.3,69.65
4479,19.8,80.2,32.6,13,73.3
4480,12.6,87.4,16.4,5.5,73.75
4481,9.6,90.4,20.2,8,76.35
4482,19.6,80.4,20.5,7.1,76.35
4483,12.8,87.2,17.3,7,77.75
4484,22.3,77.7,15.5,5.2,80.6
4485,7.5,92.5,70.1,36.7,66.45
4486,7.3,92.7,31.1,10.1,83.1
4487,12.2,87.8,15.8,5.2,75.6
4488,27.5,72.5,10.2,4.8,76.1
4489,21,79,14.2,4.7,73.7
4490,30.1,69.9,10.4,3,73.5
4491,12.7,87.3,14.1,4.9,74
4492,14.1,85.9,18.8,6.2,77.45
4493,10.3,89.7,29.6,11.4,77.75
4494,10.5,89.5,26.9,8.3,82.5
4495,21.7,78.3,12.2,3.8,76.05
4496,18.6,81.4,19,7.3,76.3
4497,11.1,88.9,16.9,5.5,74.25
4498,24.2,75.8,11.8,3.1,74
4499,6.7,93.3,33.3,8.4,73
4500,8.6,91.4,32.2,12.5,83.15
4501,13.8,86.2,17.8,6.9,72.45
4502,9.4,90.6,18.7,5.8,80.95
4503,10.9,89.1,26.3,9,78.7
4504,13.3,86.7,21.6,6.5,70.8
4505,21.2,78.8,15.8,4.1,74.7
4506,37.3,62.7,16.7,4.4,79.15
4507,11.3,88.7,15.9,5.3,76.25
4508,23.5,76.5,28,9.6,72.55
4509,19.1,80.9,15,5.2,67.45
4510,10,90,23.1,8.3,75.8
4511,19.5,80.5,14.4,5.5,73.7
4512,19.7,80.3,12.2,3.3,75.95
4513,24.9,75.1,15.4,3.8,78.9
4514,7.4,92.6,31.6,12.4,74.85
4515,13.5,86.5,26.3,10.7,80.4
4516,14.4,85.6,16.7,5.6,83.05
4517,14.1,85.9,23.4,9.2,75.9
4518,33.9,66.1,6.3,2,71.7
4519,20,80,14.1,6,75.55
4520,8.6,91.4,22.7,6.5,76.75
4521,13.4,86.6,14.4,5.7,71.9
4522,18.9,81.1,11.6,3.6,76.25
4523,22,78,12.2,2.7,68.65
4524,29.8,70.2,10.3,2.6,73.55
4525,36,64,15.8,4.4,71.15
4526,13.2,86.8,15.4,6,75.45
4527,8,92,17.6,5.2,72.25
4528,19.7,80.3,13.8,4.4,70.6
4529,23.9,76.1,14.5,6.6,74.45
4530,8.1,91.9,20.9,7,73.65
4531,15.2,84.8,21.4,7.8,70.05
4532,20.2,79.8,12.4,3.9,62.15
4533,18.9,81.1,8.6,3.9,64.95
4534,32.5,67.5,13.4,4.8,66.15
4535,18.5,81.5,17.2,6.1,76.5
4536,17.7,82.3,19.8,6.7,76.3
4537,17,83,12,4,70.15
4538,4.7,95.3,44.4,15.2,79.3
4539,21.1,78.9,18,7.7,71.05
4540,16.5,83.5,16.4,3.6,75.7
4541,17.7,82.3,12.9,4.1,78.3
4542,18.8,81.2,18.5,7.6,86.85
4543,26.9,73.1,10.6,4.8,70.05
4544,16.6,83.4,16.8,6.3,73.75
4545,15.5,84.5,39.9,19.7,83
4546,7.1,92.9,16.1,4.8,81.65
4547,6.5,93.5,36.6,12.9,81.35
4548,22.3,77.7,14.6,4.7,74.45
4549,18.5,81.5,13.5,4.3,76.45
4550,19.9,80.1,14.8,4.6,76.5
4551,5.6,94.4,34.7,11.8,75.25
4552,20.6,79.4,11.5,4.4,72.8
4553,22,78,11.5,3.4,65.7
4554,16.9,83.1,38.9,17.1,77.7
4555,14.9,85.1,24,8.6,79.4
4556,12.5,87.5,29.5,13.6,79.8
4557,23.5,76.5,15.9,7.5,72.3
4558,5.7,94.3,44.9,18.3,72.4
4559,13.8,86.2,17.1,6.3,76.55
4560,18.4,81.6,14,3,75.15
4561,15.8,84.2,21.7,9.5,78.9
4562,37.2,62.8,8.5,5.5,71.9
4563,29.2,70.8,10.4,5,67.1
4564,8.3,91.7,33.4,12.7,79.85
4565,16.1,83.9,16.9,7.1,73.45
4566,24.1,75.9,12.2,4.8,69.25
4567,5.9,94.1,31.9,10.7,80.1
4568,14.8,85.2,11,4.3,76.65
4569,23,77,13.8,6,79.65
4570,9,91,28.2,7.5,73.4
4571,8.9,91.1,23.3,9.5,73.85
4572,2.4,97.6,54.4,17.2,85.05
4573,20.5,79.5,12.6,3.3,67.6
4574,8.6,91.4,30.2,9.6,76
4575,22.6,77.4,25.2,11.8,73.3
4576,6.9,93.1,35.3,11.5,78.15
4577,9.1,90.9,51.6,25.7,83.65
4578,15.9,84.1,14.3,5.5,74.2
4579,14.7,85.3,12.4,4,75.9
4580,18.1,81.9,19,6.8,73.1
4581,15,85,16.5,6.5,74.85
4582,10.7,89.3,25.2,8.7,68.55
4583,15.7,84.3,19.8,6.5,74.15
4584,14.6,85.4,22.4,7.1,76.4
4585,15.5,84.5,18.2,4.8,77.35
4586,27.2,72.8,11.6,5.8,69.05
4587,6.4,93.6,50.8,26.2,85.75
4588,8.5,91.5,23.3,7.9,79.75
4589,10.2,89.8,29.8,10.5,83.55
4590,13.8,86.2,15.1,6.4,82.05
4591,29.2,70.8,10.1,3.6,78.2
4592,15.8,84.2,8.9,3.4,76.35
4593,7.2,92.8,28.9,10.3,77.3
4594,7.3,92.7,23.1,7.6,74.05
4595,25.4,74.6,9.8,2.8,69.8
4596,7.5,92.5,27.5,9.2,70
4597,6.5,93.5,57.2,21.6,84.4
4598,11.1,88.9,19.4,6.1,77.25
4599,19.3,80.7,10.9,3.9,76.65
4600,7.1,92.9,28.8,10.4,78.05
4601,15.5,84.5,19,7.2,64.4
4602,24.7,75.3,9.3,4.1,66.1
4603,21.9,78.1,12.4,3.7,70.3
4604,14.1,85.9,26.9,8.6,78.6
4605,7.6,92.4,31.6,13.1,71.6
4606,23.1,76.9,11.6,3.3,78
4607,10.3,89.7,40.9,18.2,85.65
4608,14.4,85.6,12,4.3,75.25
4609,8.1,91.9,19.2,4.4,78.4
4610,16.3,83.7,13.6,4.8,75.95
4611,26.2,73.8,12.4,4.8,74.35
4612,12.3,87.7,18.8,5.7,74.4
4613,12.6,87.4,18.1,8.4,77.25
4614,11.4,88.6,29.4,10.5,78.45
4615,10,90,23.8,9.3,70.85
4616,13.5,86.5,22.4,6.7,81.15
4617,32.4,67.6,13.5,4.7,65.95
4618,17.4,82.6,23.3,10.4,81.35
4619,19.9,80.1,10.8,3.6,69.95
4620,10.9,89.1,22.5,6.6,73.4
4621,11.5,88.5,27.5,10.9,77.25
4622,20.8,79.2,20.5,7.2,76.3
4623,12.9,87.1,16,7.2,76.95
4624,14.4,85.6,18.3,5.5,80.65
4625,20.8,79.2,12.8,3.9,76.35
4626,15.1,84.9,20,7.4,74.15
4627,16.5,83.5,16.1,6.5,73.55
4628,13.6,86.4,12.1,4.2,76.15
4629,16.7,83.3,12,4.8,73.35
4630,33.6,66.4,9.5,5.3,72.5
4631,10.6,89.4,35.7,12.2,80.45
4632,13.3,86.7,21.5,8.5,77.7
4633,13.2,86.8,15,5.5,79.55
4634,19,81,20.9,6.5,73.65
4635,16,84,10.2,3.8,74.7
4636,8.1,91.9,45.2,20.2,80.2
4637,27.9,72.1,14.3,4.4,73.2
4638,8.3,91.7,33.6,11.7,80.6
4639,16.2,83.8,15.4,6.4,75.65
4640,8.3,91.7,25,7.7,74.9
4641,11,89,27.4,10,72.25
4642,16.6,83.4,21.8,8.1,76.05
4643,17.5,82.5,11.6,3.6,68.15
4644,10.4,89.6,20.2,5.7,70.7
4645,12.1,87.9,42.6,15.3,82.7
4646,12.2,87.8,22.3,9,77.15
4647,14.6,85.4,28.2,13.1,83.05
4648,13.8,86.2,31.5,11.1,78.25
4649,11.3,88.7,12.9,3.4,75.8
4650,24.1,75.9,11,3.3,71.9
4651,15.1,84.9,19.7,7.5,72.4
4652,16.4,83.6,17.5,8.9,82.7
4653,15.5,84.5,14.7,4.9,71.35
4654,16.8,83.2,21.7,7.6,74.75
4655,5.4,94.6,26.7,7.4,80.95
4656,11.5,88.5,23.7,9.9,80.05
4657,20.9,79.1,10.7,4.6,74.15
4658,14.8,85.2,27.7,10.9,80.85
4659,18.1,81.9,13.2,4.5,76.1
4660,19.5,80.5,24,8.2,78.7
4661,9.3,90.7,31.7,10.7,76.7
4662,23.4,76.6,10.6,3.7,74.45
4663,37.7,62.3,12.2,4,77.95
4664,10.3,89.7,13.8,3.2,75.95
4665,9.5,90.5,28.2,9.3,79.15
4666,26.1,73.9,18.6,5.8,74.85
4667,36.4,63.6,11,3.2,74.6
4668,13.1,86.9,16.8,6.6,70.35
4669,15.9,84.1,22.3,8.8,74.95
4670,9.3,90.7,28,10.9,83.95
4671,21.5,78.5,16.1,6.4,74.65
4672,24.2,75.8,10.4,3.8,75.65
4673,24.8,75.2,11,3.7,75
4674,15.8,84.2,27.6,7.8,79
4675,23.7,76.3,11.3,4.2,70.3
4676,18.5,81.5,25.2,7.9,77.95
4677,12.9,87.1,17.7,6.7,75.9
4678,25.7,74.3,11,4.6,68.85
4679,8.6,91.4,28.8,11,76.45
4680,19.1,80.9,11.2,4.1,69.9
4681,31.1,68.9,11.7,5.1,79.1
4682,21.3,78.7,16.7,5.3,70.25
4683,16.3,83.7,20.8,7.2,84.3
4684,8.4,91.6,37.3,11.1,78.7
4685,24.6,75.4,11.2,3.1,74.3
4686,37.7,62.3,14.5,4.7,76.6
4687,13,87,15.2,4.7,72.4
4688,19.2,80.8,21.7,7.6,73.9
4689,14.3,85.7,23,9.7,76.35
4690,27.3,72.7,9.3,3.8,73.85
4691,22.2,77.8,6.6,1.7,66.95
4692,18.8,81.2,14.6,5.5,71.55
4693,33.9,66.1,5.2,1.5,61.8
4694,10.9,89.1,25.9,10.3,78.5
4695,11.2,88.8,28.1,9.6,77.3
4696,24.7,75.3,13.6,4.2,76.8
4697,21.6,78.4,6.2,2.2,63.7
4698,12.6,87.4,18,5.7,78.4
4699,17.1,82.9,14.3,5.3,75.1
4700,30.2,69.8,13,3.5,75.75
4701,7.4,92.6,44.2,18.5,82.2
4702,18.4,81.6,17.9,4.9,76.25
4703,28.4,71.6,10.1,3.8,62.55
4704,16,84,30,9.9,76.7
4705,16.4,83.6,23.5,9.2,78.55
4706,24.9,75.1,12.6,3.2,73
4707,21.7,78.3,15.6,5.5,77.35
4708,8.9,91.1,24.5,10.5,72.5
4709,27.4,72.6,11.2,2.9,66.5
4710,26.8,73.2,13.2,3.8,69.15
4711,10.6,89.4,25.3,8.8,80.05
4712,19.1,80.9,21.9,7.8,72.05
4713,17.4,82.6,16.3,4.1,74.15
4714,8.5,91.5,35.4,14.2,77.3
4715,23.7,76.3,16.4,3.1,82.7
4716,20.3,79.7,22.3,11,74.7
4717,17.7,82.3,17,7,77.45
4718,8.9,91.1,32.5,14.3,79
4719,9.6,90.4,25.5,9,78.3
4720,23.9,76.1,13.5,4.9,75.6
4721,10.2,89.8,34,12.8,78.55
4722,12,88,30.1,9.5,80.85
4723,13,87,13.5,4.7,76.55
4724,10.8,89.2,25.8,11.1,85.95
4725,11.6,88.4,20.8,6.9,75.65
4726,9.4,90.6,30.3,10.7,77.45
4727,10.2,89.8,30.6,13.9,76.25
4728,17.1,82.9,12.2,4.7,66.15
4729,13,87,19.1,8.1,74.3
4730,21.5,78.5,15.9,5.2,77.7
4731,26.4,73.6,10.3,3.9,70.65
4732,33.6,66.4,7.7,2.9,68.05
4733,20.7,79.3,10.2,3.4,83.85
4734,15.1,84.9,13.7,4.5,71.75
4735,12.3,87.7,24,7.3,78.95
4736,14.6,85.4,39.3,17.8,86.05
4737,4,96,45,16.1,75.05
4738,31.6,68.4,11.1,5.4,75
4739,10.1,89.9,23.6,7.6,78.7
4740,9.2,90.8,23.9,7.4,69.25
4741,12.7,87.3,20.4,7,79.9
4742,8.4,91.6,34.1,13.6,81.05
4743,20.6,79.4,11.8,3.5,70.35
4744,21.4,78.6,14.5,5.3,73.65
4745,31.5,68.5,13.2,2.4,71.45
4746,7.8,92.2,34.6,11.8,75.65
4747,20,80,9.7,4,72.4
4748,20.7,79.3,9.9,2.7,74.95
4749,12.7,87.3,23.1,7.9,76.85
4750,12.4,87.6,20.9,9.3,76
4751,32.3,67.7,8.5,3.1,66
4752,16.7,83.3,16.8,5.1,69.55
4753,26.3,73.7,14.9,7.1,71
4754,15,85,11.6,3.8,73.95
4755,21,79,11.5,3,73.3
4756,24.5,75.5,11.6,3.1,73.4
4757,35.4,64.6,8.9,4.2,73.25
4758,17.3,82.7,14.3,5.6,72.35
4759,16.4,83.6,27.2,9.8,81.85
4760,31.1,68.9,9,2.9,61.1
4761,20.3,79.7,17.9,5.6,76.6
4762,14.7,85.3,21.7,7.1,78.8
4763,15.5,84.5,15.3,4,70.2
4764,7.1,92.9,39.3,13.7,77.9
4765,7.8,92.2,36.8,16.8,84.7
4766,13.2,86.8,27.3,15.1,87.3
4767,20.1,79.9,11.9,3.5,75.5
4768,12.4,87.6,21.8,7.6,80.25
4769,26.1,73.9,9.5,3.1,66.95
4770,19,81,16.5,6.8,71.6
