location_id,adult_smoking,adult_obesity,diabetes,sexually_transmitted_infections,HIV_prevalence_rate
3000,0.078,0.232,0.062,139.2,28.3
3001,0.117,0.322,0.091,361.9,114.5
3002,0.176,0.294,0.08,194.7,88.1
3003,0.24,0.311,0.113,359.8,689.7
3004,0.185,0.294,0.083,189.5,18.2
3005,0.245,0.343,0.142,279.1,50.4
3006,0.232,0.367,0.115,377.6,107.6
3007,0.283,0.339,0.141,352.2,50.8
3008,0.18,0.296,0.089,215.2,77.7
3009,0.172,0.305,0.077,338.9,70.5
3010,0.202,0.299,0.099,402.3,182.7
3011,0.261,0.289,0.096,280.3,61.5
3012,0.239,0.342,0.121,402.9,35.3
3013,0.198,0.284,0.095,328.3,123.6
3014,0.201,0.223,0.066,465,72.9
3015,0.26,0.294,0.1,737.6,166.5
3016,0.226,0.292,0.088,561.9,84.5
3017,0.066,0.289,0.074,85.3,39.7
3018,0.175,0.266,0.105,257.7,54.9
3019,0.167,0.307,0.088,638.5,71
3020,0.161,0.278,0.081,277.7,54.6
3021,0.109,0.246,0.068,346.6,219.9
3022,0.174,0.286,0.12,280.8,38.4
3023,0.2,0.357,0.139,57.7,106
3024,0.191,0.258,0.091,153.2,42.8
3025,0.239,0.349,0.129,474.2,392.1
3026,0.13,0.172,0.082,313.9,474.3
3027,0.175,0.333,0.132,350.8,95.6
3028,0.237,0.28,0.104,233.6,145.9
3029,0.326,0.336,0.125,223.2,71.6
3030,0.212,0.294,0.131,266,89.6
3031,0.149,0.326,0.097,1022.3,162.6
3032,0.25,0.414,0.15,779.2,292.5
3033,0.133,0.311,0.086,275.8,265.7
3034,0.277,0.283,0.111,345.9,193.8
3035,0.19,0.297,0.106,190.8,63.4
3036,0.239,0.326,0.125,122.2,84
3037,0.132,0.24,0.062,194.6,53.5
3038,0.093,0.211,0.074,162.2,207.3
3039,0.267,0.303,0.098,251.3,436.4
3040,0.211,0.361,0.137,816.8,548.1
3041,0.227,0.358,0.139,503.5,240.4
3042,0.195,0.315,0.113,143.1,23.2
3043,0.268,0.383,0.121,509.7,195.6
3044,0.131,0.242,0.102,253,66.7
3045,0.159,0.289,0.097,72.9,61.1
3046,0.156,0.265,0.064,467.1,58.8
3047,0.184,0.174,0.05,298.6,78.4
3048,0.225,0.284,0.117,251.6,103.3
3049,0.277,0.365,0.138,518.6,60.1
3050,0.17,0.283,0.1,555.5,220.1
3051,0.155,0.25,0.074,342.6,68.7
3052,0.231,0.334,0.12,254,152.3
3053,0.098,0.131,0.039,208.8,87.5
3054,0.161,0.274,0.077,675.8,177.4
3055,0.447,0.336,0.129,254.2,65.6
3056,0.168,0.323,0.116,207.2,69.4
3057,0.174,0.259,0.084,481,418.6
3058,0.235,0.266,0.098,273.2,35.7
3059,0.181,0.269,0.094,209.2,66.5
3060,0.27,0.224,0.085,268.2,306.9
3061,0.287,0.319,0.096,431.7,1015.6
3062,0.205,0.328,0.13,385.7,508.1
3063,0.182,0.252,0.062,430.2,47.2
3064,0.12,0.311,0.096,420.4,151.3
3065,0.248,0.314,0.103,206.1,25.1
3066,0.268,0.328,0.098,532.1,109.4
3067,0.211,0.355,0.135,517,534.7
3068,0.17,0.267,0.095,292.7,43.4
3069,0.207,0.367,0.124,239.6,75.6
3070,0.205,0.363,0.144,507.5,579.5
3071,0.216,0.311,0.122,256.6,60.7
3072,0.198,0.302,0.094,246.8,17.9
3073,0.27,0.411,0.143,586.3,134.3
3074,0.259,0.285,0.112,224.5,162.2
3075,0.239,0.328,0.085,265.9,38.4
3076,0.228,0.352,0.119,372.2,88
3077,0.157,0.21,0.081,1065.5,2704.3
3078,0.23,0.295,0.104,416.6,95
3079,0.226,0.295,0.105,185.1,297.4
3080,0.109,0.208,0.055,346.1,107.7
3081,0.176,0.324,0.102,315.8,34.1
3082,0.15,0.262,0.1,279.8,70.4
3083,0.162,0.304,0.089,192.2,39
3084,0.145,0.229,0.072,163.3,62.2
3085,0.243,0.324,0.103,132.3,39.6
3086,0.148,0.259,0.097,670.3,1524.5
3087,0.227,0.275,0.082,234.4,97.5
3088,0.098,0.134,0.033,210.9,79
3089,0.192,0.324,0.119,859.5,319.8
3090,0.254,0.339,0.148,398.3,111.6
3091,0.329,0.41,0.158,170.4,23.8
3092,0.173,0.345,0.145,597.9,597.4
3093,0.179,0.308,0.103,188.4,137.3
3094,0.358,0.327,0.137,196,98.3
3095,0.314,0.315,0.111,430.4,135.4
3096,0.175,0.282,0.095,430.3,103
3097,0.236,0.36,0.124,575.6,205
3098,0.297,0.335,0.137,114.5,69.4
3099,0.249,0.4,0.152,1316.8,588.9
3100,0.224,0.258,0.119,297.9,310.7
3101,0.195,0.359,0.134,547.7,71.7
3102,0.226,0.307,0.111,141.1,33.7
3103,0.173,0.205,0.048,346.8,56.5
3104,0.241,0.334,0.117,526.4,641.9
3105,0.181,0.351,0.115,221.6,58.5
3106,0.271,0.346,0.132,474.1,58.9
3107,0.299,0.38,0.119,885.1,96.6
3108,0.081,0.228,0.072,200.8,52.5
3109,0.187,0.28,0.088,375.5,100.7
3110,0.263,0.315,0.124,451.4,144.1
3111,0.227,0.324,0.118,254.3,68.7
3112,0.335,0.325,0.112,92.2,140
3113,0.181,0.323,0.126,747.3,79.9
3114,0.185,0.312,0.134,244.9,127.1
3115,0.181,0.351,0.134,518.5,632.1
3116,0.225,0.354,0.125,407.2,245.3
3117,0.135,0.319,0.078,120.8,16.5
3118,0.295,0.3,0.117,217.1,60.1
3119,0.274,0.334,0.115,159.7,45
3120,0.21,0.296,0.092,219.7,42.3
3121,0.209,0.369,0.132,567,163
3122,0.401,0.323,0.131,213.3,59.8
3123,0.187,0.267,0.09,237.6,105.7
3124,0.149,0.232,0.082,334.2,618.4
3125,0.492,0.297,0.11,579.7,82.9
3126,0.138,0.303,0.089,220.8,37.3
3127,0.195,0.321,0.122,398.7,334.1
3128,0.274,0.378,0.159,702.9,336.1
3129,0.23,0.284,0.121,235.6,179.6
3130,0.112,0.316,0.086,408.1,93.7
3131,0.174,0.282,0.075,267.8,230.1
3132,0.232,0.339,0.112,1124.7,537.7
3133,0.263,0.361,0.117,384.5,116.4
3134,0.173,0.201,0.064,400.6,86.7
3135,0.16,0.265,0.057,140,23.3
3136,0.23,0.315,0.114,189,46.2
3137,0.16,0.274,0.096,478.8,452.1
3138,0.231,0.384,0.141,653.9,208.2
3139,0.23,0.321,0.101,716.2,132.1
3140,0.179,0.306,0.093,319.3,50.4
3141,0.247,0.325,0.112,364.6,82.4
3142,0.152,0.233,0.073,591,124
3143,0.312,0.357,0.137,454.9,342.2
3144,0.226,0.343,0.107,230.5,88.4
3145,0.247,0.299,0.117,269.3,117.6
3146,0.169,0.297,0.086,327.1,86.7
3147,0.209,0.283,0.105,306,55
3148,0.222,0.359,0.102,247,76.1
3149,0.211,0.335,0.119,1032.8,365
3150,0.21,0.375,0.148,502.3,148.7
3151,0.321,0.359,0.135,198.2,42.3
3152,0.254,0.378,0.156,1859.2,1283.1
3153,0.267,0.375,0.113,683.2,148.8
3154,0.202,0.28,0.093,173.2,17.8
3155,0.271,0.345,0.101,246.2,63.4
3156,0.17,0.307,0.083,307.4,78.2
3157,0.21,0.316,0.124,415.6,285.1
3158,0.219,0.297,0.111,857.3,269.7
3159,0.146,0.286,0.111,151.2,28.7
3160,0.237,0.338,0.111,335.3,64.9
3161,0.185,0.337,0.097,198.5,49.9
3162,0.278,0.338,0.113,213.7,101.1
3163,0.175,0.334,0.107,387.6,86.9
3164,0.137,0.303,0.078,698,101.2
3165,0.393,0.289,0.097,299,100.2
3166,0.258,0.284,0.114,212.9,56.8
3167,0.265,0.415,0.154,1402.4,661.3
3168,0.197,0.322,0.115,254.9,62.3
3169,0.221,0.29,0.13,107.1,71
3170,0.152,0.234,0.084,551.7,252.4
3171,0.252,0.36,0.122,391.1,78.9
3172,0.333,0.317,0.121,239.3,24.8
3173,0.302,0.361,0.135,291.5,510.2
3174,0.316,0.366,0.127,71.2,84.8
3175,0.213,0.313,0.076,462.1,94.5
3176,0.351,0.336,0.122,111.2,48.2
3177,0.234,0.364,0.113,1024.5,497.6
3178,0.182,0.279,0.129,286,62.9
3179,0.155,0.279,0.081,248.2,23.1
3180,0.181,0.302,0.096,671.8,340.9
3181,0.286,0.328,0.128,459.8,319.5
3182,0.23,0.303,0.105,161.2,59.5
3183,0.149,0.255,0.092,285.4,179.1
3184,0.227,0.388,0.119,465.3,180
3185,0.187,0.293,0.085,455.8,77.5
3186,0.232,0.36,0.137,567.3,233.5
3187,0.2,0.286,0.081,402.9,187.3
3188,0.117,0.313,0.08,396.3,82.1
3189,0.204,0.336,0.118,302.7,163.7
3190,0.186,0.275,0.09,592,305
3191,0.151,0.288,0.098,292.5,29.5
3192,0.242,0.336,0.114,349.5,247.6
3193,0.172,0.293,0.099,401.4,268.4
3194,0.246,0.331,0.109,567.3,275.5
3195,0.164,0.18,0.071,413.2,126.7
3196,0.205,0.238,0.096,283.8,330.9
3197,0.152,0.273,0.075,256.9,11
3198,0.106,0.207,0.078,460.2,395.9
3199,0.177,0.251,0.06,89.1,110.9
3200,0.213,0.304,0.14,175.1,92.8
3201,0.22,0.339,0.128,1434.3,369.5
3202,0.15,0.281,0.086,137.7,52.4
3203,0.239,0.399,0.135,721.1,171.3
3204,0.168,0.342,0.089,111.7,51
3205,0.245,0.317,0.111,388.9,76.1
3206,0.413,0.309,0.113,122,55
3207,0.195,0.29,0.1,316,202.2
3208,0.252,0.36,0.126,1242,176.9
3209,0.211,0.338,0.132,254.5,52
3210,0.171,0.308,0.083,427.6,131.7
3211,0.116,0.274,0.084,225.4,58.9
3212,0.251,0.356,0.128,680.3,187.4
3213,0.29,0.338,0.12,446.7,65
3214,0.249,0.298,0.111,556.3,126.9
3215,0.197,0.389,0.13,1292.6,194.9
3216,0.132,0.357,0.133,566.3,484.1
3217,0.269,0.254,0.121,212,152.7
3218,0.177,0.272,0.109,311.8,205.6
3219,0.201,0.271,0.105,313.2,74.2
3220,0.248,0.324,0.107,422,62.9
3221,0.314,0.313,0.11,141.5,57.7
3222,0.338,0.365,0.13,714.2,179.7
3223,0.277,0.296,0.089,227.1,59.9
3224,0.237,0.322,0.116,725.4,86.3
3225,0.222,0.32,0.091,385.6,70.8
3226,0.186,0.256,0.086,133.8,120.7
3227,0.219,0.317,0.113,382.3,99.9
3228,0.299,0.348,0.117,195.2,50.2
3229,0.179,0.325,0.117,178.3,25.2
3230,0.253,0.346,0.116,489.5,161.1
3231,0.242,0.322,0.118,488.2,217
3232,0.306,0.269,0.089,248.4,164.1
3233,0.177,0.317,0.113,154.9,48.8
3234,0.219,0.375,0.158,803.4,442.4
3235,0.168,0.352,0.114,264.1,221.3
3236,0.277,0.36,0.151,408,118.6
3237,0.271,0.304,0.107,312.2,49.2
3238,0.213,0.346,0.103,233.4,35.1
3239,0.198,0.277,0.113,239.1,58.2
3240,0.185,0.301,0.09,314.9,86.8
3241,0.161,0.328,0.087,304.6,43.9
3242,0.129,0.276,0.09,339,57.3
3243,0.206,0.308,0.114,548.6,172.5
3244,0.293,0.312,0.127,107.1,25.6
3245,0.168,0.276,0.087,218,99.9
3246,0.221,0.273,0.083,313.1,51.4
3247,0.185,0.342,0.098,267.2,300.8
3248,0.172,0.219,0.077,137.2,119.7
3249,0.198,0.287,0.099,483.3,25.4
3250,0.241,0.354,0.15,766.1,318.2
3251,0.136,0.226,0.082,182.3,158.2
3252,0.143,0.252,0.073,323.7,110.2
3253,0.186,0.27,0.095,880.5,174.9
3254,0.273,0.369,0.126,700.6,188.3
3255,0.383,0.308,0.102,335.7,99.4
3256,0.203,0.291,0.108,257.8,243.4
3257,0.125,0.242,0.075,437,176.7
3258,0.27,0.353,0.128,878.3,82
3259,0.145,0.209,0.101,221.3,309.1
3260,0.152,0.235,0.073,371.5,100.7
3261,0.2,0.259,0.109,151.4,256.3
3262,0.255,0.237,0.068,313.9,29.7
3263,0.231,0.408,0.139,901.5,419
3264,0.212,0.328,0.084,671,52.8
3265,0.328,0.336,0.121,948.4,271.4
3266,0.249,0.304,0.124,285.9,137
3267,0.251,0.394,0.152,635.5,266.3
3268,0.189,0.3,0.099,538.4,176.8
3269,0.097,0.154,0.055,220.4,426.8
3270,0.342,0.299,0.128,164,37
3271,0.287,0.408,0.132,487.2,151.2
3272,0.368,0.351,0.141,1572.8,345.1
3273,0.171,0.314,0.083,205.7,30.2
3274,0.305,0.313,0.12,106.6,54
3275,0.231,0.335,0.136,729.1,248.1
3276,0.197,0.298,0.124,229.9,74.4
3277,0.327,0.313,0.083,256.5,66.3
3278,0.154,0.291,0.094,615.9,42.9
3279,0.227,0.267,0.106,234.8,150.6
3280,0.107,0.251,0.056,321.2,44.7
3281,0.197,0.259,0.105,320.8,293.1
3282,0.204,0.329,0.122,187.8,39.3
3283,0.199,0.322,0.115,102,69.7
3284,0.167,0.28,0.087,250.3,217.4
3285,0.193,0.284,0.084,601.7,238.3
3286,0.17,0.201,0.075,87.9,99.2
3287,0.163,0.239,0.077,327.7,972.3
3288,0.33,0.336,0.133,243,66.2
3289,0.223,0.335,0.124,259,103
3290,0.271,0.321,0.108,235.6,123.7
3291,0.191,0.397,0.115,778,122.2
3292,0.141,0.224,0.095,272.8,672.8
3293,0.233,0.297,0.085,297,49.6
3294,0.229,0.301,0.104,545.1,176.2
3295,0.219,0.296,0.106,357.5,84.6
3296,0.146,0.277,0.092,649.7,272.4
3297,0.142,0.281,0.075,242.3,40.6
3298,0.139,0.232,0.102,794.5,1311.6
3299,0.363,0.317,0.133,323.6,188.7
3300,0.164,0.272,0.079,110.2,28.5
3301,0.164,0.25,0.09,318.1,37.4
3302,0.176,0.297,0.092,357.2,47.9
3303,0.161,0.255,0.086,214.4,48.8
3304,0.363,0.315,0.135,207.2,113.6
3305,0.207,0.248,0.112,269.1,229.7
3306,0.288,0.342,0.104,71.4,43.3
3307,0.278,0.377,0.141,633.1,84.6
3308,0.254,0.295,0.109,540.3,39.5
3309,0.265,0.306,0.097,122.8,47.8
3310,0.263,0.354,0.105,159.2,94.3
3311,0.278,0.248,0.097,237,329.5
3312,0.174,0.422,0.16,926.4,699.9
3313,0.261,0.32,0.123,379.4,110.2
3314,,0.289,0.096,259.8,73.9
3315,0.35,0.285,0.122,146.3,34.2
3316,0.135,0.302,0.123,164,94.5
3317,0.259,0.364,0.115,562.5,78.3
3318,0.256,0.33,0.146,257.9,91.5
3319,0.188,0.31,0.099,223.8,52.8
3320,0.298,0.314,0.135,183.8,84.8
3321,0.141,0.34,0.14,574.8,100.9
3322,0.149,0.267,0.088,220.5,149.7
3323,0.126,0.232,0.067,237.1,126.7
3324,0.232,0.294,0.094,80.9,29.2
3325,0.192,0.342,0.123,266.4,59.5
3326,0.206,0.266,0.118,301.5,188.1
3327,0.203,0.255,0.088,202.4,139.6
3328,0.204,0.284,0.108,682.1,708.6
3329,0.124,0.34,0.102,77.1,87.5
3330,0.173,0.322,0.111,167.4,71.3
3331,0.273,0.278,0.113,169.1,38.7
3332,0.241,0.328,0.122,203.7,65.9
3333,0.259,0.285,0.079,215.1,38.2
3334,0.17,0.343,0.096,341.4,98.5
3335,0.166,0.268,0.085,175.3,14.4
3336,0.162,0.324,0.09,437.2,26.7
3337,0.157,0.184,0.052,80.8,106.4
3338,0.261,0.35,0.116,159.4,44.1
3339,0.204,0.28,0.093,465.1,297.8
3340,0.189,0.29,0.11,88.7,150.3
3341,0.178,0.277,0.108,784.4,520.7
3342,0.164,0.31,0.095,522.5,217
3343,0.078,0.238,0.076,177.9,32.2
3344,0.321,0.339,0.109,143.9,48.7
3345,0.267,0.327,0.096,357.6,46.3
3346,0.214,0.348,0.097,174.8,70.5
3347,0.181,0.326,0.09,189.4,85.7
3348,0.21,0.349,0.091,252.7,34.1
3349,0.277,0.329,0.116,321.3,114.9
3350,0.156,0.28,0.092,318.3,312.1
3351,0.28,0.312,0.131,186.5,94.5
3352,0.204,0.298,0.089,212.1,49.1
3353,0.187,0.259,0.084,260.2,82.4
3354,0.128,0.2,0.066,86.7,262.8
3355,0.204,0.285,0.097,321.1,88.8
3356,0.171,0.313,0.098,427.6,155.1
3357,0.206,0.314,0.117,362.5,96.6
3358,0.25,0.393,0.131,748.9,387.8
3359,0.205,0.282,0.099,152.5,41
3360,0.097,0.31,0.092,108.1,144.2
3361,0.131,0.308,0.101,107.7,71.2
3362,0.194,0.268,0.085,289.7,46.7
3363,0.284,0.331,0.114,354.2,80
3364,0.16,0.278,0.078,656.3,269
3365,0.378,0.421,0.175,1403.9,409.1
3366,0.251,0.28,0.09,322.9,80.3
3367,0.212,0.296,0.113,43,57.5
3368,0.161,0.287,0.131,347.4,630.1
3369,0.175,0.267,0.086,367,90
3370,0.294,0.308,0.098,318.9,559.1
3371,0.121,0.196,0.079,226.6,231.7
3372,0.235,0.294,0.097,275.3,74.7
3373,0.214,0.372,0.119,261.9,53.6
3374,0.192,0.258,0.083,465,82.9
3375,0.24,0.224,0.087,699.6,132
3376,0.258,0.355,0.143,591.8,117.6
3377,0.231,0.249,0.112,189.6,135.4
3378,0.201,0.393,0.153,376.5,214.3
3379,0.241,0.36,0.14,953.7,195.5
3380,0.187,0.289,0.097,166.8,796.7
3381,0.134,0.329,0.097,245.7,70.7
3382,0.199,0.362,0.126,198.3,88.4
3383,0.213,0.348,0.136,691.5,216.3
3384,0.151,0.257,0.09,519.7,772.3
3385,0.126,0.22,0.077,189.9,131.9
3386,0.258,0.371,0.122,662.8,101.4
3387,0.103,0.259,0.077,133.5,61.6
3388,0.23,0.344,0.086,725.9,58.7
3389,0.206,0.317,0.113,348.8,458
3390,0.111,0.284,0.086,233.5,46.4
3391,0.207,0.315,0.129,160.3,42
3392,0.148,0.351,0.114,170.4,58.2
3393,0.224,0.278,0.096,163.2,28.3
3394,0.234,0.322,0.13,511.6,175
3395,0.16,0.269,0.09,277.1,147.1
3396,0.225,0.339,0.117,403.2,235.6
3397,0.385,0.36,0.112,65.6,48.8
3398,0.211,0.248,0.09,329.9,57.6
3399,0.136,0.239,0.086,159.9,273.2
3400,0.213,0.369,0.146,366.1,202.1
3401,0.232,0.372,0.101,318,144.5
3402,0.251,0.307,0.102,144.1,32.4
3403,0.212,0.295,0.094,209.8,42.5
3404,0.164,0.267,0.084,491,472.7
3405,0.229,0.282,0.103,268.9,36.6
3406,0.23,0.266,0.087,545,114.1
3407,0.251,0.341,0.107,538.5,64
3408,0.212,0.329,0.1,278.6,54.3
3409,0.242,0.288,0.115,270.5,97.2
3410,0.183,0.275,0.097,219.3,33.7
3411,0.189,0.313,0.133,269.6,123.2
3412,0.241,0.331,0.126,300,73.7
3413,0.322,0.3,0.106,170,101.8
3414,0.171,0.342,0.114,191.5,20.7
3415,0.254,0.329,0.108,344,60.9
3416,0.237,0.275,0.092,358,55.2
3417,0.226,0.438,0.193,1022.7,536.2
3418,0.456,0.403,0.121,1793.9,177.6
3419,0.279,0.342,0.121,377.3,41.2
3420,0.138,0.392,0.166,1189.7,549.1
3421,0.209,0.282,0.112,349.3,145.5
3422,0.246,0.317,0.137,776.8,247.9
3423,0.151,0.313,0.087,469.5,137.4
3424,0.214,0.302,0.095,118.9,33.8
3425,0.259,0.322,0.113,344.3,130.5
3426,0.26,0.371,0.138,585.6,258.8
3427,0.153,0.324,0.095,326.5,62.8
3428,0.209,0.341,0.112,245.4,116.4
3429,0.254,0.299,0.088,147.3,135.6
3430,0.183,0.32,0.098,582.7,170.3
3431,0.251,0.373,0.142,873.9,388.1
3432,0.085,0.236,0.072,231,165.1
3433,0.17,0.279,0.094,463.2,269.1
3434,0.246,0.351,0.133,790,268.8
3435,0.18,0.317,0.15,308.2,54.1
3436,0.221,0.312,0.103,391.4,148.1
3437,0.259,0.389,0.182,1234,320.9
3438,0.17,0.346,0.143,654.7,172.6
3439,0.254,0.312,0.105,412.1,99.9
3440,0.173,0.245,0.089,174.1,73.3
3441,0.309,0.298,0.101,243.8,36.2
3442,0.364,0.354,0.124,233.9,79.6
3443,0.269,0.33,0.129,280.5,106.8
3444,0.157,0.24,0.082,217.1,64.8
3445,0.238,0.337,0.114,653.4,175.1
3446,0.191,0.292,0.08,241.1,72.5
3447,0.206,0.285,0.09,675.8,66.7
3448,0.193,0.317,0.1,277.4,83.4
3449,0.325,0.34,0.136,429.4,143.8
3450,0.21,0.32,0.127,289.7,42.6
3451,0.286,0.342,0.115,212.1,163.1
3452,0.298,0.243,0.075,305.9,104.6
3453,0.267,0.343,0.11,351.1,122.1
3454,0.211,0.322,0.115,98,70.2
3455,0.17,0.288,0.095,178.3,322.6
3456,0.222,0.311,0.124,529.9,297.8
3457,0.275,0.3,0.091,344.8,53.2
3458,0.27,0.33,0.114,487.6,124.1
3459,0.2,0.278,0.102,276.3,149
3460,0.105,0.294,0.077,578.7,66.3
3461,0.169,0.291,0.102,254.5,94.8
3462,0.336,0.285,0.127,377.7,185.4
3463,0.207,0.309,0.109,185.8,24.8
3464,0.133,0.203,0.062,148.6,54.4
3465,0.12,0.186,0.071,296.4,375.4
3466,0.292,0.353,0.124,231.2,41.4
3467,0.307,0.313,0.113,199.1,88.3
3468,0.271,0.35,0.11,294.2,91.5
3469,0.267,0.3,0.102,198.8,303.8
3470,0.143,0.27,0.069,225.8,57.1
3471,0.151,0.282,0.089,1030.3,405.7
3472,0.241,0.3,0.114,448.4,89
3473,0.161,0.279,0.087,507.8,64.9
3474,0.199,0.241,0.085,323.8,42.1
3475,0.353,0.341,0.128,872.5,442.9
3476,0.222,0.33,0.099,251.9,60.7
3477,0.311,0.355,0.128,331.5,100.3
3478,0.21,0.35,0.129,81.2,102.4
3479,0.231,0.36,0.125,751.3,137
3480,0.186,0.265,0.084,287.9,128.9
3481,0.235,0.282,0.097,214.9,173.4
3482,0.189,0.319,0.11,514.1,298.5
3483,0.261,0.352,0.097,1358,1039
3484,0.271,0.39,0.123,1166.3,240.2
3485,0.228,0.291,0.104,174.8,20.4
3486,0.183,0.341,0.115,692.7,156.1
3487,0.183,0.313,0.101,340.8,125.3
3488,0.296,0.349,0.135,587.1,413
3489,0.123,0.212,0.08,319.9,59.2
3490,0.189,0.321,0.11,622.7,393
3491,0.234,0.338,0.113,139.7,194.8
3492,0.241,0.293,0.114,210.7,163.2
3493,0.229,0.309,0.126,367.6,120.7
3494,0.367,0.412,0.155,90.5,46.1
3495,0.307,0.3,0.132,347.6,53.3
3496,0.211,0.37,0.097,178.5,44.1
3497,0.206,0.311,0.147,59.1,449.6
3498,0.14,0.311,0.097,463,115.1
3499,0.254,0.288,0.083,207.9,51.7
3500,0.299,0.356,0.135,131.2,75.7
3501,0.163,0.339,0.108,409.2,138.9
3502,0.202,0.299,0.095,328.5,53.6
3503,0.164,0.31,0.096,176.3,47.5
3504,0.266,0.319,0.121,121.1,50.5
3505,0.122,0.252,0.073,245,113.1
3506,0.208,0.369,0.135,800.6,593.8
3507,0.275,0.321,0.105,757.6,158.2
3508,0.243,0.302,0.113,277.1,175.6
3509,0.197,0.268,0.086,158.8,73.2
3510,0.237,0.365,0.14,297.6,78.7
3511,0.238,0.33,0.124,396.4,179.5
3512,0.21,0.329,0.113,497.3,139.8
3513,0.363,0.304,0.12,256.4,32.1
3514,0.236,0.275,0.098,382.5,209.5
3515,0.167,0.347,0.11,134.2,380.3
3516,0.278,0.319,0.113,765.3,118.1
3517,0.144,0.23,0.093,192.3,56.5
3518,0.229,0.338,0.122,326.5,50.4
3519,0.19,0.426,0.177,636.7,676.7
3520,0.249,0.311,0.09,129.9,48
3521,0.231,0.357,0.119,360.8,452.5
3522,0.246,0.277,0.101,250.5,110.7
3523,0.212,0.23,0.098,155.5,114
3524,0.229,0.358,0.141,812.4,644
3525,0.197,0.366,0.112,161,58.9
3526,0.325,0.355,0.144,111.6,24.8
3527,0.361,0.304,0.123,303.2,109
3528,0.176,0.276,0.099,210.7,100.7
3529,0.349,0.344,0.145,909.4,120.7
3530,0.136,0.436,0.168,1092.4,244.6
3531,0.123,0.258,0.08,106.3,35.3
3532,0.182,0.281,0.105,121.6,54.3
3533,0.143,0.289,0.106,107.2,176.5
3534,0.179,0.325,0.104,625,67.6
3535,0.198,0.32,0.103,438,51.9
3536,0.145,0.335,0.09,413.9,182
3537,0.204,0.238,0.094,38.5,68
3538,0.207,0.313,0.101,1140.5,341.8
3539,0.304,0.338,0.122,457.2,127.1
3540,0.187,0.218,0.066,487.4,62.2
3541,0.218,0.306,0.153,145.9,373.9
3542,0.183,0.26,0.098,344.5,73.2
3543,0.218,0.284,0.124,293.1,250.7
3544,0.183,0.249,0.107,352.2,256
3545,0.182,0.275,0.1,236.2,58.8
3546,0.166,0.279,0.082,128.1,17.3
3547,0.259,0.319,0.101,252.6,61.2
3548,0.172,0.305,0.099,217.3,47.1
3549,0.15,0.268,0.078,256,54.8
3550,0.15,0.239,0.08,209,177.7
3551,0.27,0.306,0.122,228.9,65.9
3552,0.279,0.332,0.107,197.3,56.2
3553,0.262,0.293,0.124,145,43.3
3554,0.188,0.326,0.097,609.4,285.1
3555,0.236,0.381,0.14,1377.5,570
3556,0.35,0.307,0.093,160.5,67
3557,0.27,0.316,0.105,368.4,196.6
3558,0.285,0.316,0.115,183.9,28.9
3559,0.229,0.332,0.123,686.2,367.2
3560,0.166,0.336,0.128,395.3,96.2
3561,0.191,0.281,0.081,579.4,114.4
3562,0.186,0.292,0.1,125.2,100
3563,0.281,0.352,0.15,358.6,88.5
3564,0.212,0.27,0.091,346.4,66.4
3565,0.189,0.284,0.106,805.8,331.4
3566,0.211,0.368,0.135,567,281.3
3567,0.224,0.381,0.163,796.7,237.5
3568,0.314,0.373,0.124,226.4,28.3
3569,0.198,0.32,0.111,408.6,105
3570,0.177,0.371,0.144,1070.4,701.1
3571,0.135,0.223,0.074,529,450.1
3572,0.226,0.333,0.096,168.7,30.7
3573,0.141,0.364,0.158,355,93.9
3574,0.147,0.307,0.087,177.3,33.8
3575,0.205,0.337,0.096,86.1,81.7
3576,0.134,0.23,0.081,94.1,34.3
3577,0.219,0.32,0.1,839.2,521.9
3578,0.304,0.328,0.135,247.2,131.3
3579,0.186,0.239,0.088,257.3,87.1
3580,0.256,0.336,0.114,201.8,55.7
3581,0.269,0.347,0.145,329.1,191.2
3582,0.173,0.314,0.104,281.7,174.1
3583,0.133,0.317,0.134,435.6,155.1
3584,0.16,0.235,0.073,180.7,103.7
3585,0.264,0.307,0.108,125.3,54.3
3586,0.208,0.332,0.137,265,99.3
3587,0.244,0.338,0.134,1113.6,104.1
3588,0.179,0.281,0.099,246.7,174.2
3589,0.225,0.252,0.079,155.7,94.3
3590,0.221,0.189,0.072,184.1,1005.4
3591,0.284,0.358,0.172,77.7,67.2
3592,0.209,0.278,0.083,129.4,21.2
3593,0.119,0.326,0.115,826.8,146
3594,0.105,0.192,0.066,418.4,141.6
3595,0.214,0.291,0.106,536.4,143.7
3596,0.258,0.293,0.108,408.3,618.6
3597,0.363,0.364,0.128,239.4,48
3598,0.173,0.387,0.145,866.3,573.5
3599,0.156,0.241,0.079,412.1,241.4
3600,0.245,0.267,0.1,286.1,144.3
3601,0.176,0.274,0.099,272.9,109.6
3602,0.15,0.254,0.064,258.5,85.1
3603,0.278,0.334,0.115,520.1,81.9
3604,0.291,0.359,0.13,308.5,498.3
3605,0.163,0.292,0.091,258.5,131.8
3606,0.161,0.294,0.088,222.3,56.5
3607,0.226,0.287,0.12,225.3,130.5
3608,0.194,0.291,0.096,1253.5,166.8
3609,0.122,0.248,0.076,173.4,80.2
3610,0.184,0.32,0.112,264.3,100.7
3611,0.075,0.153,0.04,143.6,77.2
3612,0.229,0.363,0.177,663.9,280.5
3613,0.2,0.334,0.118,535.6,92.9
3614,0.146,0.291,0.09,160.3,28.5
3615,0.185,0.237,0.091,247.5,47.6
3616,0.269,0.319,0.101,231.4,58.6
3617,0.145,0.239,0.075,315.5,243.4
3618,0.177,0.322,0.125,450.5,60.2
3619,0.179,0.284,0.085,130.3,84.7
3620,0.195,0.279,0.103,403.7,300.5
3621,0.194,0.345,0.104,333.7,178.3
3622,0.264,0.321,0.147,222.8,51.8
3623,0.168,0.339,0.079,207.3,72.5
3624,0.218,0.386,0.126,1079.7,285.7
3625,0.222,0.327,0.111,196.8,25.5
3626,0.153,0.264,0.082,207.4,113.2
3627,0.139,0.294,0.09,632.1,200.7
3628,0.198,0.308,0.098,187.4,98.4
3629,0.402,0.317,0.115,363,105.2
3630,0.25,0.292,0.102,241.9,547.3
3631,0.321,0.37,0.122,890.2,365.7
3632,0.224,0.342,0.099,807.9,311.3
3633,0.214,0.338,0.134,582.6,239
3634,0.164,0.332,0.088,137.8,49.7
3635,0.18,0.294,0.104,388.5,90.6
3636,0.244,0.349,0.119,310.8,27.5
3637,0.221,0.257,0.13,199.4,163.5
3638,0.172,0.303,0.093,639.2,745.7
3639,0.247,0.32,0.107,534,138.7
3640,0.261,0.313,0.138,307.5,89.6
3641,0.26,0.318,0.141,569.5,148
3642,0.237,0.215,0.076,187.2,34.4
3643,0.29,0.32,0.103,262.3,180.4
3644,0.263,0.372,0.124,166.4,78.8
3645,0.238,0.309,0.109,186.7,47.8
3646,0.167,0.292,0.1,451.7,100.2
3647,0.295,0.372,0.16,596.4,210.1
3648,0.171,0.324,0.112,813.3,329
3649,0.153,0.288,0.076,236.9,33.3
3650,0.255,0.303,0.12,221.1,58.1
3651,0.212,0.353,0.139,577.5,317.3
3652,0.228,0.287,0.085,174.9,36.6
3653,0.34,0.326,0.103,155.5,108.5
3654,0.17,0.315,0.11,384.7,229.7
3655,0.134,0.291,0.098,364.6,108
3656,0.184,0.31,0.087,283.1,34.4
3657,0.246,0.26,0.103,111.3,81.2
3658,0.139,0.339,0.111,698.6,830.1
3659,0.235,0.297,0.089,299.5,22.5
3660,0.236,0.322,0.099,543.7,173.7
3661,0.265,0.39,0.139,398.6,354.7
3662,0.19,0.34,0.119,210,44.3
3663,0.239,0.285,0.119,520.2,112.7
3664,0.252,0.283,0.103,481.9,122.6
3665,0.162,0.289,0.101,551.7,251.5
3666,0.285,0.358,0.144,223.3,45
3667,0.14,0.316,0.107,184.4,89.7
3668,0.219,0.346,0.125,604.4,325.4
3669,0.199,0.334,0.109,232.9,47.2
3670,0.176,0.322,0.123,258.5,69.2
3671,0.2,0.379,0.148,775.7,249.7
3672,0.177,0.299,0.126,572,140.3
3673,0.118,0.218,0.088,345.5,1207.9
3674,0.144,0.237,0.065,593.4,437.9
3675,0.238,0.35,0.148,738.2,100
3676,0.15,0.313,0.129,276.5,92
3677,0.124,0.283,0.079,173.5,22.9
3678,0.109,0.204,0.074,262.1,258.9
3679,0.245,0.285,0.103,385,265.8
3680,0.239,0.303,0.122,150.5,20.1
3681,0.219,0.39,0.149,1083,278.1
3682,0.27,0.407,0.15,1797.1,709.2
3683,0.184,0.284,0.103,1295.8,2084
3684,0.308,0.274,0.112,277.4,93.6
3685,0.221,0.229,0.081,205.3,77.1
3686,0.281,0.342,0.148,355.5,68.7
3687,0.204,0.33,0.11,196,24.9
3688,0.054,0.235,0.057,149.3,32.8
3689,0.31,0.338,0.109,218.5,70.7
3690,0.257,0.339,0.132,864.7,118.1
3691,0.148,0.269,0.091,304.9,159
3692,0.386,0.318,0.131,248.7,71.7
3693,0.263,0.309,0.119,801.4,384.5
3694,0.208,0.323,0.118,550.2,64.7
3695,0.265,0.347,0.138,199.1,35.5
3696,0.214,0.306,0.123,499,224.1
3697,0.145,0.28,0.099,329.6,36.8
3698,0.239,0.329,0.107,311.4,163.7
3699,,0.208,0.066,174.7,58.5
3700,0.146,0.218,0.089,497.5,200.7
3701,0.246,0.33,0.107,145.7,102.5
3702,0.204,0.357,0.127,397.5,469.1
3703,0.2,0.388,0.154,1001.6,523.4
3704,0.236,0.357,0.147,881.4,356.1
3705,0.322,0.324,0.099,146.7,33.5
3706,0.244,0.314,0.136,268.6,119.8
3707,0.181,0.283,0.097,255.5,142.7
3708,0.271,0.325,0.113,263,83
3709,0.192,0.301,0.096,288.7,113.3
3710,0.219,0.338,0.107,319.8,161.6
3711,0.274,0.307,0.121,184.7,77.5
3712,0.178,0.247,0.095,281,181.2
3713,0.145,0.28,0.09,250.6,95.9
3714,0.292,0.311,0.122,178.9,48
3715,0.235,0.3,0.084,197.1,26.3
3716,0.101,0.295,0.084,285,126.3
3717,0.196,0.28,0.108,471.7,91
3718,0.202,0.312,0.106,187.3,61
3719,0.182,0.306,0.105,613.5,133.5
3720,0.312,0.33,0.107,167.1,106.1
3721,0.148,0.299,0.077,239.3,38
3722,0.233,0.304,0.085,473.5,90.1
3723,0.179,0.294,0.101,266.3,45
3724,0.261,0.317,0.128,567.8,94.6
3725,0.397,0.332,0.13,202.7,34.8
3726,0.221,0.322,0.106,226.6,173
3727,0.193,0.282,0.099,267.2,69.4
3728,0.142,0.18,0.086,202.1,332.7
3729,0.169,0.344,0.119,312.5,104.7
3730,0.177,0.29,0.091,263,153.1
3731,0.223,0.367,0.161,664.8,379.2
3732,0.233,0.353,0.132,184.1,33.6
3733,0.399,0.323,0.1,246,33.8
3734,0.197,0.309,0.107,225.7,91
3735,0.168,0.312,0.087,253.9,97.4
3736,0.259,0.33,0.113,223.4,77.3
3737,0.215,0.29,0.117,271.2,83.1
3738,0.18,0.335,0.119,160.7,50.9
3739,0.254,0.318,0.141,402.2,103.2
3740,0.169,0.21,0.07,314.3,26.1
3741,0.222,0.329,0.123,754.1,125.1
3742,0.229,0.373,0.12,486.4,174.2
3743,0.206,0.309,0.12,243.2,94.5
3744,0.179,0.274,0.113,445.6,307.1
3745,0.18,0.342,0.111,452.1,42.7
3746,0.247,0.346,0.129,240.3,59.9
3747,0.235,0.255,0.112,269.9,83.2
3748,0.184,0.318,0.149,736.2,124
3749,0.091,0.2,0.067,308.5,193.8
3750,0.248,0.362,0.107,458.4,250.1
3751,0.201,0.27,0.099,409.3,627.4
3752,0.192,0.321,0.101,245.4,55.6
3753,0.234,0.276,0.124,495.3,125.8
3754,0.293,0.31,0.119,315.9,145
3755,0.283,0.359,0.121,271.2,208.6
3756,0.468,0.31,0.13,226,108.4
3757,0.254,0.363,0.143,729,302.4
3758,0.207,0.262,0.095,173.8,33.3
3759,0.176,0.291,0.099,148.8,41.3
3760,0.192,0.258,0.096,119.9,59.8
3761,0.178,0.247,0.079,234.7,227.6
3762,0.203,0.34,0.119,301.3,429.6
3763,0.182,0.366,0.129,597.4,129.7
3764,0.187,0.319,0.103,146,47.9
3765,0.236,0.328,0.132,251.2,115.7
3766,0.2,0.318,0.114,264,78
3767,0.193,0.282,0.104,482.2,173.4
3768,0.265,0.296,0.107,148.8,27.5
3769,0.226,0.274,0.088,270.5,66.7
3770,0.128,0.222,0.082,186,108.3
3771,0.153,0.291,0.087,346.8,139.6
3772,0.258,0.331,0.126,495.4,127.7
3773,0.17,0.22,0.086,275.2,101.8
3774,0.199,0.309,0.115,1654.9,1834.3
3775,0.183,0.272,0.08,154.7,34
3776,0.228,0.323,0.133,190.6,54
3777,0.171,0.271,0.085,369.2,95.9
3778,0.254,0.342,0.104,201.2,43.6
3779,0.184,0.258,0.075,110.4,120.1
3780,0.245,0.288,0.099,282.5,117.6
3781,0.216,0.285,0.096,439.3,221.2
3782,0.273,0.3,0.117,209.5,47.5
3783,0.197,0.292,0.108,482,76.3
3784,0.158,0.224,0.085,187.3,330.3
3785,0.298,0.346,0.103,310.7,350
3786,0.291,0.29,0.117,128.1,125.8
3787,0.198,0.342,0.093,441.6,82.3
3788,0.185,0.423,0.153,1460.5,395.6
3789,0.19,0.363,0.17,772.6,329.6
3790,0.206,0.293,0.101,252.3,54.2
3791,0.23,0.321,0.132,313.1,121.9
3792,0.212,0.344,0.098,426.3,468.4
3793,0.209,0.293,0.085,183.3,61.1
3794,0.243,0.323,0.105,378.2,85.9
3795,0.163,0.281,0.066,157.8,32.6
3796,0.175,0.285,0.082,553.6,126.1
3797,0.304,0.309,0.105,246.4,82.8
3798,0.214,0.283,0.107,339.5,56.2
3799,0.337,0.317,0.107,248.1,79.9
3800,0.199,0.307,0.114,408.4,258.7
3801,0.165,0.311,0.109,894.3,859.6
3802,0.198,0.334,0.106,361.8,174.5
3803,0.297,0.325,0.117,165.1,27.8
3804,0.157,0.319,0.096,500.1,90.6
3805,0.174,0.364,0.125,623.6,282.1
3806,0.264,0.334,0.13,267,56.9
3807,0.228,0.357,0.121,226.1,49.4
3808,0.239,0.285,0.093,216.6,80
3809,0.182,0.248,0.077,300.4,140.3
3810,0.208,0.32,0.116,188.6,407.4
3811,0.215,0.289,0.097,209.4,48.3
3812,0.299,0.322,0.113,132,114.8
3813,0.164,0.298,0.1,328.2,107.4
3814,0.268,0.267,0.096,367.6,50.4
3815,0.215,0.336,0.1,321.9,96.5
3816,0.122,0.269,0.099,289.3,179.6
3817,0.135,0.219,0.074,264.9,177.5
3818,0.164,0.265,0.086,177.3,51.3
3819,0.233,0.31,0.093,476.1,79.5
3820,0.177,0.283,0.11,188.8,46.6
3821,0.217,0.349,0.13,345.9,140.2
3822,0.17,0.336,0.117,743.9,851
3823,0.167,0.278,0.078,349.4,81.7
3824,0.232,0.334,0.105,275.4,67.5
3825,0.244,0.31,0.124,405,218.6
3826,0.228,0.283,0.094,399.1,79.2
3827,0.322,0.336,0.122,91.4,30.6
3828,0.203,0.326,0.098,526.9,121.7
3829,0.268,0.309,0.105,141.9,59.1
3830,0.243,0.274,0.071,323.7,58.9
3831,0.175,0.193,0.059,576.8,190.6
3832,0.339,0.375,0.116,133.9,42.2
3833,0.259,0.321,0.128,195.6,58.4
3834,0.198,0.299,0.115,412.8,287.1
3835,0.34,0.324,0.111,389.5,108.1
3836,0.105,0.2,0.072,269.7,223.8
3837,0.139,0.323,0.146,405.2,215.7
3838,0.145,0.296,0.106,281,50.8
3839,0.159,0.278,0.092,207.8,38.3
3840,0.191,0.255,0.073,390.5,89.6
3841,0.219,0.333,0.111,366.4,71
3842,0.249,0.336,0.114,430.2,205.4
3843,0.164,0.384,0.133,553.7,770
3844,0.293,0.329,0.106,255,27.7
3845,0.275,0.369,0.141,1039.8,354.1
3846,0.096,0.221,0.08,213.4,98.4
3847,0.273,0.38,0.138,935.8,3439.9
3848,0.132,0.268,0.086,228.6,79.9
3849,0.147,0.251,0.095,133.7,65.9
3850,0.268,0.322,0.093,151.4,44.7
3851,0.195,0.182,0.059,892.5,1222.5
3852,0.178,0.256,0.061,378.5,74.2
3853,0.138,0.289,0.097,209.6,77.9
3854,0.164,0.283,0.095,228,173
3855,0.187,0.272,0.106,810.9,341
3856,0.135,0.26,0.112,205.6,382.7
3857,0.153,0.27,0.065,343.5,41.7
3858,0.277,0.34,0.112,203.6,119.6
3859,0.246,0.298,0.107,234.2,113
3860,0.263,0.305,0.092,258.3,54.2
3861,0.192,0.331,0.111,792.9,484.8
3862,0.199,0.317,0.103,463.4,383.2
3863,0.288,0.386,0.172,193.8,39
3864,0.282,0.314,0.12,729.2,140.8
3865,0.158,0.285,0.097,613.2,273.9
3866,0.201,0.369,0.124,790.2,142.2
3867,0.211,0.302,0.086,343.7,74.3
3868,0.151,0.305,0.08,128.4,44.4
3869,0.271,0.317,0.124,198.2,97.2
3870,0.242,0.326,0.142,211.2,32.5
3871,0.232,0.298,0.117,366.2,100.7
3872,0.229,0.309,0.12,285.7,65.8
3873,0.211,0.325,0.125,199,57.7
3874,0.221,0.322,0.129,206.2,55.4
3875,0.333,0.31,0.119,213.5,37.4
3876,0.246,0.278,0.114,458.1,295.2
3877,0.249,0.363,0.128,321.1,86.5
3878,0.189,0.26,0.072,226.4,42.7
3879,0.277,0.336,0.121,421.1,91.2
3880,0.169,0.303,0.085,205.6,205.4
3881,0.236,0.325,0.103,246.8,141.5
3882,0.157,0.285,0.08,517.4,595.6
3883,0.157,0.287,0.071,284.3,36
3884,0.146,0.261,0.084,256.2,105.2
3885,0.263,0.354,0.143,1029.2,382.9
3886,0.125,0.217,0.072,270.3,150.1
3887,0.277,0.315,0.136,205,103.6
3888,0.183,0.277,0.092,358.1,255.4
3889,0.225,0.332,0.113,508.3,164.5
3890,0.183,0.339,0.127,559.9,712.6
3891,0.233,0.301,0.112,490.4,114.1
3892,0.376,0.364,0.138,43,110.9
3893,0.309,0.294,0.105,148.8,17.4
3894,0.251,0.332,0.127,376.9,57.4
3895,0.154,0.233,0.086,326.2,187.5
3896,0.222,0.318,0.131,228.3,75.3
3897,0.238,0.233,0.088,224.7,69.3
3898,0.18,0.303,0.092,447.4,231.7
3899,0.256,0.358,0.144,400.8,235.9
3900,0.099,0.253,0.077,67.9,22.2
3901,0.276,0.323,0.114,152.6,146.5
3902,0.263,0.3,0.117,206.4,67.2
3903,0.321,0.281,0.107,395,75.8
3904,0.193,0.335,0.114,443.6,97.4
3905,0.155,0.327,0.119,172.3,39.8
3906,0.267,0.411,0.163,1450.7,372.4
3907,0.123,0.234,0.092,215.1,289.6
3908,0.254,0.277,0.093,329,89.2
3909,0.285,0.277,0.115,386.9,78.8
3910,0.277,0.386,0.168,566.4,381
3911,0.181,0.319,0.1,227.2,34.7
3912,0.23,0.304,0.119,306.7,79.5
3913,0.133,0.251,0.089,405.1,504.4
3914,0.331,0.354,0.115,665.8,170.3
3915,0.301,0.371,0.122,660.9,124.8
3916,0.125,0.208,0.074,103,188.4
3917,0.095,0.16,0.069,587.8,2021.7
3918,0.143,0.241,0.092,398.3,1078.8
3919,0.15,0.301,0.071,445.5,47.2
3920,0.195,0.274,0.093,156.4,18.6
3921,0.213,0.403,0.16,1165.3,580
3922,0.188,0.3,0.1,207.2,36.5
3923,0.129,0.157,0.073,784.2,2391.2
3924,0.239,0.287,0.114,159.9,130.7
3925,0.309,0.366,0.148,164.9,27.1
3926,0.158,0.254,0.072,580.1,156.7
3927,0.186,0.331,0.096,217.2,29.3
3928,0.084,0.246,0.076,228.9,168.7
3929,0.329,0.344,0.112,226.2,129.7
3930,0.342,0.354,0.136,140.7,42.2
3931,0.194,0.357,0.122,538.5,82.3
3932,0.28,0.328,0.113,220.2,68.1
3933,0.183,0.36,0.146,1029.9,338.4
3934,0.217,0.332,0.105,707.4,217.1
3935,0.239,0.315,0.112,293.3,48.6
3936,0.167,0.295,0.086,440.3,65.5
3937,0.261,0.377,0.138,286,64.2
3938,0.225,0.284,0.082,369.8,101.3
3939,0.289,0.315,0.127,186,26.9
3940,0.166,0.34,0.103,259.9,26.7
3941,0.214,0.298,0.114,438.9,195.4
3942,0.255,0.316,0.113,249.8,83.4
3943,0.241,0.377,0.103,725.2,657.2
3944,0.23,0.361,0.154,901.2,307.7
3945,0.217,0.291,0.114,273.6,86.7
3946,0.296,0.322,0.137,598,111.1
3947,0.103,0.21,0.076,318.6,210
3948,0.243,0.26,0.115,302,107.2
3949,0.189,0.351,0.102,208,44.5
3950,0.255,0.3,0.081,818.2,137
3951,0.115,0.238,0.073,301.8,155.5
3952,0.236,0.336,0.151,529.6,79.2
3953,0.242,0.38,0.159,1534.4,362.3
3954,0.161,0.344,0.128,298,577.9
3955,0.173,0.297,0.087,75.8,56.1
3956,0.161,0.302,0.11,296.6,46.1
3957,0.215,0.355,0.128,552.2,397
3958,0.171,0.251,0.112,370.8,299.3
3959,0.413,0.281,0.118,234.8,70.3
3960,0.111,0.222,0.078,152.3,259.8
3961,0.234,0.251,0.095,102,40.8
3962,0.25,0.305,0.102,263.5,66
3963,0.203,0.332,0.072,271.7,31.1
3964,0.196,0.361,0.126,956.7,261.2
3965,0.246,0.329,0.109,542.6,121.3
3966,0.244,0.314,0.097,232.7,68.2
3967,0.272,0.329,0.135,180.1,88.6
3968,0.161,0.259,0.083,167.5,132
3969,0.231,0.333,0.107,281.6,80.3
3970,0.323,0.31,0.126,167.5,74.8
3971,0.373,0.362,0.108,209.7,87
3972,0.22,0.288,0.11,165.6,60
3973,0.282,0.282,0.098,548,89.2
3974,0.301,0.304,0.132,316.5,69.1
3975,0.208,0.299,0.12,415,188.9
3976,0.169,0.294,0.081,223.4,43.4
3977,0.178,0.314,0.102,517.9,147.5
3978,0.186,0.339,0.107,174.2,69.1
3979,0.139,0.303,0.096,188.1,40.9
3980,0.226,0.272,0.093,300.2,48.9
3981,0.229,0.333,0.124,66.3,62
3982,0.169,0.334,0.097,156.8,
3983,0.261,0.354,0.126,241.4,49.9
3984,0.265,0.355,0.119,705.2,81.6
3985,0.261,0.292,0.13,149,39.1
3986,0.171,0.273,0.089,527.7,312.3
3987,0.158,0.279,0.092,435.3,260.7
3988,0.185,0.326,0.096,455.3,3764.1
3989,0.2,0.327,0.112,335.8,64
3990,0.245,0.339,0.118,294.7,60.1
3991,0.171,0.294,0.079,276,56.3
3992,0.27,0.342,0.121,579.5,354.9
3993,0.256,0.328,0.117,136,41.6
3994,0.139,0.308,0.103,258.5,71.4
3995,0.141,0.219,0.066,489.5,397.4
3996,0.316,0.293,0.111,277.4,130.3
3997,0.121,0.219,0.071,297.7,124.2
3998,0.189,0.218,0.117,293.7,259.5
3999,0.158,0.228,0.08,429.5,287.5
4000,0.314,0.3,0.14,225.6,92.5
4001,0.267,0.332,0.124,282.2,73.7
4002,0.164,0.34,0.123,1280.9,460.4
4003,0.377,0.337,0.12,200.8,73.6
4004,0.18,0.324,0.129,207.4,76.2
4005,0.125,0.298,0.097,130.6,71.3
4006,0.218,0.32,0.129,180,55.1
4007,0.192,0.275,0.093,588,397.9
4008,0.205,0.283,0.112,232.3,64.2
4009,0.211,0.398,0.141,1036,425.3
4010,0.092,0.195,0.064,389.5,1070.5
4011,0.213,0.294,0.081,158.3,32.7
4012,0.361,0.358,0.149,332.4,150.7
4013,0.234,0.345,0.14,797.7,369.1
4014,0.193,0.28,0.084,207.7,22.5
4015,0.245,0.233,0.106,351.7,119.7
4016,0.211,0.326,0.143,540.8,248.5
4017,0.204,0.255,0.075,339.3,63
4018,0.209,0.369,0.132,380.1,431.8
4019,0.252,0.323,0.126,85.5,56.8
4020,0.227,0.256,0.09,556.9,62.4
4021,0.158,0.348,0.143,65.2,74.3
4022,0.258,0.359,0.145,791.5,234.5
4023,0.254,0.33,0.111,115.3,73.4
4024,0.209,0.319,0.108,259.1,87.2
4025,0.079,0.184,0.07,232,416.8
4026,0.183,0.322,0.122,423.2,166.5
4027,0.244,0.263,0.112,271,59.6
4028,0.234,0.258,0.093,152.2,66.5
4029,0.263,0.354,0.117,300.3,309.4
4030,0.194,0.305,0.088,696.7,180.1
4031,0.232,0.275,0.092,321,371.3
4032,0.154,0.243,0.07,170.8,62.4
4033,0.246,0.402,0.127,1324.6,572.1
4034,0.168,0.216,0.089,535,252.9
4035,0.203,0.362,0.134,578.4,299.8
4036,0.216,0.356,0.142,1237.7,439.2
4037,0.242,0.295,0.093,123.1,37
4038,0.196,0.282,0.083,685.8,133.6
4039,0.142,0.247,0.067,147.9,48.3
4040,0.228,0.367,0.154,162.8,35.2
4041,0.114,0.233,0.087,223.7,249.9
4042,0.186,0.284,0.074,141.9,91.5
4043,0.232,0.311,0.098,256,70.5
4044,0.266,0.344,0.163,121.6,29.8
4045,0.312,0.332,0.128,240,47.4
4046,0.276,0.351,0.098,169,71.4
4047,0.173,0.264,0.111,127.4,120.3
4048,0.246,0.358,0.125,91.4,118.6
4049,0.206,0.414,0.151,1262.3,362.5
4050,0.339,0.316,0.134,199.3,84
4051,0.124,0.303,0.09,386.2,95.3
4052,0.141,0.218,0.05,444.6,78.8
4053,0.183,0.3,0.117,496.3,212.7
4054,0.166,0.306,0.076,211.4,70.1
4055,0.207,0.318,0.11,438,159
4056,0.36,0.316,0.107,264.6,81.8
4057,0.221,0.3,0.134,198.9,64.3
4058,0.212,0.322,0.117,855.3,592.9
4059,0.262,0.415,0.131,420.7,430.9
4060,0.192,0.378,0.098,226.9,56.2
4061,0.22,0.324,0.13,321.6,58.8
4062,0.176,0.307,0.095,595.1,154.6
4063,0.305,0.383,0.16,639.2,219.8
4064,0.206,0.312,0.108,317.3,57.3
4065,0.511,0.299,0.115,162.5,44.4
4066,0.197,0.337,0.104,202.6,28.2
4067,0.226,0.331,0.099,295.8,67.4
4068,0.063,0.247,0.063,239.9,53.9
4069,0.309,0.294,0.132,218.4,32
4070,0.238,0.329,0.141,166.5,43.8
4071,0.221,0.321,0.091,261.6,19
4072,0.162,0.322,0.109,206.4,59.4
4073,0.141,0.262,0.086,152.2,69.5
4074,0.311,0.303,0.12,172.6,67.3
4075,0.185,0.295,0.105,439.9,239.7
4076,0.245,0.383,0.132,953.9,475.9
4077,0.121,0.224,0.066,250.3,102.4
4078,0.258,0.323,0.105,382.3,142.6
4079,0.193,0.352,0.111,404.3,144.5
4080,0.22,0.354,0.144,735.8,165.1
4081,0.183,0.262,0.091,704.8,558.5
4082,0.266,0.331,0.129,419.6,206.9
4083,0.177,0.378,0.149,367.5,92
4084,0.174,0.167,0.055,335.2,78.4
4085,0.227,0.298,0.104,302.2,84.2
4086,0.187,0.292,0.104,442.4,145.9
4087,0.285,0.329,0.115,232.7,105.9
4088,0.169,0.333,0.094,261.3,59.8
4089,0.249,0.322,0.1,267.1,166.8
4090,0.132,0.229,0.093,575.2,862.6
4091,0.201,0.368,0.117,651.9,252.7
4092,0.206,0.3,0.119,123,48.1
4093,0.212,0.304,0.093,358.5,63.9
4094,0.115,0.149,0.047,282.3,182.1
4095,0.095,0.277,0.085,233.7,107.9
4096,0.131,0.283,0.071,503,154.1
4097,0.095,0.185,0.067,109.8,60.3
4098,0.159,0.384,0.158,435.8,256.5
4099,0.181,0.385,0.157,837.3,174.5
4100,0.205,0.354,0.098,164.5,396.8
4101,0.235,0.389,0.138,1003.9,346.8
4102,0.207,0.316,0.107,153.4,30.9
4103,0.149,0.291,0.111,169,23.8
4104,0.256,0.295,0.097,213.3,21.7
4105,0.295,0.283,0.083,311.5,24.7
4106,0.168,0.255,0.086,196.8,76.9
4107,0.278,0.332,0.125,319.6,107.8
4108,0.213,0.29,0.095,382,349.4
4109,0.192,0.353,0.143,1277.4,755.5
4110,0.141,0.235,0.09,329.7,235
4111,0.108,0.224,0.065,356.1,59.6
4112,0.199,0.389,0.173,462.9,258
4113,0.152,0.23,0.055,160.6,152.6
4114,0.286,0.354,0.135,174.5,73.3
4115,0.209,0.343,0.132,1098.7,451
4116,0.193,0.31,0.12,184.3,111.5
4117,0.19,0.296,0.1,157.1,51.1
4118,0.239,0.369,0.137,1049.9,120.2
4119,0.362,0.368,0.152,895.8,252.1
4120,0.264,0.314,0.135,298.1,56.4
4121,0.186,0.306,0.099,234.2,26.4
4122,0.188,0.292,0.105,610.8,440.6
4123,0.23,0.401,0.138,1248.9,776.9
4124,0.163,0.138,0.045,359.1,271.4
4125,0.283,0.325,0.1,368.3,386.5
4126,0.193,0.234,0.093,145.8,86.3
4127,0.177,0.309,0.105,182.8,69
4128,0.2,0.238,0.11,421.6,422.9
4129,0.152,0.301,0.118,233.2,
4130,0.145,0.269,0.08,288.1,120.9
4131,0.186,0.264,0.1,337.5,180
4132,0.151,0.33,0.1,353.9,170.5
4133,0.297,0.339,0.101,175.1,84.5
4134,0.255,0.299,0.129,349.8,138.1
4135,0.234,0.323,0.119,122,40.1
4136,0.246,0.353,0.136,383,99.5
4137,0.287,0.338,0.137,449.3,130.4
4138,0.216,0.313,0.105,108.5,122.6
4139,0.339,0.355,0.12,286.3,79.1
4140,0.131,0.184,0.058,151,46.3
4141,0.228,0.327,0.13,187.5,83.1
4142,0.198,0.322,0.114,409.7,52.3
4143,0.211,0.315,0.114,350.5,104.5
4144,0.175,0.303,0.09,182.7,37.5
4145,0.222,0.379,0.113,226.8,80.1
4146,0.361,0.349,0.139,52.7,30
4147,0.085,0.243,0.104,236.7,282
4148,0.167,0.279,0.103,161.9,83.6
4149,0.258,0.398,0.12,777.7,396.8
4150,0.175,0.348,0.133,288.5,94.7
4151,0.177,0.388,0.118,821.5,235.8
4152,0.21,0.304,0.097,661.9,173.4
4153,0.264,0.334,0.117,258.7,64.3
4154,0.212,0.268,0.072,146.3,42
4155,0.211,0.308,0.122,131.9,61.8
4156,0.17,0.266,0.091,206.3,97.1
4157,0.23,0.302,0.108,159.2,101.5
4158,0.15,0.246,0.085,472,434.5
4159,0.304,0.326,0.124,308.3,135.6
4160,0.192,0.29,0.103,573.5,215
4161,0.257,0.353,0.118,339.8,151.3
4162,0.214,0.335,0.097,138.5,42.8
4163,0.219,0.18,0.055,137.5,87.2
4164,0.223,0.318,0.103,646.6,222.9
4165,0.27,0.371,0.138,554.1,131
4166,0.162,0.282,0.085,530,200.9
4167,0.17,0.276,0.097,392.5,449.5
4168,0.265,0.331,0.105,256.5,57
4169,0.181,0.479,0.194,1636.6,242.8
4170,0.19,0.27,0.102,327,86.8
4171,0.211,0.26,0.089,253.1,55.1
4172,0.147,0.303,0.084,349.4,59.5
4173,0.233,0.374,0.107,270.9,75.9
4174,0.146,0.273,0.118,288.8,56.7
4175,0.191,0.227,0.079,214.7,81.1
4176,0.219,0.241,0.065,423.8,53.4
4177,0.21,0.339,0.094,88.7,102.3
4178,0.218,0.297,0.127,238.6,44.2
4179,0.142,0.248,0.073,278.5,65
4180,0.173,0.346,0.118,1048.2,848.5
4181,0.31,0.326,0.132,77.7,56.9
4182,0.201,0.302,0.123,99.6,69.8
4183,0.134,0.289,0.089,191.4,96.6
4184,0.188,0.32,0.092,138.5,15.8
4185,0.277,0.357,0.129,362,80.3
4186,0.26,0.29,0.087,477.5,358.2
4187,0.234,0.314,0.121,213.3,56.2
4188,0.257,0.303,0.131,379.6,107.2
4189,0.191,0.365,0.12,1131.2,480.4
4190,0.169,0.308,0.083,105.5,38.8
4191,0.224,0.32,0.089,190.4,58.3
4192,0.15,0.29,0.094,341.6,122.7
4193,0.215,0.315,0.103,149.9,49.3
4194,0.189,0.273,0.093,475.8,177.7
4195,0.172,0.266,0.092,152.3,27.4
4196,0.223,0.278,0.122,245.1,58.7
4197,0.223,0.314,0.103,181.1,107.6
4198,0.211,0.283,0.108,348.5,140
4199,0.131,0.303,0.074,162.7,36.1
4200,0.156,0.251,0.058,409.1,89.1
4201,0.186,0.302,0.137,283.9,233.6
4202,0.241,0.317,0.114,103.8,52.8
4203,0.186,0.318,0.092,131,61.8
4204,0.21,0.282,0.104,492.6,136.9
4205,0.219,0.306,0.102,607.1,73.7
4206,0.152,0.202,0.051,151,41.4
4207,0.142,0.273,0.088,102,31.8
4208,0.251,0.34,0.139,371.3,60.1
4209,0.157,0.326,0.129,213.6,56
4210,0.295,0.303,0.093,332,64.9
4211,0.39,0.361,0.11,316.9,72.4
4212,0.155,0.201,0.063,182.9,31.8
4213,0.249,0.32,0.125,100.9,40.5
4214,0.239,0.285,0.108,257.6,68.7
4215,0.216,0.25,0.067,448.3,178.8
4216,0.262,0.345,0.126,176.5,49.7
4217,0.092,0.265,0.106,237.5,56.3
4218,0.156,0.291,0.082,243.5,109.9
4219,0.232,0.294,0.096,244.1,171
4220,0.178,0.214,0.059,474.8,146.9
4221,0.284,0.356,0.11,126.4,218.3
4222,0.209,0.363,0.122,1407,271
4223,0.197,0.292,0.122,103.3,51
4224,0.11,0.31,0.077,189.9,15.2
4225,0.145,0.246,0.072,530.8,264.2
4226,0.266,0.293,0.103,228.7,61.7
4227,0.219,0.3,0.124,581.4,450.5
4228,0.252,0.327,0.082,460.1,65.5
4229,0.201,0.294,0.121,144.6,36.1
4230,0.226,0.288,0.09,153.6,108
4231,0.157,0.295,0.087,450.9,188
4232,0.228,0.32,0.089,194.7,28.2
4233,0.29,0.295,0.108,473.3,136.3
4234,0.257,0.303,0.11,298.1,66.9
4235,0.163,0.305,0.092,136.3,51.5
4236,0.116,0.294,0.074,180,39.5
4237,0.171,0.288,0.098,195.9,49.8
4238,0.247,0.326,0.142,147.2,69.6
4239,0.183,0.298,0.082,180,36.3
4240,0.182,0.276,0.1,343.1,488.8
4241,0.177,0.33,0.096,322.2,103.9
4242,0.209,0.357,0.1,326.4,72.8
4243,0.188,0.326,0.106,456,119.4
4244,0.109,0.259,0.092,109.8,82.5
4245,0.21,0.277,0.083,122.8,54.6
4246,0.224,0.379,0.138,537.8,
4247,0.274,0.338,0.147,410.6,390
4248,0.227,0.312,0.123,329.8,81
4249,0.144,0.279,0.096,294.8,71.7
4250,0.276,0.349,0.102,214,58.4
4251,0.353,0.367,0.165,124.3,70.2
4252,0.123,0.255,0.087,158.1,66.3
4253,0.111,0.225,0.068,324.2,405.8
4254,0.215,0.309,0.124,387.8,503.3
4255,0.118,0.198,0.08,199.4,164.1
4256,0.141,0.226,0.068,204.6,56.6
4257,0.189,0.349,0.14,692.8,349.9
4258,0.181,0.256,0.087,288.3,244.1
4259,0.183,0.309,0.109,224.5,38.8
4260,0.226,0.267,0.07,542.9,30
4261,0.293,0.361,0.162,242.6,77.7
4262,0.145,0.259,0.089,262.7,39.5
4263,0.101,0.201,0.06,281.5,191.1
4264,0.209,0.332,0.088,512.4,63.4
4265,0.2,0.365,0.112,681.1,176.7
4266,0.225,0.286,0.109,255.5,92.2
4267,0.255,0.297,0.099,188.1,79.4
4268,0.192,0.306,0.118,552.7,326
4269,0.203,0.314,0.14,526.9,176
4270,0.217,0.285,0.088,169.8,34.4
4271,0.205,0.294,0.091,451.3,208.2
4272,0.206,0.314,0.098,289.8,23.9
4273,0.211,0.373,0.14,879.3,934.4
4274,0.174,0.297,0.099,267.6,45.3
4275,,0.286,0.104,257.7,
4276,0.186,0.312,0.117,607.4,225.6
4277,0.231,0.283,0.095,252.9,474.4
4278,,0.273,0.112,424.3,191.8
4279,,0.307,0.099,229,
4280,0.18,0.3,0.102,256.5,206.3
4281,0.203,0.357,0.168,902,127.6
4282,0.228,0.325,0.128,192.7,54.3
4283,0.168,0.288,0.069,406.5,41.9
4284,0.197,0.303,0.1,628.8,375.6
4285,0.239,0.365,0.132,760.5,375.3
4286,0.116,0.237,0.076,413.1,211.7
4287,0.226,0.178,0.068,149.9,24.6
4288,0.177,0.283,0.087,153.6,106.6
4289,0.292,0.378,0.168,701.5,375.7
4290,0.229,0.353,0.134,426.4,157.2
4291,0.161,0.271,0.089,271.3,35.2
4292,0.162,0.337,0.124,178.4,69.4
4293,0.212,0.334,0.132,348.9,77.6
4294,0.194,0.249,0.094,274.7,422.4
4295,0.242,0.348,0.131,133.4,20
4296,0.284,0.369,0.133,921.2,160.4
4297,0.167,0.266,0.084,137,28.5
4298,0.136,0.281,0.091,173,24.3
4299,0.208,0.269,0.083,124.4,26.3
4300,0.197,0.227,0.073,493.5,49.9
4301,0.394,0.335,0.122,200.6,106.1
4302,0.216,0.34,0.115,317.3,380.2
4303,0.298,0.33,0.14,272.8,198.1
4304,0.183,0.268,0.105,575,558.2
4305,0.296,0.329,0.139,418.1,144.9
4306,0.34,0.329,0.107,373.7,60.5
4307,0.183,0.296,0.086,221.7,571.2
4308,0.198,0.372,0.122,339.8,58.9
4309,0.249,0.36,0.119,196.2,66.2
4310,0.18,0.237,0.078,496.9,95.9
4311,0.25,0.265,0.102,338.3,202.1
4312,0.156,0.336,0.1,521.7,293
4313,0.186,0.166,0.055,133.2,211.6
4314,0.205,0.312,0.1,235.9,33.2
4315,0.24,0.283,0.099,615.3,92.2
4316,0.159,0.327,0.086,193,19.1
4317,0.21,0.283,0.115,175.5,72.3
4318,0.159,0.276,0.098,220.3,41.9
4319,0.33,0.259,0.089,373.2,244.7
4320,0.095,0.145,0.039,275.3,153.4
4321,0.23,0.406,0.147,1343.3,502.4
4322,0.226,0.289,0.086,321.9,32.8
4323,0.192,0.243,0.081,398.6,110
4324,0.148,0.193,0.05,279.8,76
4325,0.135,0.271,0.104,314.3,345
4326,0.135,0.24,0.054,553.2,165.2
4327,0.164,0.289,0.095,470.2,274.5
4328,0.156,0.277,0.072,259.7,120.1
4329,0.229,0.298,0.151,775.6,393.8
4330,0.143,0.267,0.093,111.9,21.5
4331,0.262,0.353,0.147,454.5,143.7
4332,0.226,0.336,0.109,899.3,329.7
4333,0.144,0.358,0.13,1136.2,139.6
4334,0.24,0.245,0.098,429.2,87.8
4335,0.125,0.228,0.069,360.5,181.2
4336,0.138,0.297,0.091,473.4,150.7
4337,0.081,0.229,0.07,287.5,108.5
4338,0.155,0.306,0.085,209.7,58.1
4339,0.284,0.288,0.129,216.2,43.4
4340,0.121,0.231,0.075,488.7,457.5
4341,0.228,0.316,0.106,114.9,90.5
4342,0.341,0.365,0.126,180.9,47.2
4343,0.151,0.289,0.08,288.3,57.5
4344,0.188,0.337,0.11,681.5,269.6
4345,0.191,0.334,0.106,155.8,56.7
4346,0.144,0.252,0.072,689.8,383.1
4347,0.214,0.34,0.107,217.9,26.5
4348,0.168,0.31,0.092,266.2,65
4349,0.249,0.302,0.124,189.9,150.4
4350,0.211,0.371,0.14,946,181
4351,0.243,0.305,0.101,337.6,121.9
4352,0.27,0.313,0.104,245.4,39.7
4353,0.104,0.272,0.082,187.4,40.7
4354,0.226,0.315,0.127,126,57.4
4355,0.14,0.214,0.075,130.2,226.9
4356,0.201,0.324,0.106,295.1,46.8
4357,0.166,0.357,0.148,553.5,176.4
4358,0.317,0.294,0.125,443.6,52.8
4359,0.217,0.293,0.09,207.1,66.9
4360,0.242,0.332,0.124,1117.8,382.8
4361,0.192,0.281,0.078,179.3,49.6
4362,0.138,0.159,0.043,331,45.7
4363,0.303,0.294,0.119,55.1,76.4
4364,0.244,0.323,0.09,891.4,350.9
4365,0.138,0.262,0.097,244.6,465
4366,0.238,0.305,0.068,176.9,66.6
4367,0.203,0.162,0.06,145,65.6
4368,0.197,0.326,0.127,329.3,108.3
4369,0.208,0.304,0.125,533.3,244.8
4370,0.209,0.33,0.102,228.6,843.5
4371,0.143,0.272,0.104,194.4,52.5
4372,0.149,0.26,0.097,186.4,80.6
4373,0.2,0.294,0.1,251.7,112.9
4374,0.281,0.283,0.1,239.1,325.2
4375,0.236,0.295,0.138,195,63.8
4376,0.236,0.33,0.107,390,127
4377,0.179,0.319,0.102,531.8,58.4
4378,0.277,0.342,0.124,222.3,85.9
4379,0.176,0.298,0.074,305,79.9
4380,0.217,0.24,0.085,712.1,151.8
4381,0.254,0.307,0.113,165.9,120.1
4382,0.23,0.326,0.089,281.5,86.6
4383,0.188,0.324,0.099,351.5,172.5
4384,0.248,0.259,0.093,310.4,51.7
4385,0.284,0.309,0.121,224.1,107.7
4386,0.267,0.351,0.14,502.1,161.5
4387,0.309,0.209,0.083,429.4,154.1
4388,0.29,0.332,0.128,207.9,133.8
4389,0.306,0.386,0.15,842.7,232.3
4390,0.188,0.261,0.092,779.2,74.9
4391,0.194,0.324,0.109,219.5,101.4
4392,0.046,0.235,0.06,185.7,40.8
4393,0.187,0.34,0.117,553.2,875.7
4394,0.226,0.355,0.151,685.8,376
4395,0.27,0.36,0.157,877.2,124.4
4396,0.176,0.336,0.097,191.6,56
4397,0.148,0.271,0.096,243.1,214.2
4398,0.097,0.245,0.08,275.5,154.5
4399,0.334,0.364,0.139,187.3,68
4400,0.196,0.328,0.1,334,187.6
4401,0.457,0.304,0.103,268.2,50.6
4402,0.181,0.278,0.076,243.3,56.3
4403,0.136,0.248,0.061,391,145.4
4404,0.145,0.295,0.074,392,67.4
4405,0.27,0.329,0.117,1459.4,1141.2
4406,0.334,0.37,0.145,149.7,37.6
4407,0.164,0.26,0.103,327.9,86.4
4408,0.235,0.33,0.111,182.8,120.9
4409,0.162,0.293,0.093,677.8,312.1
4410,0.161,0.249,0.074,158.9,34.2
4411,0.277,0.317,0.144,221.5,79.3
4412,0.177,0.279,0.082,1220.9,112.6
4413,0.228,0.315,0.111,129.8,101.1
4414,0.182,0.3,0.095,383.9,59.3
4415,0.225,0.295,0.113,291.1,81.9
4416,0.409,0.312,0.122,179.1,73.3
4417,0.267,0.364,0.134,304.8,521.9
4418,0.188,0.277,0.089,209.6,81.6
4419,0.186,0.247,0.081,192,63.5
4420,0.15,0.272,0.091,261.9,26.1
4421,0.156,0.218,0.073,192.9,61.4
4422,0.242,0.325,0.153,369.9,163.2
4423,0.187,0.301,0.112,305.1,68.5
4424,0.259,0.343,0.111,465.6,106.7
4425,0.187,0.363,0.143,1095.8,145
4426,0.237,0.4,0.139,1343.1,478.3
4427,0.214,0.298,0.103,129.2,72.2
4428,0.123,0.213,0.077,511.1,513
4429,0.175,0.355,0.125,340.3,444.5
4430,0.164,0.257,0.095,160,132.6
4431,0.188,0.319,0.127,400.5,207.4
4432,0.214,0.289,0.094,255.7,32.2
4433,0.232,0.306,0.115,1332.3,1316.9
4434,0.137,0.232,0.071,146.8,
4435,0.154,0.207,0.06,555.8,222.3
4436,0.297,0.313,0.121,263,40.5
4437,0.214,0.314,0.116,387.6,219.5
4438,0.319,0.319,0.095,304.4,337
4439,0.286,0.334,0.132,145.6,42.6
4440,0.187,0.241,0.082,312.2,198.8
4441,0.207,0.353,0.096,356.5,39.4
4442,0.119,0.245,0.065,303.7,114
4443,0.282,0.324,0.126,558.8,194.2
4444,0.17,0.401,0.16,979.4,292.2
4445,0.201,0.296,0.117,318,119.7
4446,0.29,0.309,0.103,277.1,45.9
4447,0.219,0.32,0.104,580.3,119.2
4448,0.101,0.252,0.079,201.8,137.7
4449,0.212,0.33,0.135,721.4,266.2
4450,0.295,0.391,0.135,1224.8,234.8
4451,0.184,0.346,0.132,1007.2,267
4452,0.309,0.322,0.13,187.4,32
4453,0.213,0.291,0.113,147.2,47.1
4454,0.225,0.317,0.095,193.1,46.1
4455,0.209,0.287,0.108,380.4,36.6
4456,0.163,0.282,0.101,541.4,236.6
4457,0.176,0.282,0.078,464.8,139.6
4458,0.183,0.322,0.094,282.9,97
4459,0.278,0.342,0.119,181.8,31.1
4460,0.267,0.359,0.154,780.6,167.3
4461,0.233,0.474,0.157,1671,747.9
4462,0.149,0.291,0.12,304.6,210.4
4463,0.14,0.272,0.098,130.2,365.4
4464,0.147,0.305,0.106,154.8,44.3
4465,0.095,0.132,0.036,190.9,133.7
4466,0.225,0.344,0.114,562.8,424.4
4467,0.233,0.398,0.131,788.3,207.4
4468,0.171,0.448,0.182,1393.8,455.1
4469,0.206,0.348,0.143,141.3,55.1
4470,0.173,0.205,0.065,432.8,78
4471,0.321,0.309,0.113,209.4,26.8
4472,0.217,0.291,0.076,213.4,45.6
4473,0.112,0.278,0.071,348.3,52.7
4474,0.174,0.313,0.13,377.6,66.6
4475,0.195,0.285,0.119,587.7,240.2
4476,0.234,0.327,0.072,508.4,29.4
4477,0.19,0.202,0.102,256.9,228.7
4478,0.213,0.376,0.128,361.1,550.3
4479,0.186,0.279,0.096,1359.4,1161.6
4480,0.24,0.325,0.104,284.2,28.7
4481,0.184,0.287,0.118,258.4,129.5
4482,0.236,0.294,0.124,184.2,69.2
4483,0.185,0.34,0.127,258.7,76.4
4484,0.144,0.324,0.126,209.3,56.5
4485,0.101,0.193,0.054,236.6,751.9
4486,0.143,0.203,0.081,131,89.7
4487,0.222,0.294,0.099,226.4,72.4
4488,0.334,0.32,0.124,108.8,43.2
4489,0.249,0.276,0.109,268.9,93
4490,0.221,0.38,0.127,564.5,156.7
4491,0.26,0.32,0.102,173.7,33.2
4492,0.223,0.313,0.104,442,223.8
4493,0.175,0.259,0.09,235.8,112.1
4494,0.192,0.282,0.095,252.9,160.5
4495,0.281,0.312,0.119,146.7,76.8
4496,0.257,0.345,0.128,324.4,90.8
4497,0.269,0.312,0.12,195.5,67.3
4498,0.368,0.338,0.136,354,56.2
4499,0.141,0.308,0.093,399,
4500,0.19,0.307,0.099,227.2,33.7
4501,0.212,0.341,0.115,306.8,65.2
4502,0.223,0.314,0.115,145.5,53.7
4503,0.179,0.282,0.087,200.7,66.7
4504,0.256,0.339,0.11,451,136.1
4505,0.259,0.386,0.132,687.8,227.8
4506,0.166,0.307,0.088,389.9,172.8
4507,0.228,0.291,0.094,119.7,49.5
4508,0.153,0.303,0.092,714.6,735.8
4509,0.227,0.303,0.095,679.4,62.1
4510,0.194,0.29,0.102,126.5,71.4
4511,0.168,0.317,0.116,743,83.9
4512,0.2,0.337,0.13,405.9,154.5
4513,0.182,0.292,0.115,305,148.9
4514,0.191,0.286,0.093,372.2,87.7
4515,0.152,0.326,0.102,315.7,107.4
4516,0.249,0.315,0.088,234.6,24
4517,0.234,0.315,0.13,401.4,174.7
4518,0.238,0.34,0.118,187.5,44.2
4519,0.288,0.353,0.129,187.8,155.7
4520,0.086,0.283,0.082,127.3,47.9
4521,0.163,0.316,0.116,144.6,32.8
4522,0.269,0.286,0.105,110.4,72
4523,0.392,0.363,0.126,121,135.3
4524,0.231,0.325,0.129,312.8,74.2
4525,0.121,0.277,0.098,344.2,32.8
4526,0.307,0.325,0.13,74.1,56.8
4527,0.224,0.297,0.077,232.6,42.5
4528,0.259,0.365,0.141,475.1,113.1
4529,0.273,0.315,0.124,175.9,55.7
4530,0.262,0.272,0.076,531.7,34.8
4531,0.217,0.247,0.09,386.4,134
4532,0.181,0.256,0.075,184.2,126.2
4533,0.244,0.321,0.109,329.3,124.3
4534,0.101,0.373,0.101,278.6,50.1
4535,0.222,0.366,0.14,601.9,151
4536,0.238,0.339,0.121,773.4,519.7
4537,0.269,0.271,0.12,183.3,84.9
4538,0.126,0.202,0.055,272,64.8
4539,0.212,0.355,0.129,740.9,409.2
4540,0.238,0.332,0.104,263.3,121.7
4541,0.269,0.294,0.114,287.5,92.8
4542,0.256,0.338,0.101,664,150.2
4543,0.3,0.343,0.156,700.1,132.7
4544,0.247,0.309,0.116,139.5,45.8
4545,0.157,0.315,0.098,825.3,144.8
4546,0.177,0.33,0.103,131.5,
4547,0.158,0.263,0.076,165.8,81
4548,0.154,0.288,0.073,308.8,96.8
4549,0.22,0.312,0.12,498,139.9
4550,0.39,0.283,0.107,218.5,56
4551,0.173,0.238,0.067,216.1,36.9
4552,0.165,0.334,0.156,100.9,49.9
4553,0.268,0.328,0.124,255.3,62.4
4554,0.154,0.215,0.081,849.9,877.2
4555,0.209,0.299,0.085,264.4,61.4
4556,0.227,0.273,0.093,221.4,442.8
4557,0.169,0.29,0.128,505.8,112.2
4558,0.134,0.185,0.067,126.2,119.1
4559,0.202,0.32,0.101,199.5,41.4
4560,0.224,0.303,0.121,349.9,55.6
4561,0.161,0.296,0.083,257.5,393.2
4562,0.297,0.333,0.142,326.1,36.9
4563,0.445,0.332,0.134,229.2,76.6
4564,0.183,0.307,0.099,696.2,132.5
4565,0.237,0.283,0.088,400.5,45.7
4566,0.201,0.383,0.125,321.2,98.7
4567,0.141,0.185,0.072,145,76.8
4568,0.248,0.36,0.107,115,32.9
4569,0.207,0.359,0.123,338.4,48.1
4570,0.126,0.256,0.068,160.5,35.7
4571,0.189,0.274,0.109,232.5,58.9
4572,0.083,0.162,0.041,154.4,43.8
4573,0.274,0.331,0.11,242.3,70.4
4574,0.21,0.284,0.101,334,132.6
4575,0.239,0.334,0.122,1265.1,2450.8
4576,0.183,0.267,0.07,444.4,128.2
4577,0.124,0.27,0.107,197.9,114.2
4578,0.227,0.306,0.11,229,84.1
4579,0.216,0.32,0.123,195.2,62.3
4580,0.184,0.349,0.13,776.6,315.8
4581,0.238,0.293,0.129,277.8,85.9
4582,0.23,0.273,0.091,545.8,20.8
4583,0.21,0.34,0.085,359.7,35.3
4584,0.2,0.312,0.115,286.4,83.5
4585,0.117,0.276,0.098,253.5,53
4586,0.204,0.361,0.117,530.3,390.5
4587,0.116,0.233,0.079,398.3,164.2
4588,0.203,0.312,0.112,102,171.2
4589,0.172,0.259,0.091,273,65.5
4590,0.305,0.316,0.103,228,27.7
4591,0.289,0.315,0.124,137.1,84.8
4592,0.254,0.367,0.11,115.7,45.8
4593,0.171,0.314,0.091,281.8,74
4594,0.181,0.255,0.083,331.7,24.7
4595,0.246,0.312,0.118,498.9,446.5
4596,0.156,0.309,0.093,165.3,28.2
4597,0.097,0.225,0.073,142.6,114.5
4598,0.197,0.342,0.091,239.1,74.1
4599,0.164,0.348,0.149,523.1,116.4
4600,0.154,0.241,0.074,369.5,73.8
4601,0.13,0.281,0.138,226.1,205.4
4602,0.327,0.32,0.128,128.5,87.4
4603,0.203,0.357,0.127,1101.8,95.6
4604,0.203,0.285,0.096,452,224
4605,0.173,0.235,0.091,131.5,51
4606,0.137,0.403,0.165,917.9,163.1
4607,0.121,0.216,0.087,244.6,254.6
4608,0.223,0.324,0.112,116.4,33.7
4609,0.122,0.291,0.088,239,44.5
4610,0.258,0.333,0.161,98.3,49.2
4611,0.27,0.355,0.156,996,120.3
4612,0.191,0.322,0.116,295.6,47.5
4613,0.231,0.275,0.106,281.8,139.2
4614,0.174,0.201,0.087,251.5,339.9
4615,0.239,0.28,0.119,178.5,86
4616,0.118,0.274,0.072,109.1,18
4617,0.108,0.344,0.078,454.4,147.9
4618,0.209,0.306,0.124,497.4,88.7
4619,0.164,0.308,0.114,209,78.6
4620,0.123,0.273,0.082,329.8,72.1
4621,0.18,0.282,0.082,215,45.9
4622,0.146,0.27,0.095,437.7,268.7
4623,0.181,0.284,0.091,213.8,51.8
4624,0.246,0.328,0.114,326.2,267.8
4625,0.259,0.39,0.143,802.2,239.4
4626,0.212,0.338,0.119,618.8,240.5
4627,0.231,0.327,0.11,351.2,88.9
4628,0.31,0.328,0.112,294.1,45.3
4629,0.233,0.288,0.113,225.8,33.1
4630,0.303,0.354,0.127,113.1,37.2
4631,0.158,0.284,0.099,395.3,176.8
4632,0.212,0.314,0.097,279.3,164.8
4633,0.262,0.299,0.104,237,42.6
4634,0.23,0.301,0.122,805.6,209.3
4635,0.245,0.318,0.117,122.5,63.2
4636,0.182,0.257,0.068,589.9,152.3
4637,0.226,0.38,0.116,586.6,121.2
4638,0.151,0.294,0.075,542.8,29.1
4639,0.298,0.302,0.098,498,46.2
4640,0.184,0.28,0.105,284.5,42.1
4641,0.193,0.281,0.092,267.9,110.5
4642,0.181,0.351,0.134,621.8,384
4643,0.268,0.355,0.107,121.6,37.8
4644,0.16,0.284,0.102,229,24.1
4645,0.136,0.316,0.115,545.7,253.1
4646,0.236,0.32,0.101,291.8,57.1
4647,0.235,0.286,0.108,442.1,68
4648,0.14,0.225,0.066,293.8,297.7
4649,0.235,0.3,0.117,186.2,87.4
4650,0.189,0.424,0.167,773.3,593.5
4651,0.268,0.333,0.118,363.1,145.2
4652,0.175,0.414,0.152,1356.3,275.4
4653,0.183,0.298,0.081,150.8,21
4654,0.228,0.333,0.122,311.3,164.7
4655,0.139,0.31,0.078,164.8,23.8
4656,0.224,0.273,0.082,178.6,66.2
4657,0.303,0.326,0.139,115.4,122.2
4658,0.25,0.335,0.121,193.6,150.1
4659,0.221,0.316,0.133,178.7,31.1
4660,0.233,0.298,0.099,688.9,168.4
4661,0.138,0.253,0.085,273,77.5
4662,0.282,0.293,0.123,126.6,104.7
4663,0.124,0.235,0.074,429.2,146.1
4664,0.238,0.336,0.084,202.4,69.9
4665,0.178,0.298,0.103,285,85.6
4666,0.277,0.378,0.144,972.1,443.6
4667,0.29,0.407,0.183,1364.6,393.5
4668,0.314,0.287,0.109,141.6,31
4669,0.185,0.296,0.134,441.4,197.9
4670,0.2,0.301,0.072,495.5,67
4671,0.244,0.332,0.139,663,185.4
4672,0.265,0.342,0.135,127,56.3
4673,0.281,0.312,0.117,258.8,87.3
4674,0.223,0.295,0.076,588.7,274.1
4675,0.237,0.347,0.12,197.7,35.2
4676,0.167,0.247,0.091,393.2,632.2
4677,0.201,0.322,0.094,198,51.9
4678,0.292,0.303,0.119,298.3,63.4
4679,0.183,0.315,0.094,340.8,178.8
4680,0.353,0.315,0.131,170.5,194.4
4681,0.244,0.319,0.118,249.3,158.3
4682,0.284,0.325,0.113,296.9,119
4683,0.159,0.335,0.127,1225.4,137
4684,0.11,0.271,0.075,313.9,97.2
4685,0.207,0.359,0.139,571.2,168.1
4686,0.136,0.27,0.083,396.3,183.7
4687,0.239,0.291,0.095,93.4,215
4688,0.181,0.325,0.105,294.7,89.7
4689,0.232,0.339,0.132,527.7,183.7
4690,0.346,0.37,0.173,76.9,33.3
4691,0.35,0.342,0.12,369.4,98.2
4692,0.217,0.338,0.103,320.6,86
4693,0.249,0.329,0.116,707,187
4694,0.255,0.273,0.121,210.2,122
4695,0.133,0.305,0.098,265.8,51.6
4696,0.241,0.367,0.162,865,399.7
4697,0.202,0.367,0.134,335.1,380
4698,0.232,0.335,0.112,317.4,60.7
4699,0.183,0.322,0.102,230.4,362.5
4700,0.207,0.439,0.138,1198.1,721.1
4701,0.151,0.24,0.075,225.9,139.6
4702,0.305,0.297,0.1,209.8,197.9
4703,0.212,0.349,0.131,199.8,33
4704,0.195,0.298,0.107,440.5,259.9
4705,0.155,0.323,0.084,370.2,35.1
4706,0.201,0.32,0.124,578.4,218.8
4707,0.164,0.309,0.129,438.3,126.9
4708,0.203,0.271,0.105,203.9,33.9
4709,0.207,0.342,0.122,404.5,444.3
4710,0.221,0.367,0.155,1001.9,683
4711,0.1,0.272,0.09,350.8,43.8
4712,0.264,0.356,0.108,991.6,549.2
4713,0.216,0.317,0.102,265.3,101.6
4714,0.169,0.317,0.078,308,111.5
4715,0.227,0.331,0.144,472.4,267.6
4716,0.169,0.265,0.081,537.1,58.9
4717,0.235,0.331,0.116,286.6,103.5
4718,0.187,0.249,0.083,153.6,102.5
4719,0.1,0.325,0.089,284.1,41.9
4720,0.137,0.36,0.157,821.2,117.8
4721,0.17,0.275,0.098,88,26.8
4722,0.204,0.29,0.104,280.4,134.6
4723,0.27,0.37,0.107,239.6,18.7
4724,0.199,0.311,0.078,359.7,53.7
4725,0.176,0.284,0.089,248.5,39.3
4726,0.178,0.241,0.097,174.2,46.2
4727,0.177,0.25,0.079,239.1,231.8
4728,0.202,0.298,0.115,189.2,137.1
4729,0.16,0.258,0.099,107.2,131.9
4730,0.156,0.397,0.164,496.4,384.2
4731,0.278,0.297,0.106,142.7,45.7
4732,0.297,0.38,0.135,74.2,36.8
4733,0.264,0.32,0.124,125.5,43.3
4734,0.254,0.296,0.105,772.9,137.1
4735,0.29,0.335,0.115,217.8,99.7
4736,0.164,0.33,0.094,550.8,185.9
4737,0.134,0.175,0.041,302,21.6
4738,0.312,0.344,0.151,144.5,41.2
4739,0.136,0.277,0.074,278.8,35.4
4740,0.178,0.268,0.083,492.4,37.2
4741,0.221,0.298,0.118,441.3,211.5
4742,0.192,0.273,0.092,489,218
4743,0.307,0.338,0.103,231.3,49.1
4744,0.333,0.336,0.122,628.4,72.5
4745,0.189,0.416,0.181,1358.6,163.2
4746,0.176,0.256,0.076,251,44.3
4747,0.266,0.329,0.116,195.7,46
4748,0.216,0.36,0.114,108.7,377.8
4749,0.229,0.308,0.084,543.5,101.6
4750,0.234,0.292,0.114,496.4,299.9
4751,0.164,0.396,0.142,648.2,644.8
4752,0.178,0.253,0.088,215.4,54.1
4753,0.227,0.319,0.132,420.5,52.8
4754,0.208,0.316,0.115,184,46.9
4755,0.247,0.299,0.111,278.5,90.6
4756,0.28,0.346,0.137,451.2,182.1
4757,0.374,0.385,0.123,102,87.2
4758,0.222,0.349,0.117,184.7,41.9
4759,0.213,0.37,0.135,1185,1091.3
4760,0.226,0.424,0.172,599.2,248.9
4761,0.168,0.416,0.174,724.9,128.4
4762,0.217,0.305,0.118,446.9,181.1
4763,0.247,0.231,0.076,165,167.5
4764,0.157,0.196,0.056,227.5,128.8
4765,0.138,0.234,0.073,175.1,92.9
4766,0.303,0.331,0.097,369,68.7
4767,0.264,0.321,0.132,443.5,107.1
4768,0.186,0.3,0.108,231.6,82.7
4769,0.24,0.34,0.144,82.8,95.9
4770,0.182,0.341,0.135,508.6,399