location_id,management_professional_and_related,service,sales_and_office,farming_fishing_and_forestry,construction_extraction_maintenance_and_repair,production_transportation_and_material_moving,median_earnings_2010,unemployment
3000,35.05,16.05,25.85,0.3,12.55,10.25,28934.62826,0.069
3001,23.35,19.9,20.15,11.75,9.55,15.3,22461.96572,0.094
3002,26.9,16.75,23.55,2.3,10.15,20.4,24901.17175,0.036
3003,29.35,23.55,22.05,1.45,14.95,8.75,25476.32381,0.085
3004,27.35,14.45,21.05,2.9,11.95,22.35,28724.72159,0.079
3005,21.4,14.05,21.7,1.8,13.5,27.55,21582.97016,0.082
3006,27.6,18.25,22.05,2.55,11.7,17.85,27034.81238,0.109
3007,30.55,17,26.05,0.1,12.65,13.7,22425.9327,0.074
3008,42.5,11.6,29.35,0.05,9.1,7.45,37336.9181,0.05
3009,27.6,18.6,25.55,2.65,11.55,14.15,24491.46127,0.169
3010,31.4,19.65,26.4,1,7.5,14,23707.31619,0.085
3011,29.5,20.75,26.75,2.1,9.85,11.05,21811.92857,0.107
3012,27.35,17.05,22.15,0.85,13.45,19.15,25201.6781,0.073
3013,40.25,16.05,22.6,0.1,13.2,7.75,43811.90794,0.057
3014,32,16.85,25.15,0.65,14,11.35,27529.67111,0.092
3015,30.45,19.5,25.5,0.5,12.8,11.25,23833.14159,0.062
3016,26.75,20,23.9,4.4,13.95,11,21441.33207,0.048
3017,36.15,16.75,24.6,1,6.05,15.4,26155.90445,0.047
3018,40.65,11.3,28.15,0.1,7.1,12.7,34445.16794,0.052
3019,23.75,18.55,22.6,3.05,11.35,20.75,22629.81111,0.122
3020,29.5,17.35,24.35,3.45,10.55,14.75,28732.28476,0.092
3021,34.4,14.15,29.6,0.1,9.65,12.05,28206.41429,0.055
3022,27.2,18.35,24.15,0.7,12.35,17.25,21808.41905,0.09
3023,24.1,23.5,22.15,2.8,9.8,17.65,20573.62286,0.09
3024,32.1,19.65,24.25,0.75,13.85,9.45,33656.14572,0.13
3025,28.25,18.15,24.9,0.35,13.85,14.5,24612.92318,0.081
3026,45.6,16.9,23.65,0.1,7.6,6.1,42560.19746,0.072
3027,24.45,15.05,25.05,1.25,9.5,24.6,22228.99048,0.096
3028,31.45,18.9,26.65,0.45,12.85,9.7,27608.51302,0.077
3029,23.65,15.55,18.9,0.55,14.8,26.5,25161.57429,0.086
3030,22.7,21.7,17.85,2.85,21.8,13.15,23915.56699,0.067
3031,33.85,20.55,24.8,0.95,7.85,11.95,14891.52921,0.08
3032,25.75,19.05,25.35,0.8,13.85,15.25,24889.02095,0.066
3033,25.5,18.5,22.6,1,11.5,20.85,26549.81397,0.085
3034,29.65,20,27.3,0.45,11.5,11.1,21599.10191,0.075
3035,26.55,16.25,23.25,0.6,11.15,22.2,26729.60032,0.103
3036,28.95,19.3,23.65,0.95,10.85,16.35,21802.97111,0.086
3037,40.55,14.1,26.25,0.15,7.9,11,40613.92889,0.052
3038,50.9,10.8,24.45,0.1,6.45,7.25,49498.28445,0.074
3039,31,20.25,26.3,0.5,11.2,10.7,27548.55651,0.094
3040,32.2,16.95,26.35,0.4,9.1,15,26407.91111,0.097
3041,23.45,16.15,23.05,0.35,12.5,24.45,22989.47111,0.091
3042,27.7,18.6,20.85,1.05,15.1,16.7,25782.77461,0.075
3043,28.75,17.65,25.45,0.45,9.6,18.15,24162.24762,0.056
3044,43.25,15.15,22.2,0.9,11.7,6.75,32585.46349,0.055
3045,35.2,18.75,19.55,1.45,12.85,12.1,22769.08953,0.103
3046,38.6,21.2,24.15,0.55,8,7.5,16029.40032,0.045
3047,27.25,18.15,23.45,0.65,20.4,10.15,32066.94921,0.08
3048,34.35,18.6,27.5,0,9.2,10.25,27531.07016,0.116
3049,23.95,9.4,23.4,1.25,12.95,29.1,25962.06572,0.091
3050,41.65,15.2,27.75,0.1,5.9,9.45,32852.58762,0.067
3051,37.65,14.85,27.9,0.25,10.25,9.1,31400.58667,0.08
3052,28.9,17.8,27.75,0.45,14.85,10.35,24538.25778,0.069
3053,34.5,25.85,22.55,0.8,11.85,4.4,33335.32318,0.066
3054,42.05,17.85,23.95,0.45,6.1,9.65,20303.03524,0.08
3055,19.05,17.05,22.45,3.15,16.8,21.45,22705.23397,0.096
3056,28.05,18.45,22.05,1.8,9.8,19.85,26787.60603,0.089
3057,42.55,16,27.85,0.2,5.8,7.7,32103.38222,0.074
3058,34.1,15.1,26.35,0.1,10.45,13.8,32016.65334,0.069
3059,31.5,16.5,27.2,0.55,12.6,11.75,32022.94476,0.054
3060,28.15,25.5,22.75,0.35,13.2,10,19768.9708,0.101
3061,27.2,16.95,22,1.7,11.6,20.5,25636.14762,0.104
3062,26.8,18.65,25.05,0.45,11.55,17.35,28291.75365,0.068
3063,28.85,19.45,27.5,0.95,7.5,15.75,21027.17111,0.049
3064,26.25,23.35,26,1.85,11.8,10.7,17032.88476,0.11
3065,25,16.3,26,0.7,15.15,16.9,27800.80476,0.077
3066,28.1,18.25,25,1.35,9.5,17.85,27315.93619,0.111
3067,21.9,25.05,21.25,1.35,14.75,15.65,23006.12921,0.074
3068,27.35,16.5,22.65,1.05,8.1,24.35,30057.25619,0.066
3069,31.25,15.8,22.5,1.7,10.5,18.2,26899.31588,0.064
3070,24.85,19.4,21.55,4.1,12.05,18.1,20938.19524,0.101
3071,25.9,21.1,24.95,0.4,13.95,13.75,23038.70095,0.074
3072,23.9,15.95,21,1.85,10.1,27.2,27643.15651,0.074
3073,28.2,10.55,20.25,1.15,21.5,18.35,24918.75969,0.101
3074,32.1,18.15,29.2,0.45,11.5,8.6,28275.02635,0.099
3075,27.05,16.75,22.3,3,10.7,20.25,24736.19524,0.076
3076,26,18.25,26.4,1.2,9.25,19,20399.16762,0.071
3077,56.75,16.05,19.2,0.1,3.3,4.65,20254.93715,0.089
3078,29.45,18.45,27.45,0.3,8.8,15.45,27867.64698,0.09
3079,33.85,17,21.5,0.9,10.5,16.3,20542.19016,0.077
3080,44.2,16.65,24.5,0.5,6.35,7.8,28208.6727,0.04
3081,30.3,17.55,27.7,1.85,8.85,13.75,23609.49334,0.045
3082,33.45,19.3,24.75,0.45,12.5,9.6,28786.70286,0.082
3083,31.45,17.35,22.55,1.8,10.55,16.3,27505.87715,0.045
3084,38.75,16,19.75,2.95,11.5,11.05,26488.13365,0.046
3085,28.8,17.4,21.7,1.8,10.85,19.5,27223.65905,0.083
3086,35.8,18.8,25.8,0.1,8.05,11.5,33531.45175,0.108
3087,26.6,19.85,22.05,1.2,15.55,14.75,27754.87556,0.055
3088,37.95,17.5,21.6,0.95,15.05,6.95,31211.74476,0.073
3089,35.5,14.95,24.35,0.6,9.8,14.75,35185.89397,0.068
3090,31.6,17.85,26.6,0.05,8.95,15,24189.00032,0.076
3091,27.7,15.35,26.1,0.1,16.4,14.35,24110.23302,0.12
3092,22.05,26.9,21.55,0.2,10.15,19.2,20764.57937,0.129
3093,29.55,19.35,22.2,0.85,10.95,17.05,28794.98413,0.06
3094,20.55,14.25,17.9,1,18.45,27.85,23457.09048,0.099
3095,22.5,20.1,18.2,1.9,17.3,20.05,22955.23937,0.104
3096,39.65,18.85,23.05,0.2,9.85,8.45,18607.93619,0.049
3097,23.6,15.65,21.6,1.55,12.3,25.35,24451.65651,0.124
3098,27.8,15.65,20.15,0.2,21.4,14.75,30875.56191,0.109
3099,27.6,18.4,26.05,0.75,8.35,18.85,24226.27429,0.094
3100,30.15,20.2,28.05,0.85,11.35,9.3,26144.39937,0.088
3101,20.6,10.6,20.6,1.8,16.8,29.6,28978.25905,0.114
3102,27.5,17.5,21.65,0.75,9.7,22.85,24466.7308,0.075
3103,35.1,19.9,27.1,0.75,8.3,8.8,21235.87143,0.059
3104,25.8,22.25,23.8,1.3,8.95,17.9,28662.13905,0.141
3105,25,14.5,22.9,1.3,10.8,25.55,25598.98349,0.067
3106,24,16.05,24.15,4.2,11.8,19.75,22767.71937,0.102
3107,24.5,15.55,22.3,3.3,10.15,24.2,23077.55302,0.125
3108,40.4,15.2,28.7,0.15,8.75,6.8,40176.52603,0.094
3109,34.65,18.6,27.45,0.3,7.65,11.3,26726.46508,0.086
3110,27.2,19.5,20.55,1.5,20.25,10.95,25832.51492,0.072
3111,27.65,18,22.15,8.2,11.45,12.55,20504.55683,0.107
3112,20.4,23.25,21,1.4,11.85,22.1,15871.75397,0.095
3113,28.35,18.25,20.15,3.6,9.4,20.2,21988.9473,0.108
3114,24.3,27.1,22,6.65,12.85,7.1,21059.85048,0.092
3115,32.7,22.3,27.45,2.95,7.75,6.85,27064.73524,0.079
3116,23.15,22.65,24.95,2.15,14.85,12.2,18764.16286,0.097
3117,33.1,14.4,21.3,1.4,8.9,20.95,30883.17556,0.069
3118,25.9,16.8,21,0.9,11.9,23.45,24168.01969,0.09
3119,26.7,15.75,22,1.2,11.3,23.05,24804.71969,0.092
3120,23.2,18.1,20.85,2.95,11,23.9,23720.02064,0.081
3121,24.9,19.55,23.3,1.35,13.7,17.2,22205.59588,0.089
3122,24.6,19.9,13.35,1.3,15.85,24.95,16721.81429,0.133
3123,33.9,18.2,24.2,1.15,10.4,12.15,29291.97619,0.066
3124,34.8,16.5,26.35,0.1,7.85,14.4,35825.19619,0.097
3125,29.45,19,22.35,1.15,13.95,14.05,23622.29492,0.061
3126,30,15,28.3,0.3,11.5,14.85,34420.83461,0.063
3127,28.4,18.8,26.35,1.45,11.6,13.4,26471.18889,0.098
3128,25.6,17.7,23.9,1.95,12.6,18.2,21413.49842,0.108
3129,27.3,21.4,26.25,0.25,10.95,13.9,22523.35492,0.082
3130,39.2,16.35,29.2,0.3,6.3,8.6,26195.31016,0.069
3131,42.85,14.8,24.35,0.1,11,6.95,42966.69207,0.049
3132,31.5,19.55,25.25,0.3,10.95,12.4,26841.67937,0.072
3133,25.3,14.6,23.8,0.75,11.2,24.3,25160.74159,0.092
3134,24.35,18.8,34.95,1.1,7.65,13.25,21142.64794,0.172
3135,32.15,15.6,25.95,0.45,11.2,14.6,36258.9273,0.061
3136,31.75,12.95,31.25,0.3,11.9,11.9,28959.83143,0.06
3137,38.75,16.5,25.15,0.1,7.85,11.6,35516.47365,0.092
3138,24.2,16.7,22.2,0.45,11.25,25.2,23309.22603,0.081
3139,31.6,17.8,24.7,0.4,9,16.5,28543.23556,0.106
3140,31.1,14.35,26.25,0.6,8.75,18.9,31308.37334,0.065
3141,26.15,18.25,24.6,0.3,9.6,21.1,26375.9273,0.081
3142,32.7,21.3,24.5,0.3,10.05,11.1,23125.06857,0.081
3143,20.35,18.95,18.9,1.4,22.9,17.55,24227.53365,0.109
3144,24.5,19,23.65,0.65,9.7,22.5,24059.1473,0.09
3145,23.6,15.35,24.65,0.95,13.35,22.1,26471.98603,0.089
3146,37.25,18.2,22.95,0.4,11.3,9.9,31583.19365,0.074
3147,29.9,19.15,24.65,0.3,9,16.95,24780.36381,0.081
3148,26.4,14.5,23.5,1.1,10.75,23.75,23947.96603,0.074
3149,31.9,17.8,29.15,0.15,9.2,11.85,25355.68191,0.07
3150,19.3,26,22.65,2.45,18.65,11,23648.06794,0.111
3151,23.65,19.1,22,0.45,8.6,26.2,24236.30254,0.087
3152,25.5,25.35,25.1,0.15,8,15.95,25055.07238,0.113
3153,27.15,19.75,24.95,1,15.35,11.75,25287.64889,0.065
3154,30,18.05,24.4,1.1,12.15,14.3,24251.66,0.075
3155,26.7,15.85,22.5,0.3,14.05,20.7,27844.51238,0.08
3156,35.3,13.4,27.15,0.15,9.9,14.1,36412.70064,0.058
3157,27.3,19.75,28.05,1.3,11.7,11.95,25049.53207,0.1
3158,32.8,20,26.7,0.45,7.9,12.2,29463.52445,0.097
3159,36.95,13.85,26.6,0.2,8.15,14.15,34612.75873,0.06
3160,26,15,19.85,1.9,10.85,26.4,24053.83778,0.08
3161,25,18,25.15,2.15,10.4,19.25,26019.98159,0.083
3162,24.75,22.15,24.45,0.05,11.95,16.7,24092.76635,0.089
3163,27,17.35,26,0.55,11.5,17.65,21697.92762,0.08
3164,37.5,17.15,27.35,0.25,9.55,8.2,25753.08222,0.057
3165,29.5,19.1,23.25,0.65,9.85,17.6,26599.86064,0.087
3166,24.8,17.65,26.55,0.5,12.1,18.45,22409.09683,0.101
3167,21.6,26.3,26.8,2.7,10.6,12,16501.43048,0.157
3168,26.25,16.6,25.35,0.7,13.85,17.15,28993.04,0.078
3169,37.95,20.25,20.15,1.55,14.85,5.3,24171.73016,0.06
3170,28.6,19.85,27.5,0.4,9.8,13.85,20581.27143,0.093
3171,22.25,11.25,22.8,1.2,15.25,27.3,22908.62476,0.089
3172,24.95,15.45,21.95,0.8,13.65,23.2,22876.14191,0.104
3173,28,24.6,23.55,1.85,10.4,11.65,21680.6308,0.081
3174,26.85,15.5,16.45,5.4,10.5,25.35,17167.42635,0.106
3175,31.6,16.1,26.5,0.3,9.15,16.35,30489.37492,0.082
3176,23.35,14.55,20.05,1.35,13.15,27.5,21640.6527,0.081
3177,31.85,18.4,26.05,0.5,10.5,12.7,19295.49842,0.086
3178,30.35,16.75,20.75,1.6,11.6,18.95,24835.80794,0.059
3179,33.25,20.55,20.15,0.45,9.9,15.65,30427.26762,0.071
3180,40.95,16.15,25.55,0.15,6.1,11.1,29746.92032,0.08
3181,28.75,16.7,23.7,2.1,11.95,16.7,22376.19207,0.098
3182,25.5,20.1,21.7,1.7,14.85,16.25,24005.21238,0.091
3183,38,14,27.65,0.4,6.7,13.2,31097.40984,0.066
3184,28.8,16.4,25.8,0.3,13,15.7,26807.43905,0.08
3185,32.1,16,26.55,0.8,7.85,16.7,30113.81746,0.063
3186,23.65,17.95,22.45,0.95,16.6,18.5,24077.20064,0.081
3187,33.55,16.3,25.5,0.55,9.45,14.7,24468.03937,0.054
3188,23.15,17.95,22.2,8.6,10.45,17.6,22347.55873,0.17
3189,25.7,12.65,20.75,4.35,15.7,20.85,22249.05556,0.065
3190,38.1,16.2,28.1,0.2,9.35,8.1,32945.33429,0.056
3191,23.95,19.4,25.05,9.75,9.75,12.15,23190.08762,0.075
3192,22.55,24.55,18.55,2.65,11.55,20.1,18377.37715,0.084
3193,37.75,16.65,23.45,0.2,10.6,11.25,32181.85969,0.077
3194,32.7,21.6,26.8,0.15,5.9,12.8,18501.01238,0.076
3195,29.2,22.55,26.15,1.15,12.9,8.05,20781.83397,0.091
3196,35.35,18.05,26.35,0.55,9.3,10.35,34189.48445,0.083
3197,31.7,19.05,23.55,1.5,6.4,17.8,21687.71143,0.05
3198,44.05,14.55,23.9,0.2,7.6,9.75,39087.87429,0.09
3199,30.95,11.45,19,9.5,18.2,10.8,23207.84889,0.04
3200,24.1,16.15,24.8,1.2,15.85,17.9,27774.18032,0.062
3201,30.55,21.2,26.55,0.4,8.8,12.5,24353.50095,0.067
3202,33.65,16.25,22.25,1.95,9.1,16.8,25767.87238,0.042
3203,24.7,13.7,26.25,1.05,15.25,19,28403.55905,0.046
3204,28.4,15.75,26.3,0.55,12.95,16,33177.97429,0.102
3205,29.2,14.65,21.3,1.15,13.2,20.55,26746.40159,0.055
3206,26.35,22.9,20.55,0.95,12,17.35,22315.07905,0.079
3207,35.5,18.45,26.45,0.2,6.55,12.9,25057.19619,0.088
3208,31.1,13.25,26.1,0.1,12.8,16.7,33376.33746,0.065
3209,29.3,18.05,26.75,0.35,13.95,11.65,23259.25111,0.063
3210,27.05,16.8,25.2,3.35,11.2,16.55,27603.67873,0.152
3211,27.05,14.7,20.7,2.75,9.25,25.6,23662.77746,0.045
3212,23.35,16.9,26.8,1.05,14.4,17.45,25382.40349,0.056
3213,28.65,17.9,19.6,2.6,9.8,21.4,22669.86254,0.064
3214,29.45,16.3,25.2,0.35,13.5,15.15,24862.89016,0.054
3215,22.8,27.9,18.15,4.7,7.55,18.85,18277.52984,0.114
3216,25.1,25.15,23,0.35,13.95,12.45,24942.53492,0.072
3217,32.55,21.15,17.85,2.4,14.6,11.4,28871.84159,0.054
3218,32.7,19.6,23.4,4.75,9.05,10.45,23085.18603,0.075
3219,30.8,18.1,26.6,0.85,10.55,13.1,22711.06476,0.059
3220,23.6,15.9,23.6,1.35,10.15,25.35,22056.69969,0.069
3221,24.25,18.8,23.65,1.45,8.45,23.4,24630.38476,0.071
3222,24.85,18.15,24.1,2.9,11.75,18.3,23166.85683,0.082
3223,30.15,17.95,25.95,0.2,8.6,17.1,25077.49334,0.067
3224,23,16.45,19.5,2.05,13.8,25.15,24298.20476,0.074
3225,29.2,15.75,22,0.85,9.2,22.95,27821.11016,0.067
3226,36.85,15.4,25.9,0.5,9.8,11.6,40296.39238,0.082
3227,30.35,18.5,26,0.3,7.85,17,25619.20159,0.073
3228,28.65,18.1,20,0.85,10.8,21.6,25479.62508,0.078
3229,23.7,17.5,21.45,1.2,8.5,27.6,25716.95492,0.074
3230,27.7,16.45,24.85,0.55,15.05,15.5,28748.85715,0.089
3231,26.5,19.8,20.2,2.8,16,14.8,28011.26476,0.089
3232,29.25,17.85,24.05,1.15,10.75,16.95,27779.91238,0.104
3233,27.7,18.8,22.2,0.85,11.4,19,22044.34699,0.09
3234,24.75,18.95,20.25,1.9,10.5,23.65,21627.2127,0.14
3235,25.35,16.1,23.95,1.15,15.05,18.4,25000.63969,0.062
3236,23.9,16.15,23.6,0.5,18.05,17.8,24595.03683,0.075
3237,32.1,19.3,23.2,0.95,12.05,12.4,25137.45334,0.087
3238,27.65,17.15,23.7,0.3,12.05,19.2,26515.23969,0.093
3239,32.75,17.4,26.2,0.25,10.35,13.05,28778.79365,0.073
3240,35.65,18,26.1,0.3,7.8,12.15,28998.89143,0.055
3241,25.8,16.65,19.75,13.7,9.35,14.7,22740.17778,0.094
3242,34.35,22.25,22.2,4.9,6.4,9.9,22105.4673,0.072
3243,29.8,14.9,25.6,0.5,10.35,18.9,26390.29651,0.086
3244,22.45,15.4,19.3,1.1,9.35,32.4,28250.82,0.068
3245,33.3,13.7,26.6,0.6,10.45,15.3,28224.44762,0.057
3246,33.45,21,24.7,0.55,10.6,9.8,24611.98572,0.067
3247,34.9,14.55,22.7,0.3,8.3,19.25,35813.78032,0.055
3248,37.8,15.65,25.95,0.3,9.75,10.55,38027.86,0.077
3249,28.25,17.4,24.85,0.75,9.3,19.45,25263.2654,0.071
3250,22.4,14.35,26.15,0.4,12.55,24.15,23437.68032,0.093
3251,40.85,16.75,28.15,0.35,7.3,6.55,32218.35969,0.069
3252,40.95,13.7,26.75,0.15,7.05,11.45,36829.62032,0.087
3253,36.25,18.05,25.45,0.3,6.95,13.05,27962.58095,0.084
3254,25.85,21.55,19.45,1.75,9.25,22.15,21950.29492,0.11
3255,24.4,16.1,24.2,1.5,18.7,15.1,23338.46794,0.066
3256,33.35,18.05,25.7,0.3,9.4,13.2,32110.54572,0.093
3257,23.4,20.25,20.1,12.65,8.8,14.8,23075.12603,0.153
3258,31.45,24.5,19.95,2.8,11.85,9.45,19858.88286,0.128
3259,28.2,22.65,26.35,2.15,13.5,7.15,27446.8073,0.085
3260,40.6,15.1,26.85,0.45,8.25,8.8,29702.98635,0.063
3261,29.45,19.05,18.2,3.15,14.25,15.95,26557.9473,0.101
3262,26.05,21.8,25.35,2.7,10.7,13.35,23491.37238,0.066
3263,18.35,16.5,19.7,2.95,9.05,33.45,20109.60921,0.167
3264,24.2,16.8,23.1,1.25,18.4,16.25,26596.20191,0.043
3265,24.7,17.4,25.1,0.65,14.65,17.55,24915.33302,0.067
3266,25,19.45,22.05,1.25,12.8,19.5,29467.79238,0.072
3267,27,15.8,22.85,0.85,8.05,25.5,22110.46127,0.168
3268,33.6,15.6,25.2,0.2,10.7,14.65,29186.37461,0.069
3269,50.35,14.75,23.3,0.3,6.75,4.5,44315.77048,0.063
3270,20.35,21.15,22.8,0.6,14.35,20.8,22220.96667,0.081
3271,22.45,22.55,19.15,1.9,15.75,18.15,25103.45651,0.074
3272,24.2,18.15,23,5.75,6.85,22.15,20974.93175,0.084
3273,31.55,20.05,26.85,0.85,8.55,12.25,24024.01461,0.042
3274,28.9,19.4,21,0.9,11.9,18,23408.43588,0.089
3275,20.5,15.35,23.35,0.2,12,28.6,26153.93936,0.138
3276,28.8,18.65,21.1,1.35,9.25,20.9,22750.14127,0.077
3277,27.05,18.95,21.2,2.65,8.9,21.2,25957.46445,0.062
3278,28.95,16.55,23.9,2.95,16,11.6,24506.09175,0.047
3279,32.2,19.7,24.95,0.4,15.25,7.55,26117.10254,0.056
3280,42.85,17.15,23.15,1.4,5.85,9.6,17362.7308,0.039
3281,29.55,19.35,28.9,0.4,13.75,7.95,27992.81016,0.089
3282,25.6,17.2,22.7,3.45,10.75,20.3,21493.38413,0.108
3283,28.7,17.65,25.75,0.55,9.4,17.95,24766.15175,0.069
3284,29.75,16.5,25,0.8,11.15,16.8,29865.22095,0.076
3285,38.1,16.35,27.2,0.3,7.4,10.65,29441.92191,0.045
3286,39.7,17.4,21.1,1.65,8.6,11.55,24964.09365,0.052
3287,35.65,18.1,26,0.1,7.3,12.9,34869.24794,0.105
3288,25.9,17,26.65,0.35,17.4,12.7,21771.56889,0.077
3289,26.15,15.2,21.65,1.05,10.35,25.65,23977.00381,0.092
3290,26.5,17.15,22.2,1.5,15.2,17.5,23674.49143,0.086
3291,29.55,20.65,27.7,0.35,7.35,14.35,24624.61715,0.086
3292,34.2,20.25,27.9,0.8,9.7,7.1,30277.82191,0.088
3293,29.75,19.7,24.5,0.55,9.6,15.9,26338.10572,0.064
3294,31.05,18.75,26.3,0.3,9.35,14.15,25085.78794,0.078
3295,31.8,19.45,25.85,0.3,8.5,14.1,20359.05492,0.067
3296,36.95,17.6,27.65,0.3,8.7,8.85,32586.51461,0.106
3297,30.75,17.7,22.35,1.9,10.1,17.25,26802.84254,0.053
3298,35.05,23.15,24.45,0.1,7.35,10,31335.37429,0.099
3299,19.1,18.8,23.95,1.95,14.45,21.75,23122.80032,0.079
3300,32.85,16.6,20.3,3.2,11.7,15.35,27488.51524,0.055
3301,34.95,15.65,26.05,1.4,10.95,11,30375.26318,0.066
3302,30.05,17.9,25.35,0.45,6.85,19.35,28263.11683,0.064
3303,32.85,14.75,24.45,1.25,7.55,19.1,27816.74191,0.068
3304,22.75,17.9,25.35,1.15,11.9,20.95,19298.46191,0.127
3305,33.65,21.05,25.3,0.6,12.35,7.1,31942.23778,0.134
3306,19.1,17,19.7,1.5,16.25,26.45,24429.94191,0.075
3307,22.1,15.5,21.7,0.6,15.4,24.65,26349.21397,0.081
3308,28.35,17.35,23.95,1.55,7.35,21.5,19645.04635,0.118
3309,27.2,19.05,21.05,1.35,9.05,22.3,22924.06159,0.077
3310,24.85,17.15,22.35,2.2,9.25,24.1,23377.76699,0.083
3311,29.35,17.8,23.35,1.45,10.9,17.15,27816.39238,0.081
3312,28,19.05,19.7,0.35,8.45,24.5,22842.85746,0.154
3313,27.15,16.2,24.6,0.65,15.95,15.45,27843.01683,0.081
3314,36.05,15.75,26.5,0.3,10.25,11.2,30619.52603,0.074
3315,25.95,17.1,22.65,1.75,12.95,19.6,23077.49588,0.088
3316,39.25,17.5,18.45,0.5,8.1,16.2,28814.84413,0.06
3317,25.85,14.35,22.6,0.35,14,22.85,27084.52826,0.106
3318,30.8,16.45,26.4,0.3,11.2,14.85,25538.8254,0.07
3319,32,13.9,23.4,0.6,8.2,21.85,28056.52857,0.061
3320,26.45,14.7,19.85,1.85,13.85,23.3,22256.68667,0.094
3321,24.75,12.35,19,4.9,8.25,30.75,20262.50762,0.101
3322,43.55,13.5,25.5,0.3,10.45,6.65,41578.73492,0.058
3323,48,12.2,27.5,0.1,5.4,6.8,38575.54381,0.05
3324,23.95,16.5,21.95,3.2,11,23.45,23219.79302,0.087
3325,28.55,14.7,21.45,1.7,12.45,21.25,22196.9708,0.099
3326,31.1,17.4,27.4,0.85,12.35,10.9,26630.5654,0.068
3327,28,29.9,24.45,3.5,7.05,7.05,23797.85969,0.134
3328,32.95,16.65,30,0.1,9.8,10.45,30197.95873,0.088
3329,33.2,21.85,16.9,1.8,12.3,13.95,24146.33175,0.033
3330,23.45,13,27.35,0.85,15.75,19.6,23517.57397,0.069
3331,29.75,18.15,22,1.65,14.3,14.15,24633.11111,0.062
3332,25.85,19.7,24.25,2.75,10.2,17.25,22380.88667,0.122
3333,31.1,16.65,22.6,0.55,13.55,15.5,33665.38286,0.067
3334,24.8,13.5,19.15,2.95,10.35,29.25,25178.65969,0.036
3335,31.05,19.95,24.7,0.35,11.1,12.85,25089.72445,0.074
3336,27.95,15.75,24.35,1.8,11.45,18.7,27319.79238,0.034
3337,34.65,14.2,26.95,0.65,16.25,7.3,33051.15873,0.075
3338,30.35,17.8,22.95,0.7,10.5,17.65,29683.98508,0.098
3339,41.45,15.3,26.6,0.1,7.75,8.8,34273.76127,0.081
3340,29.05,18.6,24,0.45,13.75,14.15,25840.20953,0.076
3341,37.65,17.6,25.75,0.25,9.15,9.55,28294.25842,0.073
3342,28,16.65,25.85,3.9,10.4,15.2,29595.49461,0.152
3343,30.8,17.25,26.85,0.35,13.6,11.15,24076.21588,0.07
3344,27.95,18.35,20.05,1,13.9,18.7,32023.28095,0.076
3345,36.15,17.35,25,0.65,9.05,11.8,18981.96699,0.064
3346,27.15,15.1,21.1,1.7,10.6,24.3,25025.91334,0.065
3347,32.7,17.85,25.55,2.2,7.6,14.05,24305.32762,0.037
3348,27.8,15.55,22.45,2.7,10.25,21.15,22316.32445,0.057
3349,27.5,14.65,23.1,0.15,16.5,18.1,29045.15937,0.098
3350,43.35,13.8,26.25,0.2,9.4,7.15,42620.57842,0.061
3351,24.3,15.55,20.7,1.1,15.65,22.75,20881.47746,0.098
3352,25.6,16.15,27.2,1.45,9.85,19.85,24427.09619,0.042
3353,28.8,17.1,24.5,5.3,11.55,12.75,25473.40445,0.176
3354,49.3,11.55,26.3,0.15,7.35,5.35,50735.14984,0.071
3355,33.6,16,23.35,0.5,11.2,15.45,21453.90953,0.082
3356,32.35,14.35,27.3,0.25,10.15,15.6,30137.51302,0.065
3357,24.75,15.25,24.95,2.8,12.4,19.85,21536.19175,0.085
3358,22.15,20.6,24.75,0.25,13.15,19.15,25420.62381,0.086
3359,31.25,13.35,26.05,2.1,11.85,15.45,29467.94667,0.062
3360,41.8,14.85,26.35,0.3,10.1,6.6,42615.08699,0.067
3361,33.45,11.95,26.8,0.85,15.85,11.1,31752.24476,0.059
3362,33.5,16.95,24.1,0.5,9.05,16,31024.92286,0.076
3363,24.15,15.45,21.3,2.85,14.3,21.9,20551.20635,0.077
3364,25.95,18.55,22.95,8.05,11.8,12.7,24244.8854,0.133
3365,19.05,15.45,23.55,5.15,7.75,29.05,20651.69397,0.134
3366,31.95,19.25,28.1,1.25,10.5,9.1,26552.58508,0.134
3367,28.1,14.65,21,1.85,11.35,23,28115.92826,0.066
3368,27.05,20.2,28.2,1.25,13.65,9.65,26767.77715,0.111
3369,33.1,17.95,26.25,1.25,8.55,12.9,23683.81524,0.086
3370,25.55,19.1,22.6,0.75,9.9,22.15,29000.63143,0.082
3371,30.05,19.05,22.95,1.5,19.6,6.85,31559.17111,0.069
3372,31.6,18,23.45,7.15,8.95,10.8,22175.92508,0.092
3373,25.75,17.7,22.15,0.75,11.8,21.85,22446.74064,0.073
3374,33.4,16.75,25.55,0.65,10.3,13.3,27715.49302,0.061
3375,32.6,23.5,25.75,2,8.3,7.8,20865.80572,0.072
3376,24,19.35,21.95,4.15,17.9,12.6,19462.81334,0.099
3377,31.8,17.45,27.55,0.2,8.3,14.8,26566.05461,0.09
3378,29.55,12.6,20.9,2.6,14.2,20.2,21218.92,0.114
3379,25.15,17.65,21.6,0.65,13.7,21.2,23711.68445,0.115
3380,30,25.25,21.75,1.3,10.45,11.25,24157.61715,0.097
3381,29.45,16.9,25.6,6.6,9.6,11.9,24779.93175,0.079
3382,30.2,20.15,24.2,0.35,10.05,15.1,23879.79619,0.088
3383,25.85,19.35,19,0.35,11.75,23.75,21831.36032,0.102
3384,33.45,19.65,28.45,0.35,9.6,8.55,27277.73302,0.083
3385,43.75,18.3,23.15,0.2,8.15,6.55,35733.32984,0.093
3386,27.9,17.8,24.35,0.45,8.35,21.2,25772.74635,0.074
3387,32.3,17,22.95,0.7,10.25,16.8,25552.17556,0.064
3388,29.6,23.6,23.5,1.1,9.15,13.05,22607.77016,0.082
3389,30,17.25,27.75,0.2,11.2,13.7,30939.57524,0.085
3390,34.8,15.8,26.35,1.1,10.7,11.15,24070.21207,0.06
3391,28.25,18.55,23.55,1.1,12.35,16.2,22110.21588,0.071
3392,26.15,16.1,22.5,2.2,8.05,25,23836.55492,0.085
3393,29.4,18.6,24.65,1.75,12.05,13.5,24754.08159,0.115
3394,21.75,19.25,26.7,0.85,21.55,9.9,25649.43238,0.068
3395,40.2,13.9,25.9,0.2,8.5,11.35,35934.9454,0.057
3396,29.25,18.15,22.15,1.3,15.55,13.6,30198.51143,0.084
3397,21,15.8,23.75,2.7,14.25,22.45,21159.22603,0.071
3398,27.9,22.1,24.2,0.65,13.7,11.45,20914.88476,0.076
3399,38.2,16.35,22.55,1,11,10.9,31205.43207,0.074
3400,29.8,14.9,27.75,0.65,12.1,14.85,30488.71143,0.099
3401,31.55,14.95,27.8,0.3,11.7,13.75,30007.50349,0.071
3402,26.95,18.05,19.25,0.65,14.3,20.75,21978.57461,0.108
3403,32.3,21.8,26.2,0.65,10.4,8.65,21202.63683,0.077
3404,40.7,15.65,26.25,0.2,7.7,9.5,34948.39397,0.07
3405,25.95,17.35,24.15,0.85,9,22.75,25639.3527,0.093
3406,29.7,20.8,27.1,0.3,11.05,11.05,25649.48572,0.107
3407,33.65,18.9,24.65,1.05,8.95,12.85,16258.01111,0.073
3408,32.5,16.55,26.4,0.25,7.9,16.4,30411.74667,0.064
3409,25,17.85,23.45,1.4,8.35,23.95,22275.03302,0.067
3410,27.85,17.35,23.4,1.75,8.95,20.7,27349.12826,0.072
3411,23.6,15.6,19.65,2.45,17.2,21.55,21506.56953,0.069
3412,24.6,10.8,24.45,1.35,9.75,29,22809.32413,0.093
3413,35.15,14.05,26.45,0.05,14.9,9.4,35381.96,0.056
3414,25.55,17.55,24.8,0.3,12.45,19.35,24031.62476,0.074
3415,25.4,14.55,20.4,0.95,10.2,28.6,26333.15175,0.083
3416,25,18.3,23.9,2.6,11.15,19.1,23086.48635,0.08
3417,18.75,17.6,24.7,1.05,11.7,26.15,21425.47334,0.141
3418,15.95,25,25.3,4.6,7.35,21.85,18244.90921,0.153
3419,28.45,17.1,19.95,1.15,13.45,19.95,22410.99873,0.094
3420,25.6,24.6,25.4,1.4,8.5,14.5,16393.88095,0.098
3421,33.85,15.3,29.85,0.3,11.7,8.95,32271.88889,0.076
3422,26.1,19.5,24.05,0.55,10.85,19,20787.39778,0.082
3423,30,17.4,24.25,4.45,10.2,13.75,24580.68572,0.096
3424,37.3,14.1,22.7,1.75,9.4,14.75,20939.99397,0.063
3425,22.55,17.05,23.9,0.7,7.7,28.05,25965.6527,0.077
3426,25.25,18.05,21.6,0.8,18.65,15.65,22089.58064,0.105
3427,37.9,15.65,22.65,3.05,9.8,10.95,31006.75461,0.087
3428,23.2,16.15,20.9,3.75,13.5,22.5,22521.31111,0.092
3429,30.4,18.4,23,1.45,14.1,12.6,26100.34921,0.095
3430,35.5,15.75,25.25,0.65,10.3,12.5,20755.05937,0.063
3431,26.15,14.9,20.1,2.05,8.95,27.9,20663.4527,0.112
3432,34.65,18.65,22.05,4.4,8.65,11.6,34239.58064,0.078
3433,41.6,14.2,28.05,0.1,7.3,8.8,34832.33746,0.056
3434,26.9,17.6,21.85,2.1,11.05,20.5,25704.25016,0.086
3435,25.55,19.1,23.7,0.25,11.45,19.9,22294.02222,0.092
3436,31.35,15.1,23.5,0.85,17.55,11.7,26994.27873,0.064
3437,22.65,26.5,20.1,2.6,6.85,21.3,17184.70381,0.129
3438,24,17.75,24.95,2.4,10.55,20.25,24738.47397,0.073
3439,26.5,16.95,24.9,0.5,7.45,23.7,26762.40603,0.083
3440,32.7,17.95,21.2,4,13.85,10.2,25738.92222,0.086
3441,25.4,14.3,21.8,1.7,12.4,24.4,21572.10794,0.063
3442,21.05,16.9,21,1.4,11.45,28.15,22292.73588,0.106
3443,23.25,14.7,21.85,0.9,12.55,26.85,22516.65302,0.091
3444,39,17.5,22.8,1.25,9.35,10.15,28917.53905,0.045
3445,26.1,16.35,24.2,1.1,11.35,20.9,21784.03492,0.077
3446,32.7,16.55,22.15,2,11.55,15.1,30364.61937,0.047
3447,29.95,18.4,25.65,0.6,6.95,18.45,23121.45492,0.054
3448,30.4,18.15,25.5,0.8,9.75,15.4,26568.67619,0.09
3449,23.35,15.5,22.9,1.45,16.35,20.5,20403.67143,0.069
3450,28.7,14.8,22.8,3.2,8.9,21.6,21919.52826,0.124
3451,23,22.9,20.95,1.35,19.3,12.55,21819.9781,0.083
3452,26.05,18.55,21.55,2.7,16.75,14.4,25336.89143,0.107
3453,27.05,15.8,27.75,0.2,9.8,19.4,22907.51715,0.074
3454,20.9,15.6,22.8,5.55,9.05,26.1,21357.91111,0.095
3455,33.25,17.45,23.6,1.6,10.45,13.65,24274.8873,0.083
3456,28.95,15.55,26.05,0.6,12.2,16.55,27427.54445,0.084
3457,28.35,15.95,23.15,0.5,10.2,21.9,25891.22381,0.061
3458,30.5,17.8,24.3,2,9.05,16.2,28277.3673,0.066
3459,28.7,15.85,25.55,0.65,16.1,13.25,29990.64095,0.077
3460,28.6,18.8,23.7,0.55,8.5,19.9,14678.73842,0.089
3461,37.6,13.6,27.15,0.15,11.05,10.45,31581.09715,0.061
3462,37.15,14.75,21.05,0.75,14.15,12.15,23250.38445,0.063
3463,24.55,20.6,23.6,1.4,11.3,18.6,23821.5908,0.099
3464,44.65,17.3,22.2,0.2,6.1,9.55,33715.40159,0.089
3465,42.9,15.8,25.15,0.1,8.3,7.75,40410.64953,0.076
3466,22.45,15.3,19.4,0.45,17.35,25,22796.47842,0.104
3467,28.9,22.9,31.05,0.1,10.55,6.45,19966.04508,0.103
3468,23.25,15.65,25.55,1.45,12.65,21.5,23264.65619,0.083
3469,30.5,21.9,24.2,1.7,10.55,11.05,20709.10159,0.105
3470,44.6,18.6,20.15,0.45,6.55,9.75,14763.1654,0.061
3471,43.45,17.45,26.4,0.2,6.7,5.85,24420.7454,0.072
3472,28.3,16.95,24.45,0.6,10.95,18.75,26897.31238,0.067
3473,37.15,15.1,26.45,0.4,8,12.9,30823.68476,0.053
3474,30.9,17.05,26.65,0.75,13.15,11.5,24769.07651,0.084
3475,21.3,22.45,27.15,0,12.75,16.35,26569.73842,0.087
3476,22.2,14.25,20.9,1.45,8.3,32.95,27216.11683,0.084
3477,24.2,22.65,19.65,2.45,9.4,21.65,20825.90191,0.085
3478,30.05,20.25,21.25,5.5,8.9,14.05,23403.81715,0.113
3479,29.65,19.75,25.2,0.2,8.3,16.85,27004.46191,0.095
3480,31.65,21.65,25.5,1.95,9.95,9.25,21835.76953,0.105
3481,31.9,18.1,26.3,0.1,10.7,12.85,28527.44349,0.098
3482,32.95,16.7,22.5,0.75,11.05,16.05,29120.2181,0.082
3483,30.9,19.7,26.4,0.3,11.3,11.45,24864.25651,0.079
3484,27.35,21.25,23,1.25,11.95,15.25,19508.11937,0.079
3485,24.85,14.7,22.75,2.05,11.4,24.3,29924.72699,0.095
3486,32.2,15.8,26.55,1.1,8.55,15.85,23811.60381,0.067
3487,30.2,16.05,28.45,0.65,10.3,14.35,26370.96889,0.074
3488,24,22.8,21.6,1.85,11.1,18.7,23925.71937,0.106
3489,32.6,17.75,26.25,0.7,12.7,10,28062.39524,0.113
3490,35.75,15.5,28.25,0.25,6.55,13.8,31684.18413,0.077
3491,30,13,27.9,1.55,11.9,15.55,31961.60635,0.061
3492,34.6,16.75,27.85,0.05,8,12.75,24916.14159,0.067
3493,22.95,15.75,23.95,2.4,12.35,22.6,25759.60603,0.073
3494,26.35,15.65,27.25,0.65,16.4,13.75,25486.12889,0.091
3495,31.25,13,17.85,2.55,9.6,25.8,23297.83746,0.079
3496,25,15.7,24,1.5,12.15,21.7,29950.24635,0.063
3497,27.2,16.4,21.9,2.45,14.7,17.45,21859.74318,0.064
3498,24.2,21.4,23.85,6,12.9,11.6,21877.50508,0.275
3499,26.6,18.2,22.4,0.65,11.65,20.55,25990.27588,0.088
3500,16.25,22.9,18.85,3.75,18.85,19.4,19904.33524,0.124
3501,25.55,20.25,23.8,1.6,17.1,11.7,22234.05175,0.089
3502,25.9,17.65,23.8,2.6,11.55,18.6,26500.45461,0.109
3503,23.8,16.35,24.75,1.7,10,23.3,26365.48064,0.095
3504,22.2,16.6,21.9,1.15,18.35,19.75,19515.60349,0.078
3505,41.6,18.2,22.15,0.5,7.65,9.85,17460.41461,0.059
3506,26.3,17,18.45,0.55,10.45,27.2,25905.34762,0.146
3507,29.45,17.8,26.65,0.2,10.45,15.35,27717.64572,0.078
3508,26.15,18.4,20.5,2.85,15.3,16.85,23238.71556,0.099
3509,32.45,15.9,24,0.55,9.3,17.8,29613.4527,0.048
3510,24.2,15.7,20.8,3.55,18.35,17.5,25002.97683,0.064
3511,24,17.55,24.75,2.05,17.1,14.6,25609.67143,0.055
3512,29.05,20.45,26.25,0.25,10.3,13.75,23025.68095,0.063
3513,20.75,23.2,23.05,1.3,12.3,19.35,21016.30762,0.096
3514,30.05,19.5,22.5,1.25,8.2,18.5,23641.50032,0.085
3515,22.85,29.05,19,3.35,14.25,11.45,24335.26413,0.074
3516,34.75,17.05,26.1,0.45,9.5,12.05,28380.62762,0.067
3517,28.7,20.1,20.45,3.5,16.1,11.1,28615.20953,0.147
3518,28.5,19.55,20.45,0.7,8.95,21.85,23466.58635,0.077
3519,21.65,20.5,24.9,0.75,10.5,21.7,20702.81238,0.131
3520,31.05,15.25,21.4,1.85,11.6,18.85,25890.07746,0.051
3521,24,19.45,21.7,3.85,14.4,16.65,24202.05619,0.072
3522,28.5,18.15,26.35,0.95,15.85,10.15,24327.77524,0.054
3523,31.9,23.15,23.25,0.75,10.9,10.05,31615.93873,0.118
3524,27.5,18.45,21.95,0.3,10.55,21.25,25105.0181,0.103
3525,25.85,18,22.1,2.55,14.3,17.15,26564.66095,0.074
3526,26.15,19.25,26.9,0.1,11.2,16.3,23955.21937,0.078
3527,22.95,17.3,25,2.6,15.85,16.4,22835.77397,0.048
3528,29.15,14.15,24.7,0.7,11.55,19.75,29060.2781,0.055
3529,24.35,14.95,17.4,2.15,8.2,32.95,22212.29238,0.069
3530,20.1,17.15,14.95,2.6,11.5,33.75,18345.86794,0.153
3531,42.7,12.75,26.5,0.5,5.6,12,35707.38984,0.057
3532,26.4,20.85,18.85,5.15,11.65,17.15,19173.7727,0.093
3533,44.85,12.95,25,0.3,7.7,9.2,36743.67651,0.066
3534,27.85,21.65,23.75,0.4,10.3,16.1,20448.14921,0.069
3535,26.3,9.7,28.35,0.65,20.35,14.6,35919.03365,0.063
3536,26.65,14.8,22.2,1.4,10.1,24.75,29302.72826,0.073
3537,28.05,24.4,21.5,2.85,13.8,9.45,31006.52095,0.11
3538,33.7,17.85,25.75,0.4,6.4,15.9,28400.45397,0.084
3539,21.3,13.7,25.55,0.1,11.45,27.9,23930.60127,0.084
3540,34.75,20,20.25,1.7,15,8.3,24016.60762,0.085
3541,23.95,21.55,22.4,1.75,16.75,13.65,24444.3273,0.071
3542,25.2,24.6,25.15,3.45,9.4,12.2,21647.6127,0.077
3543,36.4,18.05,25.25,0.2,9.9,10.25,28826.90095,0.092
3544,40.3,14.45,30.5,0.2,8.15,6.5,32301.99016,0.078
3545,29,19.75,21.9,5.25,7.65,16.45,24404.27588,0.085
3546,28.6,17.5,24.55,2.05,10.8,16.45,25373.79143,0.058
3547,20.5,16.75,24,1,9.9,27.8,22056.92857,0.09
3548,28.4,16.5,22.65,1.2,9.45,21.8,26718.6181,0.061
3549,24.7,19.7,21.2,10.2,7.9,16.3,22314.14667,0.147
3550,43.6,14.1,24.8,0.1,8,9.4,42239.17048,0.071
3551,22.55,17.45,18.65,3.35,13,25.1,19149.54127,0.094
3552,24.3,13.25,26.05,0.3,13.45,22.65,26761.9181,0.086
3553,24.85,20.05,23.65,1.15,14.35,16.05,21221.06318,0.116
3554,26.25,17.85,20.75,1.4,7.75,25.9,25462.24349,0.091
3555,26.75,17,26.05,0.75,10.45,18.95,25154.54762,0.112
3556,27.4,17.5,21.3,0.95,17.3,15.5,25407.42476,0.066
3557,34.85,15.2,28.85,0.2,8.15,12.75,32052.84984,0.074
3558,25.5,16.55,20.8,1.85,9.05,26.25,27009.20381,0.072
3559,35,16.3,26.85,0.1,7.25,14.45,28805.41365,0.086
3560,29.9,13.3,19.5,2.2,14.2,20.8,24093.32032,0.086
3561,31.7,16.1,26.9,0.4,14.1,10.75,29070.76445,0.035
3562,24.65,18.1,22.1,0.75,12.8,21.55,0,0.088
3563,26.05,14.6,24.5,1.65,11.15,22.05,24872.77905,0.102
3564,32.9,19.35,25.75,1.45,7.75,12.85,24859.76826,0.088
3565,37.7,17.3,26.65,0.1,6.15,12.1,29786.21524,0.07
3566,26,13.7,23.3,1.2,13.45,22.25,23449.11048,0.07
3567,20.1,19.25,14.9,0.25,13.55,31.85,20561.50794,0.096
3568,23.15,17.05,23.45,0.9,12.5,22.95,25154.68508,0.104
3569,33,17.2,25.8,0.2,9.25,14.5,30329.40794,0.088
3570,24.2,22.1,28.25,2.45,12.5,10.55,25438.97937,0.091
3571,40.25,16.75,24.3,0.65,6.45,11.6,28976.63651,0.078
3572,28.85,16.2,24.1,1.5,11.7,17.65,31077.88159,0.067
3573,25.1,13.25,19.4,1.9,10.95,29.4,23459.0254,0.08
3574,33.35,15.1,24.95,0.75,13.5,12.35,32241.56,0.063
3575,18.95,16.75,25.2,2.35,9.65,27.05,23979.00191,0.062
3576,26.45,16.05,21.75,0.95,20.05,14.75,30736.88508,0.077
3577,34.4,16.15,27.85,0.1,8.7,12.85,29560.10445,0.077
3578,25.15,16.85,19.55,2.9,16.2,19.4,23365.94889,0.053
3579,30.25,18.95,27.95,1.1,9.65,12.15,23911.27365,0.108
3580,27.45,17.7,21.55,2.4,13,17.85,24088.02286,0.098
3581,21.6,14.85,22.05,4.7,11.75,25.05,21763.20921,0.104
3582,31.05,17.75,26.1,1.7,11.95,11.4,30916.07048,0.089
3583,34.85,16.05,22.95,0.2,12.75,13.25,33260.81905,0.06
3584,38.45,17.7,20.95,1.1,10.4,11.3,25638.54349,0.05
3585,26.1,15.1,23.65,1.2,11.6,22.35,23337.6908,0.073
3586,28.25,15.85,21.4,4.15,9.6,20.75,26053.94508,0.077
3587,26.25,23.05,18.7,3.2,14.85,14,21604.57238,0.072
3588,41.05,14.4,25.8,0.2,9.4,9.15,40833.48286,0.07
3589,30,27.5,15.45,4.45,8.05,14.5,17648.44349,0.078
3590,27.45,22.9,27.8,2.45,10.3,9.15,28832.45461,0.05
3591,29.5,16.9,17.3,0.2,21.75,14.4,25146.57873,0.134
3592,26.6,16.75,20.85,2.25,12.65,20.9,26177.72095,0.072
3593,29.05,21.5,21.6,3.2,9.95,14.8,13886.0673,0.093
3594,34.65,20.55,23,5.45,7.85,8.5,25454.67461,0.08
3595,29,16.65,26.75,0.1,7.55,19.95,27863.66699,0.114
3596,34.3,20.55,22.5,0.6,12.45,9.6,28640.83461,0.096
3597,25.15,15.7,22.75,0.45,15.25,20.7,27619.37111,0.088
3598,22.75,19.85,20.6,1.2,8.2,27.4,21147.46191,0.112
3599,35.3,19.75,26,0.2,10.3,8.4,26137.89461,0.073
3600,28.95,22.6,23.25,2.05,12.75,10.4,24765.90254,0.15
3601,34.25,20.8,23.05,0.8,9.2,11.9,21338.21175,0.08
3602,40.9,13.55,27.6,0.2,7.2,10.5,39253.45588,0.053
3603,25.8,17.95,24.1,0.5,12.25,19.4,22191.26667,0.065
3604,22.6,20.85,27.45,0.9,11.2,16.95,21981.67842,0.093
3605,39.85,14.05,27.7,0.1,7.2,11.05,36441.22921,0.056
3606,26.2,14.95,24.8,1.15,14.75,18.1,29335.41778,0.063
3607,28.45,18.85,30.75,0.5,12.05,9.4,25999.46889,0.109
3608,31.6,20.3,26.4,0.2,9.85,11.65,27515.31937,0.073
3609,43.5,11.9,28.25,0.1,6.5,9.8,38948.04667,0.073
3610,28.25,17.6,25.1,0.6,9.3,19.15,29221.50921,0.064
3611,42.2,18.1,22.65,0.25,8.7,8.05,36834.50953,0.053
3612,23.7,15.3,24.7,1.2,11.5,23.55,22600.38349,0.116
3613,20.85,16.25,21.75,1,18.8,21.25,28520.23111,0.084
3614,28.5,16.95,25.95,0.7,10.5,17.4,28468.53905,0.061
3615,30.2,16.85,21.45,2.15,14.4,15,24025.47683,0.099
3616,28.95,18.6,20.85,1.05,10.05,20.45,24569.9073,0.081
3617,28.4,24.8,22.35,0.2,20.6,3.6,38425.78508,0.06
3618,28.15,16.25,27.45,0.55,12.25,15.45,23675.60413,0.067
3619,35.15,12,32.75,2.2,6.6,11.25,29217.26095,0.031
3620,35.85,15.55,26.15,0.2,8.05,14.15,30620.73556,0.085
3621,33.25,12.75,26.9,0.25,13.4,13.45,34937.95937,0.057
3622,29.05,18.25,23,0.45,15,14.3,20382.2908,0.133
3623,21.2,11.7,14.65,4.05,10.35,38.1,25018.11588,0.034
3624,26.05,20.9,21.7,2.6,10.25,18.45,20984.47746,0.11
3625,26.05,21.15,26.35,1.5,11.85,13.15,20234.96953,0.105
3626,39.3,14.3,24.7,0.55,10,11.15,32595.2473,0.049
3627,28.4,18.2,25.3,7.3,8.5,12.25,23679.84191,0.152
3628,26.15,16.5,16.5,14.25,10.1,16.45,24622.82159,0.051
3629,32.05,15.15,25.5,2.25,9.1,15.9,27955.58445,0.08
3630,42.6,10.9,27.75,0.75,10.85,7.2,33383.08635,0.054
3631,23.2,15.5,21.6,1.95,9.5,28.35,22336.37048,0.124
3632,23.3,21.3,24.9,0.55,13,16.95,21974.60762,0.056
3633,21.15,19.65,26.75,1.9,10.75,19.85,24528.98095,0.084
3634,35.5,16.75,25.65,0.7,7.8,13.65,34023.93588,0.06
3635,33.8,17.55,23.6,0.35,12,12.8,23449.91016,0.066
3636,19.55,12.95,23,1.25,13.35,29.9,21456.1927,0.068
3637,28.1,18.75,31.1,0.4,12.15,9.4,25830.04413,0.088
3638,37.3,16.85,27.5,0.1,7.6,10.7,28310.5673,0.066
3639,26.25,21.1,21.05,1.2,10,20.3,23527.41937,0.101
3640,24.5,15.15,19.65,1.85,11.2,27.6,22183.97111,0.076
3641,29.45,16.7,23.35,0.55,10.65,19.35,25186.66159,0.072
3642,28.9,16.85,19.9,3.25,19.25,11.8,22107.30476,0.085
3643,29,19.4,23.55,0.5,12.8,14.7,23496.82953,0.085
3644,27.95,18.85,25.35,0.75,11,16.2,25604.68762,0.076
3645,26,17.8,22,0.7,13.45,19.95,26004.73334,0.085
3646,31.35,17.8,28.6,0.75,8.4,13.1,21440.22635,0.07
3647,25.95,13.55,25,3.85,14.85,16.8,22039.41175,0.124
3648,29.5,17.05,25.7,0.4,11.1,16.25,25377.30318,0.057
3649,30.15,16.45,26.65,1.85,7.35,17.6,22620.83969,0.066
3650,25.5,15.1,22.05,0.95,11.15,25.35,27532.95143,0.078
3651,26.7,17.4,23.4,0.7,16.05,15.65,25547.52032,0.073
3652,27.15,18.2,21.55,1.85,9.35,22,24690.28254,0.055
3653,17.8,20.35,20.65,1.25,14.85,25.1,23878.17175,0.105
3654,30.05,17.6,25.25,0.65,12.35,14.05,25258.55016,0.068
3655,31.1,14.7,26.6,0.3,12.7,14.6,30456.88603,0.068
3656,25.8,17.25,23.15,1.3,9.65,22.9,28236.54032,0.066
3657,28.45,18,21.1,1.6,9.35,21.55,28712.18191,0.074
3658,38.65,17.7,25.35,0.1,9.65,8.5,38176.4927,0.068
3659,27.05,16.65,23.05,1.75,9.45,22.05,27342.30889,0.065
3660,24.7,18.15,23.9,0.8,17.05,15.45,24012.02953,0.056
3661,25.2,27.75,19.15,2.55,13.05,12.3,21964.28476,0.072
3662,26.4,15.95,19.8,1.6,10.75,25.5,24388.90127,0.064
3663,28.55,14.85,25,0.45,10.7,20.5,25015.04635,0.07
3664,31.95,17.7,25.3,0.35,7.5,17.2,24590.62095,0.078
3665,36.5,17.75,27.45,0.1,6.45,11.7,29502.8473,0.083
3666,26.9,20.15,25.8,0.6,7.85,18.75,18922.5854,0.095
3667,40.2,14.15,19.6,5.5,8.1,12.45,32500.0054,0.058
3668,28.9,18.9,25.15,0.35,14.05,12.65,25938.7308,0.059
3669,26.85,17.15,24.85,0.35,10.6,20.3,31346.34572,0.08
3670,28,15.2,25.7,1.05,10.2,19.85,23493.56286,0.062
3671,27.3,14,23.85,1.55,13.45,19.95,22364.2454,0.111
3672,31.6,13.2,24.35,2,12.65,16.2,26346.66,0.062
3673,29.85,19.8,28.95,0.5,10.35,10.55,25617.2381,0.093
3674,43.45,15.9,23.85,0.1,10.05,6.7,30669.88762,0.057
3675,23.15,17.15,24.7,0.6,14.5,19.95,23051.13905,0.097
3676,24.4,25.95,22.1,0.45,9.5,17.6,17289.73969,0.087
3677,31.95,14.05,24.05,2.05,10.05,17.9,30855.37461,0.064
3678,39.25,15.5,27.1,0.3,7.25,10.6,35097.60857,0.076
3679,31.05,19.6,27.45,0.5,12.55,8.8,26810.81873,0.083
3680,24.9,15.85,21.25,1.5,11,25.5,23810.23238,0.095
3681,23,21.1,26.55,1.8,10.1,17.45,22185.39143,0.116
3682,17.35,37.2,25.65,3,9,7.75,20528.4381,0.151
3683,24.6,30.35,25.8,0.2,7.45,11.65,25785.72254,0.127
3684,26.15,15.1,25.5,0.4,9,23.8,25728.25937,0.065
3685,30.8,25,23.3,2.4,13.15,5.4,22614.20381,0.055
3686,22,14.05,22.15,1.9,10.55,29.4,21767.3581,0.089
3687,26.65,15.25,20.35,0.85,11.8,25.15,26553.81397,0.078
3688,36.65,15.45,28.55,0.3,9.05,10.05,20084.41048,0.055
3689,22.9,13.8,26.45,2.75,10.6,23.5,22272.71842,0.087
3690,24.35,17.15,23.1,0.45,16.65,18.35,23338.17619,0.072
3691,45.65,14,25.5,0.1,5.65,9.15,37899.85873,0.091
3692,21.25,18,22.95,3.45,13.55,20.7,21106.01016,0.099
3693,28.4,16.85,22.2,1.35,10.35,20.8,24566.7381,0.086
3694,27.9,19.75,21.05,0.25,9.05,21.95,24628.30381,0.064
3695,19.9,14.65,22.55,1.1,14.35,27.5,22849.21016,0.067
3696,32.65,14.5,26.1,0.15,12.4,14.2,28575.60286,0.068
3697,28.55,18.15,22,3.95,10.25,16.95,22677.38921,0.092
3698,26.7,12.85,26.2,1.15,13.65,19.4,28942.81048,0.071
3699,33.2,26.9,23.6,1.2,9.45,5.65,23911.99905,0.105
3700,35.15,20.35,26.7,0.45,9.25,8.1,32640.27651,0.052
3701,26.9,16.1,22.75,0.7,11.2,22.45,27057.98349,0.094
3702,27.9,15.2,21.95,1.75,10.5,22.75,25363.24508,0.091
3703,23.3,18.3,24.1,2.2,10.75,21.3,21102.82064,0.181
3704,26.85,17.35,23.5,0.9,9.75,21.65,25461.45397,0.107
3705,28.15,15.95,22.55,1.55,12.35,19.35,29439.23111,0.082
3706,24.6,15.55,20.25,1.4,13.25,25,26915.90349,0.071
3707,26.7,19.35,24,0.45,9.95,19.5,26216.31111,0.106
3708,32.8,18.05,25,0.7,9.55,14,25408.10381,0.071
3709,34.7,16.7,25.9,0.7,10.25,11.75,27618.15524,0.07
3710,31.4,14.3,23.15,0.95,11.05,19.15,27180.95556,0.062
3711,21.05,15.8,21.95,2.6,15.3,23.3,20467.08,0.094
3712,37,16.2,27.4,0.3,9.7,9.35,37059.6473,0.069
3713,38.25,16.05,23.6,0.85,9.05,12.25,29663.66381,0.075
3714,29.2,20.05,17.55,2.3,14.2,16.65,19426.92921,0.068
3715,31.3,18.95,23.85,2.35,9.45,14.15,23437.01461,0.052
3716,41.05,13.55,29.25,0.15,7.3,8.65,35295.50286,0.06
3717,29.4,18.1,25.7,0.5,9.05,17.25,27569.10572,0.073
3718,32.75,19,25.9,1,9.4,12,23885.00222,0.078
3719,38.9,17.2,29.4,0.3,6.75,7.4,30667.59905,0.076
3720,34.25,15.4,19.75,3.65,15,12,30954.29651,0.047
3721,27.4,12.95,24.75,1.4,8.9,24.65,28128.43461,0.034
3722,28.4,16.55,23.95,0.55,8.75,21.75,28571.40921,0.084
3723,30.4,16.75,24.65,0.5,7.55,20.2,25934.83365,0.057
3724,26.15,18.05,16.6,1.35,14.95,22.8,23285.93016,0.085
3725,23.9,17.9,22.5,1.3,13.9,20.6,23537.33619,0.118
3726,26.7,18.5,25.7,1.15,11.35,16.65,25106.91905,0.092
3727,27.55,16.25,23.45,1.35,12.05,19.35,31640.57461,0.095
3728,36.75,19.6,25.5,0.5,11,6.6,32580.49143,0.074
3729,30.85,17.45,25.65,1.1,8.95,16.15,24170.39397,0.042
3730,33.8,15.55,26.35,0.2,9.05,15.05,31578.94603,0.084
3731,31.15,16.95,26.7,1.05,10,14.2,22374.61302,0.094
3732,24.25,16.2,22.15,3.1,12,22.3,24648.50159,0.085
3733,18.3,17.8,23.9,0.65,14.75,24.65,20895.05651,0.079
3734,35.75,16.2,26.9,0.25,8.9,11.95,31086.83556,0.063
3735,24.8,17.15,26.65,1.55,9.55,20.3,25132.91429,0.038
3736,24.15,13.85,22.7,2.6,16.25,20.45,22645.16,0.082
3737,26.2,12.65,26.8,1.6,14.4,18.3,26766.36349,0.059
3738,23.6,18.65,22.35,1.35,11.5,22.6,22951.96762,0.082
3739,28.45,17.9,23.8,0.95,10.15,18.7,24263.3581,0.084
3740,29.2,17.25,25.35,1.55,15.65,11,24755.5927,0.09
3741,22.35,18.9,18.7,2.35,15.2,22.45,24382.38064,0.069
3742,26.3,19.8,25.15,0.1,8.6,20.1,24610.32,0.078
3743,32.75,16.9,24.75,0.2,10.55,14.9,27598.62,0.078
3744,37.75,17.15,28,0.1,6.7,10.25,31623.38222,0.079
3745,26.65,18.05,20.95,0.95,12.95,20.4,22877.28699,0.057
3746,26.3,20.45,24.05,0.35,11.9,16.95,22951.81302,0.093
3747,25.9,19.8,26.85,1.4,11.9,14.1,21394.34032,0.119
3748,32.05,23.5,17.85,0.7,15.15,10.75,22092.24349,0.196
3749,35.25,20.7,26.25,1.4,9.2,7.2,25365.11143,0.081
3750,31.75,18.7,27.1,1,14.5,6.9,30319.87778,0.071
3751,28.15,30.35,24.25,0.65,8.3,8.35,30503.32508,0.135
3752,24.75,15.6,21.3,0.65,8.6,29.15,27906.72445,0.068
3753,28.95,18.15,24,0.7,10.7,17.55,24666.69302,0.09
3754,24.5,13.95,19.1,0.85,20.05,21.6,28160.08222,0.056
3755,25.8,20.55,20.3,1.55,16.15,15.65,20881.56984,0.085
3756,26.3,15.8,24.65,1.15,16.35,15.8,26855.82826,0.058
3757,25.85,18.1,26.1,0.6,11.75,17.6,23454.35651,0.096
3758,28.95,18.35,21.15,2.8,15.75,12.9,19035.62064,0.135
3759,34.2,16.15,25.8,0.35,9.75,13.75,30111.32349,0.065
3760,33.6,12.55,25.65,0.35,12.15,15.6,31272.26572,0.058
3761,37.35,16.1,27.45,0.2,9.45,9.4,39732.54158,0.076
3762,38.15,13.7,27.95,0.25,10.95,8.95,32119.3927,0.057
3763,20,16.8,20.5,1.55,15.8,25.35,24978.99429,0.112
3764,32.3,12.45,26,1.6,15.6,12.05,30416.93969,0.048
3765,22.1,15.75,23.05,0.9,13.75,24.5,21110.66476,0.095
3766,27.45,16.95,22.75,3.05,10.15,19.65,26124.36159,0.095
3767,31.85,18.25,25.65,0.7,9.35,14.25,24453.08984,0.07
3768,24.8,17.55,20.2,1.55,10.6,25.3,25471.57238,0.08
3769,29.85,22.55,25.55,0.4,11.35,10.3,22586.06603,0.058
3770,46.95,12.35,25.15,1.15,6.8,7.65,41059.3708,0.061
3771,34.2,15.35,26.05,0.35,9.7,14.4,32015.43746,0.104
3772,26.45,19.65,20.9,1.6,16.75,14.7,27792.25207,0.07
3773,36.25,21.15,23.65,0.35,8.75,9.8,28309.64508,0.067
3774,37.3,22,21.95,0.25,8.95,9.55,24067.29778,0.078
3775,29.9,15.4,21.7,2.45,8.55,22.05,26384.02064,0.054
3776,19.25,17.6,24.3,3.05,10.9,24.9,18645.17016,0.069
3777,31.55,17.8,27.85,0.45,10.7,11.65,25968.38095,0.044
3778,24.55,20.55,25.7,0.4,11.8,17.15,24261.18064,0.086
3779,37.55,15.15,26.2,0.25,11.55,9.4,41365.44032,0.091
3780,32.85,18.35,25.95,1.2,9.7,12,27902.15937,0.086
3781,35.2,20.3,25.1,0.4,11.25,7.7,27556.85905,0.062
3782,26.85,16.6,20.65,0.95,12.8,22.1,22611.34889,0.06
3783,28.45,20.5,23,1.15,13.45,13.45,23955.77937,0.076
3784,42.1,14.85,27.45,0.3,8.05,7.25,41283.33302,0.089
3785,29.95,19.25,26.8,1.15,10.1,12.75,25956.64032,0.061
3786,25.75,18.05,24.9,1.9,14.2,15.25,22122.8873,0.072
3787,28.2,16.2,16.35,1.55,26.65,11.1,34383.1273,0.06
3788,26.4,17.6,21.6,6.9,11.3,16.2,17735.91905,0.159
3789,27.35,12.7,24.5,2.15,12.95,20.3,21118.48667,0.119
3790,23.3,12.9,19.85,2.65,10.35,30.85,26529.57937,0.069
3791,26.5,13.5,26.8,1.4,10.25,21.6,24258.90191,0.09
3792,28.6,18.45,25.8,0.35,8.55,18.2,27431.49588,0.085
3793,34.45,15.2,27.4,0.35,10.25,12.4,28039.19905,0.058
3794,22.95,19.25,26.75,1.25,8.85,21,22606.50572,0.066
3795,35.95,13.15,28.25,0.2,9.9,12.6,39739.65905,0.078
3796,34.25,16.2,25.15,0.35,8.2,15.95,29372.02921,0.064
3797,32.35,17.35,21.95,1.15,10.45,16.8,26989.04286,0.098
3798,26.25,13.75,23.2,0.35,9.15,27.35,26305.87429,0.073
3799,18.5,18.7,23.35,1.3,14.85,23.25,21730.49365,0.062
3800,35.25,13.9,28.15,0.4,11.3,11.05,30906.64,0.069
3801,39.85,17.95,26.05,0.15,6.4,9.7,26191.46984,0.084
3802,32.55,13.3,26.6,0.6,13.35,13.55,33625.23365,0.06
3803,27.5,15.95,27.85,0.65,10,18.05,24567.02953,0.095
3804,25.7,17.55,21.55,11.3,7.45,16.45,21733.37429,0.098
3805,24.5,17.65,27.6,0.5,13.1,16.7,26364.20921,0.079
3806,26.35,18,26.9,0.45,15.65,12.65,22215.29238,0.082
3807,24.35,12.3,20.2,1.05,9.8,32.25,19898.90318,0.098
3808,29.25,15.4,25.7,1,10.55,18.15,27093.95556,0.074
3809,28.7,20.45,24.25,4.05,11.9,10.65,25691.27556,0.097
3810,31.7,17.05,27.45,0.35,12.85,10.65,28860.88572,0.062
3811,31,15.6,23.15,0.45,13.75,16,29724.11048,0.05
3812,25.05,17,25.6,0.25,13.65,18.45,28341.58508,0.099
3813,39.4,16.4,25.6,0.25,10.35,8,38810.65397,0.05
3814,27.3,19.2,24.9,1.8,12.75,14.05,21676.51334,0.098
3815,28.2,17.15,28.45,0.7,10.95,14.45,28928.28254,0.046
3816,37.7,16.55,25.1,1.1,11.5,8,31857.9181,0.076
3817,41.05,16.35,25.4,0.45,7.6,9.15,30224.66667,0.058
3818,31.95,18.75,16.3,3.8,12.15,16.95,22881.54572,0.055
3819,28.05,15.65,27.9,1.1,8,19.3,25009.82127,0.053
3820,33.2,16.5,25.5,0.1,9.55,15.2,28902.48476,0.074
3821,29.3,15.25,21.25,3.95,11.65,18.5,25654.48222,0.07
3822,36.15,18.05,27,0.1,8.25,10.45,25394.30127,0.063
3823,39.55,15.2,28.4,0.25,7.9,8.7,33715.56032,0.041
3824,29.4,17.75,27.1,0.5,9.45,15.75,25466.47778,0.072
3825,21.7,19.25,25.65,3.7,13.2,16.45,22298.26318,0.077
3826,28.25,19.05,22.2,7.15,9.2,14.25,19990.19842,0.098
3827,25.3,16.7,22.7,0.8,17.1,17.5,22845.8654,0.091
3828,26.75,18.75,25.2,0.55,9.65,19.05,22289.21715,0.059
3829,20.5,20.5,20.9,1.25,18.05,18.8,24626.66095,0.101
3830,23.45,15.9,22.4,0.3,19.35,18.55,35123.26254,0.046
3831,38.65,17.6,25.05,0.2,9.85,8.6,27388.68381,0.071
3832,22.6,15.05,17.65,0,18.85,25.9,19795.14508,0.144
3833,26.75,20.1,19.3,1.5,12.05,20.3,22417.92191,0.129
3834,28.95,19.3,26.05,1.15,12.05,12.4,27512.23429,0.07
3835,28.8,15.5,26.1,0.7,13.15,15.65,25264.51778,0.078
3836,42.95,16.65,25.5,0.5,6.95,7.45,42816.60635,0.067
3837,25.75,15.7,24.1,2.2,15.5,16.75,26625.76603,0.076
3838,34.05,16.3,24.9,0.5,8.1,16.25,25298.71746,0.069
3839,31.85,14.95,18.45,5.5,12.9,16.4,23527.83651,0.096
3840,30.9,16.55,20.25,7.95,12.65,11.7,21133.90127,0.065
3841,27.35,17.7,25.15,1.55,10.25,18,27241.88667,0.076
3842,22.55,22.45,18.6,2.15,11.75,22.55,22757.77873,0.077
3843,21.7,17.65,24.3,1.15,14.6,20.6,25357.78,0.095
3844,23.7,18.1,22,2.8,9.65,23.75,22207.04508,0.075
3845,21.7,17.6,24.4,1.9,14.35,20.1,21749.43651,0.115
3846,29.25,18.65,21.65,11.35,6.7,12.35,23285.22349,0.07
3847,22.2,36.2,18.35,1.15,12.25,9.9,22259.42476,0.073
3848,31.3,18.2,22.1,6.65,9.25,12.55,25015.66921,0.077
3849,37,16.65,23.6,1.65,11.75,9.3,22075.42222,0.094
3850,25,17.6,23.5,0.9,12.75,20.2,25077.80476,0.096
3851,39.85,17.95,23.8,0.2,9.2,9.05,30490.95746,0.085
3852,32.1,15.45,25.65,1.7,11.95,13.15,29269.16826,0.087
3853,33.35,15.2,24.25,1.25,10.25,15.7,27624.60476,0.084
3854,30.8,14.3,24.95,1.1,10.45,18.45,29465.82953,0.066
3855,35.95,18.2,26.6,0.1,5.9,13.25,29237.83461,0.073
3856,44.85,10.6,28.8,0.95,7.9,6.95,29587.02222,0.049
3857,33.3,20.55,23.95,2.7,11.65,7.95,17021.49397,0.083
3858,29.35,14.75,24.8,0.85,14.9,15.35,31250.91334,0.064
3859,29.15,17.6,27.45,0.2,8.6,16.9,26799.59683,0.097
3860,36.9,18.6,23.2,0.4,9.25,11.75,13894.86413,0.06
3861,38.45,16.2,27.3,0.2,7.55,10.35,28503.21016,0.066
3862,21.6,25.4,23.45,5.9,11.85,11.8,20769.9873,0.102
3863,27,16.65,26.15,0.3,17.5,12.35,20847.44699,0.106
3864,21.8,14.15,24,0.5,12.35,27.15,25690.35238,0.117
3865,39.05,13.6,26.3,0.15,10.55,10.3,35035.56857,0.06
3866,25.05,18.25,25.35,1,15.65,14.7,24302.84191,0.057
3867,30.8,20.45,26.65,0.45,9.5,12.15,24587.28159,0.083
3868,37,14.45,23.4,0.9,8.9,15.45,36213.44127,0.053
3869,26.4,17.8,26.1,0,13.35,16.35,22194.14413,0.083
3870,27.1,18.6,21.3,1.2,7.55,24.25,21228.51016,0.081
3871,26.25,16.85,21.45,1.55,10.15,23.75,22646.8981,0.087
3872,28.75,19.3,24.2,0.55,8.8,18.4,24273.19778,0.085
3873,27.3,17,24.75,1.35,15.65,13.95,25599.57937,0.064
3874,23.9,22.3,19.45,1.05,16.5,16.8,23390.05334,0.111
3875,20.65,16.45,20.65,0.6,17.2,24.45,22859.07175,0.084
3876,27.8,22.1,29.8,0.35,12.4,7.55,23502.00953,0.102
3877,23.75,12.85,23.75,0.2,9.3,30.1,25181.53905,0.08
3878,30.2,18,24.65,0.85,9.5,16.8,26375.56318,0.073
3879,24.95,17.8,21.6,1.45,11.85,22.35,21511.12921,0.067
3880,28.2,19.4,22.05,0.95,12.25,17.1,25099.15492,0.097
3881,31.9,15.7,25.45,0.7,12.25,14.05,35441.87969,0.084
3882,33.25,16.55,24.85,0.2,12.2,13,29063.80762,0.068
3883,30.5,16.1,24,1.95,9.8,17.7,22067.92254,0.059
3884,36.3,13.9,27.65,0.9,9.4,11.85,33301.24794,0.079
3885,23.35,12.8,24.25,2.15,13.85,23.55,23657.75175,0.102
3886,48.8,14.9,22.2,0.95,6.15,6.9,20281.21461,0.06
3887,25.25,15.45,22.4,1.65,13.05,22.15,23918.09397,0.07
3888,30.9,16.1,25.1,0.8,8.9,18.2,29619.0381,0.08
3889,25.75,17.2,23.95,0.55,14.25,18.25,24643.40095,0.069
3890,32.45,25.65,20.35,0.95,10.4,10.25,23035.9981,0.071
3891,31.15,17.65,25.45,0.4,9.9,15.4,27142.80191,0.079
3892,25.5,16.95,24.7,0.5,15.75,16.7,18783.00603,0.114
3893,31.5,16.8,28.45,0.45,12.4,10.4,22903.62349,0.09
3894,27.45,14.55,20.1,1.1,13,23.8,23916.05429,0.076
3895,28.5,27.05,24.95,1.2,10.05,8.25,30998.84032,0.063
3896,24.55,15.1,19.95,2,10.45,28.05,21397.26127,0.092
3897,32.35,20.2,23.8,2.95,9.55,11.1,22633.18699,0.153
3898,38.95,15.05,27.65,0.2,8.25,9.9,29669.3454,0.053
3899,17.05,10.5,21.35,0.3,13.45,37.3,21801.95556,0.118
3900,28.5,16.95,23.15,4.5,12.65,14.25,16904.53524,0.075
3901,19.9,15.7,23.4,1.05,12.9,27.1,24918.36159,0.073
3902,21.15,15.75,19.35,0.85,13.85,29.05,21315.4873,0.104
3903,24.25,18.5,22.05,1.55,15.4,18.3,22637.27842,0.05
3904,25.25,17.55,20.95,1.8,16.75,17.65,23431.11048,0.069
3905,27.15,14.2,21.65,1.05,9.15,26.8,28835.72254,0.056
3906,24.5,13.3,18.5,2.75,8.7,32.3,17794.80889,0.165
3907,42.55,12.85,26.75,0,6.8,11.05,41826.5727,0.085
3908,33.25,15.95,24.9,0.8,8.3,16.8,22444.53873,0.069
3909,28.4,17.45,25.1,1.35,7.85,19.8,25488.92286,0.094
3910,25.05,19.85,25.45,1.3,14,14.35,21609.92635,0.09
3911,26.6,16.6,20.2,2.25,8.45,25.95,29000.82286,0.076
3912,33.1,16.05,26.1,0.4,9.25,15.15,30088.0073,0.065
3913,42.9,16.2,25.4,0.2,6.45,8.85,36512.6073,0.078
3914,24.5,22.8,20,1.9,9.35,21.5,22455.18476,0.081
3915,26.75,15.75,23.55,0.95,9.75,23.25,24241.62953,0.116
3916,48.6,12.35,25.8,0.1,6.25,6.9,48042.67588,0.073
3917,50.6,16.35,22.55,0.1,4.65,5.75,42931.72635,0.073
3918,34.6,18.35,29.75,0.1,9.2,8,31062.72349,0.074
3919,31.6,18.85,24.7,1.55,8.95,14.35,23072.49524,0.03
3920,29.1,17.7,26.6,1.05,11.85,13.6,25941.62572,0.089
3921,25.9,16.8,23.9,1.3,10.45,21.7,21724.60064,0.136
3922,26.15,17.3,20.45,0.45,9.8,25.85,24996.86349,0.075
3923,57.55,13.6,22.15,0.1,2.05,4.65,46965.57207,0.077
3924,24.55,21.35,20.95,1.85,12,19.3,21047.41619,0.055
3925,25.65,14.75,26.5,0.1,18.85,14.05,25659.18603,0.091
3926,32.15,21.05,23.7,2.45,11.4,9.25,19010.35048,0.071
3927,28.15,15,19,2.4,9.65,25.85,27807.6727,0.054
3928,58.45,10.55,21.95,0.1,4.5,4.5,52432.81683,0.05
3929,28.45,18.45,23.75,0.55,9.05,19.75,25800.16064,0.082
3930,25.7,19.7,20.45,0.4,16.2,17.55,22480.84159,0.104
3931,20.95,15.75,24.65,4.05,11.15,23.5,21229.68,0.078
3932,23.7,15.75,21.6,2.7,11.15,25,21898.03651,0.075
3933,26.45,20.25,24.5,1.15,9.75,17.95,18791.54635,0.07
3934,32.45,16.75,24.75,0.3,10.95,14.85,23901.16508,0.066
3935,30.05,14.7,20.05,3.1,10.4,21.75,23503.57429,0.078
3936,25.3,19.9,22.95,4.3,12.8,14.8,25154.25588,0.075
3937,25.4,15.25,19.15,2.95,21,16.25,24938.36857,0.118
3938,28,17.85,26.25,0.85,14.95,12.05,26291.76159,0.081
3939,24.2,12.1,20.1,2.9,9.25,31.35,21148.39111,0.124
3940,30.5,17.55,21.9,1.5,11.35,17.25,18892.95461,0.074
3941,27.1,15.6,25.55,0.5,7.95,23.3,24595.67175,0.073
3942,28,14.6,25,0.6,16.2,15.5,29982.41461,0.079
3943,29.8,23.2,23.4,2.55,9.4,11.6,18904.49619,0.103
3944,28.45,19.45,29.2,0.95,9.7,12.2,20847.75302,0.094
3945,28.55,22.2,22.8,0.9,6.9,18.7,22257.1054,0.088
3946,27.55,14.9,26.95,0.5,11.45,18.6,25896.27111,0.076
3947,48.55,13.85,21.8,0.3,7,8.45,42949.45651,0.084
3948,28.6,17.55,24.9,0.3,16.85,11.85,34137.02445,0.059
3949,29.5,15.45,26.25,0.4,9.35,19.05,27425.66,0.07
3950,30.55,19.7,26.5,0.35,7.7,15.15,26413.46699,0.068
3951,46.85,15.75,21.35,0.45,6.55,9.1,35072.42921,0.045
3952,24.95,13.85,16.6,2,8.8,33.75,21211.89238,0.095
3953,27.7,24.45,22.7,5,5.25,14.9,20110.94064,0.109
3954,20.1,21.3,16.35,14.45,19.1,8.65,19650.8873,0.092
3955,28.6,14.65,22.4,3.7,9.85,20.75,24249.5873,0.06
3956,24.4,18.3,19.65,1.5,9.7,26.45,24637.82984,0.083
3957,30,18.5,24.55,0.35,12.25,14.35,26326.94381,0.107
3958,31.8,17.7,28.4,1.25,10.5,10.35,28021.0781,0.086
3959,23.35,21.75,20.65,1.45,14.35,18.45,24566.92921,0.062
3960,56.3,12.9,20.15,0.1,6.15,4.4,50388.31556,0.042
3961,31.45,20.7,23.95,2.85,10.95,10.15,20411.34889,0.158
3962,25.85,17.65,24.9,0.4,11.25,19.9,27466.8508,0.122
3963,33.2,16.45,22.45,1.05,11.95,14.9,33491.14064,0.053
3964,32.45,18.1,24.75,0.4,7.85,16.5,25711.37016,0.082
3965,24.1,20,20,3.55,13.1,19.25,22538.90095,0.091
3966,25.95,15.4,22.25,1.4,10.7,24.3,27004.63556,0.076
3967,27.9,14,26.45,0.4,13.2,18.1,28778.64603,0.064
3968,40.55,15.85,26.05,0.35,7.95,9.25,35811.84286,0.07
3969,27.1,17.3,24,0.6,9.3,21.7,22727.91651,0.081
3970,23.4,13.95,22.55,2.35,15.4,22.4,22648.49778,0.099
3971,23.35,12.1,27.7,0.75,16.1,20.1,25281.9708,0.101
3972,27,18.1,19.95,7.95,10,17.05,23039.01556,0.058
3973,25.85,17.3,23.55,3.5,9,20.75,21024.94445,0.065
3974,22.8,12.6,27.75,2.05,8.75,26.1,26062.49461,0.08
3975,30.05,16.65,23.45,0.75,16.75,12.3,31896.68667,0.071
3976,34.1,18.75,21.75,0.95,8.1,16.35,22880.66667,0.051
3977,32.1,17.7,26.25,0.3,10.35,13.4,32652.56921,0.089
3978,35.65,14.65,21.65,0.3,12.15,15.65,31162.55969,0.064
3979,30.2,16.75,23.3,1.45,9.9,18.35,26775.12476,0.04
3980,28.25,20.15,23.7,2.95,11.05,13.85,22953.33651,0.117
3981,23,18.15,21.8,1.3,12.35,23.45,24113.21937,0.093
3982,33.2,15.2,23.85,4.1,9.75,13.9,21343.6908,0.063
3983,23.5,13.2,23.05,0.55,13.5,26.25,23088.70699,0.097
3984,26.55,18,24.35,0.85,7.95,22.3,24888.07207,0.088
3985,22.95,17.2,21.75,0.9,13,24.3,23590.34794,0.079
3986,33.3,19.2,25.4,0.15,7.5,14.5,28785.17429,0.112
3987,34.4,14.6,27.8,0.1,9.85,13.25,31082.31207,0.066
3988,30.25,24.45,24.45,1.05,7.7,12,19808.17651,0.067
3989,25.3,13.55,23.45,2.6,20.45,14.65,29043.92064,0.057
3990,24.4,17.3,18.85,0.75,11.6,27.15,27313.36794,0.071
3991,31.1,16.75,24.9,2.85,9.85,14.6,26270.01842,0.085
3992,28.7,22.9,25,0.25,13,10.2,24824.85334,0.086
3993,26.25,17.1,25.6,0.65,13.85,16.55,24453.28,0.07
3994,26.9,12.85,26.85,0.8,13.65,19,30597.11778,0.078
3995,44.65,14.7,26.2,0.15,4.95,9.35,35493.43842,0.053
3996,28.5,19.25,21.55,1,12.55,17.2,23563.54635,0.068
3997,37.1,15.6,26.05,3,8.3,9.85,33633.99746,0.09
3998,30.75,20.6,25,1.75,13.35,8.5,26028.42381,0.106
3999,35.15,16.9,27.75,0.2,10.6,9.4,31644.46381,0.071
4000,25.9,18,24.9,0.15,12.45,18.65,21711.64191,0.08
4001,24.35,18.05,21.2,4.5,11.05,20.85,22421.86889,0.077
4002,29.55,23.1,21.95,2,9.9,13.55,22613.06794,0.102
4003,22.15,18.2,21.9,1.05,17.15,19.45,23947.41461,0.092
4004,21.55,13.05,20.3,1.7,12.9,30.45,22197.79492,0.085
4005,28.85,14.7,22.8,2.4,12.5,18.8,27942.65524,0.053
4006,30.85,18,27.35,0.45,11.45,11.9,25126.72095,0.063
4007,36.65,16.65,27.75,0.1,7.6,11.2,34529.24,0.106
4008,33.1,15.05,27.7,0.2,7.8,16.15,31424.44159,0.064
4009,19.1,16.7,22.45,2.2,11.75,27.85,20652.78064,0.143
4010,57.8,14.2,18.6,0.05,4.8,4.55,50505.50318,0.046
4011,27.25,15.45,18.45,3.35,10.05,25.4,25277.65334,0.071
4012,22.9,13.75,25.35,0.6,5.95,31.6,22211.23111,0.124
4013,32.3,20.15,25,0.75,10.35,11.4,24167.63429,0.063
4014,31.3,16.9,22.9,1.95,10.2,16.8,31210.22476,0.054
4015,24.9,21.5,27.9,0.95,18.65,6.1,20153.12254,0.062
4016,27.7,16.5,23,0.8,10,21.95,25522.52953,0.094
4017,33.25,20.05,24.45,3.25,7.75,11.2,21647.60635,0.095
4018,19.15,16.8,16.4,17.35,18.4,11.9,20532.29143,0.092
4019,23.95,18.15,20.25,0.75,19.3,17.65,27269.38222,0.073
4020,33.75,19.6,21.85,1.3,13.65,9.9,24385.72191,0.066
4021,23.75,18.25,20.15,3.85,14.25,19.8,22948.94381,0.062
4022,26.2,17.7,19.55,0.3,11.8,24.45,24729.45016,0.14
4023,24.2,17.15,25.95,1.25,14.2,17.3,21698.15143,0.083
4024,30.65,15.9,27.3,0.55,10.3,15.3,26001.94318,0.068
4025,55.8,14.35,19.8,0.1,5.9,4.05,45129.76889,0.051
4026,33,19.75,26.75,0.95,11.45,8.1,29984.24064,0.116
4027,26.2,24.85,22.8,0.6,15.4,10.1,25923.70127,0.094
4028,22.3,17.25,17.05,13.65,10.5,19.25,24347.10794,0.082
4029,29,14.1,22.5,1.7,18.8,13.9,26320.21778,0.046
4030,38.15,18.8,26.45,0.4,5.4,10.8,22270.16032,0.078
4031,34.35,19.05,25.6,0.4,7.8,12.75,27168.07905,0.086
4032,43.4,12.8,26.6,0.35,6.95,9.85,41267.92476,0.053
4033,26.45,20.5,26.9,2.95,9.95,13.25,21971.57397,0.104
4034,31.8,21.85,26.6,0.4,11.9,7.35,26543.50762,0.079
4035,22.9,20.35,20.55,0.35,13.8,22.15,29786.02032,0.094
4036,30.1,19.15,21.55,2.7,7.1,19.35,19694.04286,0.104
4037,23.1,19.15,21.2,1.95,11.95,22.7,25673.92794,0.087
4038,31.65,19.2,28.6,0.95,8.85,10.75,21080.89143,0.055
4039,41.6,13.45,26.5,0.4,7.65,10.35,39585.27429,0.052
4040,32.6,14.85,26.05,0.3,12.35,13.85,25601.11016,0.08
4041,51,13.55,22.25,0.1,6.1,6.95,40431.08127,0.053
4042,24.85,23.35,21.65,1.55,12.15,16.35,24218.17556,0.081
4043,25.75,16.35,24.05,0.45,15.55,17.85,28000.50508,0.074
4044,26.75,22.2,24.35,0.15,10.7,15.85,24398.16476,0.096
4045,20.8,19.65,17,1.6,16.55,24.3,19581.70476,0.089
4046,27.8,16.15,26.45,0.1,15.35,14.15,30859.99715,0.074
4047,33.75,17.1,28.5,0.1,11.4,9.15,35055.42794,0.103
4048,30,15.2,23.95,1.95,11.35,17.6,20696.50318,0.073
4049,25.55,15.75,22,1.15,9.3,26.25,21582.38032,0.137
4050,21.3,21,23.5,1.35,9.8,23,18909.37429,0.122
4051,22.15,24.25,25.6,1.1,10.55,16.4,16361.99619,0.126
4052,43.25,18.8,22.65,1,6.95,7.35,17088.99397,0.044
4053,43.85,14,23.9,0.2,7.2,10.9,30273.56381,0.062
4054,39.5,14.1,28.2,0.1,8.6,9.5,36425.37175,0.06
4055,27.75,18,23.15,0.7,11.45,18.9,23748.97429,0.067
4056,28.1,22.6,21,1.35,12.85,14.1,22073.97238,0.061
4057,22.85,14.1,20.7,1.15,12.9,28.3,24166.69175,0.071
4058,35.45,15.65,28.8,0.1,8.35,11.7,29249.71302,0.068
4059,17.65,27.35,21.6,1.25,16.25,15.95,21495.32159,0.086
4060,28.2,18.45,25.75,1.85,8.7,17,22969.07461,0.063
4061,25.3,15,23.3,1.35,14.6,20.45,24292.58699,0.064
4062,33.3,16.2,26.05,0.75,7.1,16.65,27351.98318,0.065
4063,21.5,16.85,26.55,2.1,9.6,23.45,22321.77111,0.109
4064,29.9,14.15,28.05,1.3,12.2,14.35,28134.09397,0.061
4065,24.25,17.05,19.5,0.8,11.85,26.5,22429.72286,0.174
4066,28.4,19,21.5,1.5,12.7,16.9,25647.41746,0.055
4067,31.85,14.65,26.95,0.25,13.4,12.9,32066.95492,0.068
4068,38.45,13.25,28.45,0.1,8.8,10.85,30682.15683,0.053
4069,25.1,12,23.65,2.55,9.75,26.9,24492.10349,0.075
4070,28.8,19.05,22.95,3.25,9.85,16.05,23295.15048,0.092
4071,26.1,17.05,22.05,0.95,9.1,24.7,25525.87397,0.068
4072,31.35,14.95,24.65,1.45,6.95,20.55,22057.86794,0.054
4073,41.3,14.25,24.75,0.25,7.3,12.15,37004.03905,0.063
4074,26.85,16.05,20.9,4,12.05,20.15,20031.42286,0.099
4075,38.5,15.6,28.6,0.1,7.6,9.55,27648.14603,0.063
4076,23.7,21.55,23.8,1.8,7.95,21.2,18298.22921,0.114
4077,43,17.1,23.1,0.4,7.05,9.35,24151.30445,0.056
4078,26.75,18.2,23.35,0.95,10.95,19.8,25256.64921,0.06
4079,22.9,21.75,24.35,1.05,14.5,15.45,23558.69302,0.073
4080,27.35,15.6,23.75,4.55,8.5,20.3,22615.16857,0.077
4081,36.6,16.95,25.85,0.1,6.95,13.55,32240.15651,0.093
4082,29.35,18.8,23.35,0.25,14.15,14.15,26936.54254,0.098
4083,23.95,14.8,22.7,1.3,11.75,25.5,23933.95429,0.088
4084,37.9,17.45,23.75,0.6,12.5,7.75,26967.08889,0.066
4085,33.85,16.4,26.6,0.15,8.45,14.6,29687.65048,0.071
4086,35.9,16.45,26.45,0.1,7.2,13.9,29918.01461,0.068
4087,23.75,16.35,20.65,3.75,11.3,24.2,24036.99873,0.079
4088,33.6,16.75,23.15,0.55,11,15,31134.50508,0.066
4089,29.05,18.8,22.85,3.1,12.45,13.8,27107.25588,0.104
4090,31,22.9,26.2,0.1,8.8,11.05,32150.97492,0.083
4091,28.35,17.6,25.75,0.35,12.95,14.95,25211.96127,0.077
4092,27.75,16.75,23.6,1.5,12.85,17.6,28894.04953,0.066
4093,23.3,18.85,20.75,0.65,8.65,27.8,25086.09588,0.073
4094,50.6,14.75,21.85,0.2,5.55,7.05,29833.89461,0.061
4095,25.6,17.2,19.35,3.05,8.7,26.05,23593.23937,0.042
4096,38.75,18.2,23.95,0.6,10.05,8.55,15905.10318,0.055
4097,66.55,9.85,15.25,0.1,5.05,3.2,52632.75238,0.035
4098,27.95,14.65,25.45,0.95,10.9,20.15,26827.50254,0.107
4099,20.25,15.25,25.8,1.3,12.1,25.3,23145.62381,0.09
4100,30,19.85,21,0.8,13.15,15.15,25604.36381,0.062
4101,20.65,14.85,17.55,3.25,15,28.7,21147.86445,0.075
4102,30.1,17.5,22.55,0.8,11.1,17.95,24187.77969,0.068
4103,26.35,14,20.9,1.85,8.8,28.15,27581.76476,0.044
4104,22.25,19.65,23.2,1.6,10.05,23.15,27125.7527,0.087
4105,34.8,19.35,25.3,0.9,7.7,11.95,21814.71492,0.073
4106,38.25,17.95,22.85,0.5,9.8,10.6,27204.76413,0.044
4107,27.55,17.95,26.25,0.7,8.95,18.65,25463.39619,0.073
4108,25.35,22.9,29.3,0.5,11.15,10.85,25790.49016,0.093
4109,35.6,17.6,26.35,0.3,6.85,13.3,26278.64921,0.077
4110,40.35,16.15,25.45,0.3,7.3,10.5,36296.42381,0.071
4111,45.8,15.5,21.65,2.25,6.5,8.35,19454.01778,0.061
4112,29.05,12.2,20.3,2.55,17.7,18.1,22625.57683,0.09
4113,26.7,16.35,17.8,10.85,13.7,14.6,18109.64476,0.104
4114,24.3,16.8,21.75,0.6,10.75,25.8,22902.98921,0.109
4115,29.9,20.8,25.8,0.2,7.15,16.15,27723.06095,0.117
4116,31.4,15.95,24.2,1.05,15.4,12,31200.10826,0.054
4117,25.65,15.95,22.05,1.85,11.65,22.9,26794.07207,0.076
4118,30.2,15.5,19.75,5.3,5.9,23.35,21728.94318,0.105
4119,27.65,25.9,13.6,5.85,7.4,19.65,18959.64413,0.104
4120,29.7,14.4,20,1.65,8.3,25.9,24506.15048,0.081
4121,25.45,18.8,23.15,1.5,9.35,21.8,24945.61397,0.059
4122,32.85,19.25,25.7,0.25,7.5,14.55,30698.6508,0.085
4123,30.2,20.4,25.3,0.2,11.55,12.35,26713.20921,0.083
4124,40.55,19.65,23.1,0.45,9.8,6.5,26079.09905,0.055
4125,28.85,17.7,25.45,1.4,10.3,16.3,26026.23492,0.08
4126,29.8,20.05,27.85,0.65,12.05,9.55,24683.16572,0.086
4127,30.95,13.7,23.45,0.3,9.1,22.5,29311.36762,0.07
4128,36.45,16.65,29.7,0.1,8.05,9.05,29525.98635,0.085
4129,23.15,16.85,18.4,7.8,11.8,22,21954.40953,0.061
4130,33.8,14.05,26.7,0.2,8.7,16.55,32764.90857,0.088
4131,37.1,15.6,27.9,0.25,8.6,10.55,31053.14921,0.079
4132,34.2,17,24.2,0.75,13.75,10.15,33178.78603,0.064
4133,26.8,17.8,25,0.55,12.95,16.9,25264.14159,0.106
4134,29.15,14.85,24.95,0.3,10.3,20.4,24270.07588,0.074
4135,30.9,18.3,22.8,0.65,7.75,19.55,21415.21429,0.09
4136,26,13.75,20.95,0.3,10.25,28.7,23793.29588,0.109
4137,24.8,14.65,24,2.65,14.15,19.75,21645.97937,0.075
4138,26.95,16.55,22.5,1.2,12.35,20.4,22913.22349,0.088
4139,29.6,20,23.25,0.65,11.5,15,22667.03143,0.107
4140,33.6,20.45,21.55,1.25,14.7,8.4,28633.3781,0.067
4141,23.7,22.45,22.2,3.2,12.45,16.05,25031.93556,0.125
4142,27.4,18.7,26,0.75,10.75,16.4,25289.90953,0.059
4143,34.3,14.7,20.15,3.45,13.9,13.55,24858.57746,0.054
4144,38.15,13.1,23.3,0.95,9.25,15.3,31996.35397,0.065
4145,26.95,28.15,25,0.55,8.05,11.3,21084.25778,0.105
4146,23.4,18.75,21.25,0.3,19.45,16.85,26946.4073,0.099
4147,43.55,17.3,24.65,0.1,7.6,6.85,39862.44572,0.069
4148,42.2,13.8,24.3,1.25,11.45,7.1,39555.21238,0.047
4149,31,20.5,21.95,1,9.4,16.15,25826.68984,0.102
4150,18.55,11.25,20.3,1.7,17.95,30.3,24113.53683,0.085
4151,27,16.95,24.6,3,13.65,14.85,23528.71588,0.087
4152,30.65,17.9,26.6,0.4,10.05,14.35,22122.09715,0.065
4153,24.9,14.8,21.9,1.6,11.85,24.95,25355.04667,0.087
4154,36.1,13.55,28.3,0.2,9.15,12.65,37156.44318,0.084
4155,28.45,17.45,25.3,0.55,13.95,14.2,23272.09238,0.07
4156,42.15,12.65,27.3,0.4,9.8,7.65,38272.70413,0.055
4157,20.95,20.9,24,1.25,11.35,21.5,22518.78762,0.099
4158,39.25,16.55,26.15,0.15,6.85,11,36438.10286,0.087
4159,27.45,14.05,24.4,0.35,12.45,21.25,26910.74349,0.071
4160,32,15.75,26.45,0.35,12.85,12.65,29869.78286,0.073
4161,28.7,16.5,25.85,0.45,11.6,16.85,26622.36953,0.093
4162,29.6,15.65,21.95,0.75,10.95,21.15,29047.08445,0.118
4163,28.25,15.95,27.45,0.55,21.25,6.65,31313.35302,0.076
4164,30.75,18.95,25.55,0.1,7.75,17,25955.94191,0.08
4165,22.4,17.9,24.5,2.85,9.75,22.55,19088.79715,0.096
4166,27.7,17.6,27.1,0.35,11.5,15.8,29159.6873,0.12
4167,41.6,14.95,27,0.1,7.65,8.75,37536.54667,0.073
4168,26.45,19.2,22.6,0.8,12.85,18.1,23999.14857,0.074
4169,22.1,17.1,20.4,2.2,12.1,26.2,20350.60191,0.114
4170,30.2,17.8,26.2,0.75,10.6,14.5,26806.03905,0.072
4171,25.25,21.65,23.05,4.35,11.4,14.25,23501.69842,0.139
4172,27.15,21.15,22.15,0.7,8,20.95,17078.31619,0.055
4173,27.7,9.25,20.95,2.4,20.2,19.45,29162.19175,0.105
4174,25.8,15.5,31.3,0.9,9.9,16.55,23571.0508,0.071
4175,29.95,22.4,25.7,0.7,11.5,9.85,26112.52159,0.116
4176,22.75,13.95,26.8,0.8,20.15,15.55,31033.48127,0.077
4177,32.55,22.7,20.5,2.4,10.35,11.5,25095.10032,0.037
4178,26.05,15.1,21.85,0.6,8.95,27.45,27308.28508,0.067
4179,38.3,19.95,22.6,2.55,8.05,8.5,15180.80476,0.064
4180,33.35,17.1,28.1,0.2,7.25,14,27733.88508,0.091
4181,24.75,20.1,19.35,0.3,13.6,22,20577.08222,0.071
4182,21.2,20.45,23,0.5,17,17.85,18008.17873,0.077
4183,36.5,14.5,25.9,0.25,11.5,11.35,32735.04349,0.06
4184,26.15,16.2,22.4,1.1,10.8,23.4,27998.00159,0.08
4185,27.4,15.5,20.75,1.15,14.2,21.05,23325.0381,0.076
4186,28.95,21.2,26.15,0.7,10.75,12.25,25844.01429,0.101
4187,28.5,19.95,18.05,0.65,10.8,22.05,26482.95461,0.092
4188,23.3,14.95,23.85,0.4,9.3,28.25,22395.11905,0.099
4189,31.5,16.5,26.4,0.2,11.8,13.65,29461.4527,0.078
4190,26.4,15.25,20.85,3.15,10.1,24.2,24879.94857,0.062
4191,30.25,17,24.1,1.4,9.05,18.3,27864.56222,0.044
4192,38.2,14.05,22.65,0.4,12.5,12.15,36347.44159,0.07
4193,28,20.45,21.25,1.8,11.95,16.5,26091.07016,0.077
4194,29.65,18.05,25.9,0.3,7.6,18.55,25623.14508,0.078
4195,29.8,17.6,22.2,3.25,9,18.25,21634.21397,0.058
4196,32.05,21.95,24.45,0.65,9.85,10.95,21634.04476,0.055
4197,29.05,16.2,19.15,1.2,8.75,25.6,25361.65461,0.088
4198,33.45,18.5,30.55,0.15,6.1,11.2,26971.12857,0.059
4199,28.8,16.25,22.5,1.25,11.25,20,30910.98667,0.071
4200,41.45,18.2,24.95,0.3,6.6,8.4,19633.54032,0.053
4201,25.2,20.75,26.35,5.2,13.05,9.5,20192.15365,0.093
4202,25.9,20.55,29.3,0.45,10.65,13.1,22541.8308,0.109
4203,32.7,15.7,24.95,1.05,12.5,13.1,32174.18953,0.046
4204,31.8,20.95,25.85,0.4,10.45,10.55,22991.28381,0.053
4205,26.1,22.25,26.2,2.9,11.45,11.1,20826.53207,0.066
4206,38.65,14.5,24.1,0.9,12.45,9.45,36008.81397,0.072
4207,34.15,13,25.9,0.8,8.95,17.2,34882.14159,0.064
4208,26.4,14.5,20.65,0.7,11.95,25.9,24757.72064,0.102
4209,30.25,17.6,22.7,0.2,14.15,15,25951.67175,0.076
4210,30,19,25.35,0.65,7.65,17.35,25274.77397,0.062
4211,26.85,12.95,25.75,1.35,13.3,19.8,28723.96953,0.065
4212,25.7,17.75,24.9,2.2,17.8,11.7,25920.12127,0.105
4213,23.9,16.7,23.65,1,17.15,17.55,22324.00254,0.088
4214,28.25,18.15,25.75,0.75,10.9,16.15,20558.96603,0.077
4215,27.6,16.15,26.95,0.2,14.7,14.35,31308.77397,0.092
4216,27.85,16.45,21.5,0.6,10.05,23.5,22904.97048,0.079
4217,45.45,17.9,23.1,0,7.95,5.5,36726.82508,0.051
4218,35.55,15.65,25.9,0.5,11.3,11.05,36464.12286,0.078
4219,27.15,19.4,19.75,1.65,12.7,19.3,24679.96794,0.095
4220,39.6,17.2,25.4,0.2,9,8.6,29588.02191,0.093
4221,21.85,34.9,18,0.2,11.7,13.45,11725.97492,0.07
4222,27.15,14.4,19.7,2.4,15.1,21.25,24869.03746,0.07
4223,24.3,15.05,23.55,1.05,11.8,24.25,22956.8473,0.08
4224,33.7,11.3,22.05,1.5,8.9,22.5,33142.30095,0.054
4225,42.45,15.85,24.85,0.35,5.65,10.85,31431.68286,0.058
4226,26.25,14.1,23.15,2.45,9.4,24.55,21676.94762,0.07
4227,31.25,19.95,28.8,0.2,10.4,9.4,23515.08413,0.084
4228,24.1,21.5,22.35,0.9,8.9,22.2,22330.8727,0.109
4229,38.55,13.4,24.85,0.15,11.5,11.6,31500.5108,0.058
4230,30.45,17.35,22.3,1.4,9.8,18.8,26050.40762,0.084
4231,26.3,21.3,24.95,0.65,16.95,9.85,26074.79397,0.086
4232,22.35,17.05,24.15,2.05,11.15,23.3,23963.2981,0.11
4233,26.35,19.35,23.85,0.7,9.8,19.95,24096.69334,0.064
4234,24.4,21.8,22.8,1.85,14.05,15.15,20852.58349,0.082
4235,27.4,20.3,24.15,2.1,9.3,16.75,21371.25207,0.087
4236,43.7,11.95,26.45,0.95,7.9,9.05,36673.19048,0.043
4237,28.05,17.9,24.75,1.3,10.55,17.45,28507.02572,0.069
4238,27.3,21.05,23.8,0.2,8.95,18.7,24908.5108,0.094
4239,31.55,16.3,23.65,0.7,8.45,19.3,27009.60953,0.051
4240,36.25,18.5,27.9,0,9.4,7.95,41714.90667,0.085
4241,34.95,14.7,26.65,0.2,9.85,13.7,36428.70826,0.09
4242,30.9,19.4,23.75,0.7,10.4,14.85,21266.47175,0.063
4243,34.95,17,27.45,0.3,8.7,11.65,28479.42826,0.062
4244,50.15,12.95,26.5,0.25,4.8,5.3,41452.62667,0.054
4245,28,15.15,23.15,0.45,15.65,17.65,31316.27175,0.067
4246,20.7,12.5,16.55,6.25,12.25,31.75,19445.43619,0.078
4247,22.9,17.55,23.95,3.45,14.35,17.85,25399.35048,0.112
4248,23.3,15.8,24.05,0.9,9.65,26.35,24466.70127,0.09
4249,29.25,16.95,19.55,1.15,8.55,24.5,28488.85619,0.049
4250,23.2,17.55,26.45,0.7,16.9,15.2,21957.12984,0.088
4251,28.35,17.55,20.5,0.1,17,16.5,22489.74794,0.097
4252,50.05,11.8,25.55,0.3,4.55,7.75,43484.0254,0.05
4253,46.9,14.35,23.2,0.2,6.6,8.85,38516.32191,0.068
4254,27.35,21.05,25.3,0.7,12.15,13.4,27452.28032,0.078
4255,49.6,13.05,24.9,0.1,6.5,5.9,43179.34667,0.056
4256,40.25,18.65,23.65,0.55,8.75,8.15,32952.55619,0.089
4257,21.65,16.7,22.15,2.05,15.45,22,24483.45397,0.111
4258,39.45,16.2,24.65,0.2,8,11.5,35845.82508,0.075
4259,27.85,17.2,22.3,1.85,14,16.8,22778.36064,0.064
4260,32,16.85,24.1,5.35,10.35,11.3,17130.57397,0.05
4261,26.2,20.2,24.6,0.15,12,16.85,23762.84699,0.103
4262,34.9,16,28.25,0.5,9.15,11.2,29005.05746,0.042
4263,40.65,17.35,21.75,3.85,8.55,7.85,28229.16635,0.111
4264,22.45,16.05,25.6,3.5,8.7,23.7,25631.79969,0.044
4265,32.25,18.2,24.25,1.2,8,16.2,25252.78318,0.09
4266,32.9,15.9,24.25,0.8,14.5,11.7,28905.54381,0.056
4267,27.05,14.5,21.1,1.2,13.45,22.65,25776.37619,0.089
4268,35.7,17.6,25.95,0.15,7.6,13.05,26733.21842,0.075
4269,24.95,17.9,19.75,2.7,14.25,20.5,26424.29937,0.071
4270,26.9,17.7,23.05,1.2,12.35,18.8,25818.70667,0.057
4271,31.75,18.15,29.2,0.2,8.45,12.35,22794.93842,0.059
4272,27.3,18.25,21.05,2.8,9.45,21.2,26141.39207,0.077
4273,22.35,23.9,18.95,4.6,10,20.2,23084.38667,0.103
4274,26.05,19,24.5,1.2,13.4,15.9,19256.88476,0.078
4275,30.35,21.3,21.6,7.5,9.85,9.45,24414.22603,0.126
4276,23.55,27.35,22.1,0.4,14.6,12.05,21156.80762,0.062
4277,31.5,17.45,23.2,0.75,10.75,16.3,26061.72318,0.079
4278,31,19.15,27.9,0.15,10.85,10.85,31566.16984,0.068
4279,28.2,14.95,26.7,0.75,13.95,15.5,26864.84,0.085
4280,28.85,19.8,23.85,0.55,10.55,16.45,30916.48095,0.095
4281,23.4,20.45,22.85,2.55,10.95,19.8,21530.94381,0.124
4282,29.05,16.2,22.5,0.65,10.75,20.95,27247.29302,0.069
4283,30.75,18.1,28.75,0.7,7.3,14.4,22494.85397,0.059
4284,39.65,15.95,27.6,0.1,6.05,10.6,30625.87111,0.061
4285,21.9,19.7,28.85,1,12,16.6,22917.64064,0.091
4286,40.9,16.25,26.1,0.2,8.7,7.9,41128.95651,0.09
4287,41.05,18.8,21.65,0,11.05,7.45,31223.10349,0.081
4288,42,14.9,24.1,0.4,10.85,7.85,40783.73905,0.062
4289,27.8,16.45,18.65,0.75,17.8,18.5,26492.64032,0.105
4290,27.5,15.7,21.65,4.75,11.15,19.25,23359.35334,0.118
4291,28.45,16.75,24.95,0.9,10.05,18.9,26502.27334,0.07
4292,27.95,17.55,21.6,5.15,11.45,16.25,21350.02667,0.061
4293,18.35,23.75,22.65,0.65,11.95,22.7,19750.44889,0.111
4294,28.55,20.65,22.65,1.2,12.95,14.05,23601.34032,0.119
4295,33.15,15.2,23.9,0.1,10.85,16.75,27373.0727,0.091
4296,25.05,18.3,23.4,1.1,15,17.15,24645.65746,0.083
4297,38.4,14.4,25.25,0.15,9.6,12.2,36300.30921,0.086
4298,35.85,15.3,23.75,1.1,8.4,15.6,29465.88984,0.039
4299,32.4,17.9,25,1.1,9.65,13.95,26045.63683,0.048
4300,29.35,13.85,27.05,6.15,11.5,12.1,16318.48159,0.094
4301,20.95,20.15,19.2,4.95,11.4,23.4,22006.62381,0.116
4302,23.6,24.15,24.5,0.8,13.2,13.75,26140.45524,0.077
4303,29.35,13.4,23.6,0.55,17.25,15.8,25983.48349,0.094
4304,35.55,16.35,29.4,0.9,8.75,9,30118.97524,0.085
4305,31.55,16.6,19.25,2.2,7.9,22.5,22720.87302,0.089
4306,28.8,18.55,23.15,0.9,8.5,20.05,23920.14159,0.073
4307,29.15,17.35,22.25,2.3,13.15,15.85,27058.81842,0.087
4308,22.2,14,22.05,1.1,15.8,24.8,22195.47556,0.105
4309,29.8,16.5,21.85,1.05,13.65,17.15,27141.01302,0.071
4310,33.2,19.15,22.6,2.15,13.35,9.5,20709.52794,0.069
4311,27.55,18.1,21.25,0.6,9.9,22.6,27535.20794,0.093
4312,40.9,14.55,25.6,0.1,11,7.9,46198.50032,0.06
4313,37.05,17.1,25.85,0.3,11.15,8.6,34729.55016,0.074
4314,27.3,20.45,22.3,1.75,10.45,17.75,22293.34445,0.103
4315,28.95,20.3,27.5,0.85,11.65,10.8,22356.23111,0.053
4316,28.3,17.3,23.95,0.95,9.2,20.35,27253.76381,0.073
4317,27.7,16.8,23,1.15,11.1,20.35,28378.73619,0.066
4318,26.8,15.95,24.95,0.75,9.95,21.65,28475.03937,0.108
4319,26.55,22.4,21.85,1.1,14.7,13.3,20567.20476,0.082
4320,33.55,21.6,22.2,0.4,15.85,6.4,31847.40445,0.072
4321,25.3,20.6,23.5,2.2,6.55,21.8,17851.44064,0.126
4322,27.9,18.05,20.95,2.1,9.55,21.45,27965.3908,0.067
4323,32.95,20.85,25.4,1.45,9.35,9.95,21467.39842,0.122
4324,41.3,17.3,23.05,0.65,8.7,8.95,26561.07619,0.064
4325,32.65,18.3,26.85,0.7,10.7,10.85,35535.11524,0.101
4326,44.35,17.8,23.8,0.45,5.85,7.75,22929.76889,0.038
4327,40.9,16.3,26.4,1.25,6.2,8.85,26208.01842,0.063
4328,34.7,16.5,26.85,0.55,12.45,8.9,30421.66191,0.059
4329,31.45,19.6,21.8,6.3,10.9,10.05,24004.0308,0.088
4330,33.15,23.95,22.55,1.3,9.35,9.75,13994.38032,0.088
4331,23,11.95,17.65,3.15,15.9,28.35,27404.52222,0.093
4332,28.6,16.25,22.7,0.55,10.3,21.6,25450.99524,0.104
4333,26.5,22.95,23.15,0.65,10.05,16.65,20068.90032,0.087
4334,27.2,22.75,25.6,0.85,14.5,9.1,21109.5673,0.061
4335,27.85,19.65,22.15,10.9,8.3,11.25,25438.37969,0.114
4336,23.5,18.6,23.05,12.15,10.05,12.7,22703.23175,0.136
4337,42.5,16.3,22.2,2.3,7.55,9.25,27184.23873,0.115
4338,27.55,11.05,26.3,0.55,10.8,23.8,30350.58032,0.116
4339,27.3,15.2,22.4,1.25,13.65,20.25,21347.92381,0.072
4340,39.5,17.95,25.3,0.4,8.5,8.25,32687.72921,0.089
4341,27.1,21.05,17.6,6.65,11.35,16.2,24283.08635,0.13
4342,23.6,14.25,26.45,0.65,17.15,17.95,26671.62794,0.083
4343,29.2,17.8,23.25,1.65,10.35,17.7,23342.56445,0.036
4344,33.3,16.85,25.45,0.75,11.45,12.2,27557.89048,0.086
4345,25.9,16,21.15,0.95,8.7,27.3,27142.78286,0.071
4346,43.75,19.45,23.9,0.4,5.85,6.65,21593.85588,0.066
4347,29.45,20.2,20.35,1.3,9.65,19,25908.61302,0.046
4348,27.9,18.2,18.35,1.1,11.2,23.2,25992.03143,0.066
4349,28,22.8,20.15,2.9,12.2,14.05,22476.35397,0.078
4350,19,14.1,20.25,1.65,8.2,36.75,20988.41492,0.11
4351,35.1,14.9,28.55,0.2,8.85,12.35,31001.17969,0.076
4352,25.35,15.4,21.85,0.15,15.35,21.9,31647.90635,0.09
4353,26.3,14.15,24.1,1.9,8.7,24.8,27898.23556,0.044
4354,25.5,17.9,19.05,2.5,11.8,23.25,22969.53365,0.104
4355,44.9,12.25,28.65,0.1,6.5,7.65,44713.71715,0.081
4356,26.95,17.75,22.7,3.4,11.85,17.3,26023.88857,0.124
4357,27.15,15.55,22.1,3.4,11.85,19.95,22051.82699,0.072
4358,20.15,12.05,17.65,5.85,12.2,32.1,22535.49302,0.066
4359,33.4,14.35,25.3,0.75,11.55,14.7,32666.66794,0.053
4360,26.55,21.9,22.6,0.15,8.7,20.1,21874.92826,0.106
4361,38.45,15.05,23.15,2.6,11.15,9.55,28212.66476,0.049
4362,31.1,20.4,23.4,2.5,15.45,7.15,20825.88,0.066
4363,23.1,12.6,24.95,0.6,21.3,17.4,24275.71016,0.078
4364,38.85,23.1,19.6,0.25,8.35,9.85,25602.29016,0.085
4365,39.15,18.6,23.55,0.3,10.05,8.4,34225.58572,0.079
4366,33.1,13.35,25.65,0.25,11.85,15.8,36119.93207,0.064
4367,31.75,21.9,23.9,1.9,12.35,8.15,21144.43238,0.071
4368,28.4,15.25,24.75,0.45,13.45,17.7,29422.87619,0.066
4369,34.5,18.05,25.6,0.1,6.95,14.8,27174.00699,0.078
4370,28.35,17.85,24.25,0.4,11.7,17.55,28952.42476,0.076
4371,33.95,12.1,27.6,0.75,10.6,15.05,32942.19207,0.054
4372,29.8,20.45,23.35,5.35,9.7,11.35,24088.39048,0.068
4373,33.25,13.95,29.2,0.3,10.2,13.15,30928.36635,0.067
4374,27.9,18.05,22.75,1.55,11.2,18.55,26534.81556,0.078
4375,27.75,16.5,26.25,0.65,11.25,17.6,25760.62953,0.067
4376,25.3,17.75,26.05,0.45,10,20.35,25103.06762,0.085
4377,27.85,18.15,25.65,0.55,9.55,18.25,25468.90476,0.058
4378,25.55,12.85,28.05,0.15,13.55,19.8,30246.45619,0.085
4379,26.25,19.2,19.9,0.5,16.55,17.55,26890.83461,0.051
4380,31.5,22.9,21.75,0.6,15.05,8.25,25411.97429,0.08
4381,26.25,19.45,25.05,1,9.95,18.25,29634.52953,0.066
4382,22.5,16.9,15.8,1.6,11.35,31.85,25050.52762,0.057
4383,28.2,19.65,25.95,0.4,7.85,18,21596.85556,0.084
4384,31.95,16.65,23.95,2.1,11.7,13.65,22973.88667,0.072
4385,24.1,22.15,30.7,0.25,11.35,11.55,21885.84508,0.087
4386,26.6,16.6,21.85,0.55,13.85,20.6,24257.81905,0.085
4387,34.2,25.05,19.3,3.5,11.65,6.3,20768.16413,0.122
4388,26,14.65,24.4,1,15.35,18.6,26050.42699,0.069
4389,19.8,13.6,25.3,0.25,13.5,27.6,24219.81969,0.117
4390,21.7,24.5,22.7,4.3,13.2,13.6,15910.39175,0.172
4391,30.2,15,23.2,1.2,11.15,19.25,29018.60349,0.067
4392,33.95,16.35,25.35,0.85,7.85,15.7,18549.43524,0.044
4393,20.05,24.5,20,2.2,12.25,21,20747.05524,0.093
4394,24.15,23.7,19.8,2.95,12.2,17.2,21182.61048,0.077
4395,19.7,26.1,15.25,6.3,13.05,19.65,20306.06857,0.127
4396,37.05,13.2,26.95,0.65,10.35,11.85,26649.31715,0.069
4397,40.7,14.3,28,0.6,7.2,9.2,40943.50064,0.092
4398,49.5,11.4,27.7,0.1,5.75,5.5,41999.33238,0.061
4399,28.95,11.85,16.1,1.95,12.45,28.75,19415.36064,0.117
4400,31.25,14.85,25.1,0.45,10.35,18.05,31589.32826,0.077
4401,26.5,19.3,20,2.7,10.8,20.8,25710.15556,0.088
4402,35.35,15.55,23.45,2.3,8.1,15.3,25534.91873,0.046
4403,46.05,14.35,24.6,0.5,6,8.55,30910.04,0.047
4404,24.1,17.95,20.85,13.95,8.8,14.35,22364.38064,0.158
4405,34.5,23.5,24.35,0.1,6.3,11.25,25105.28095,0.093
4406,26.65,16.95,25.7,0.3,13.25,17.2,18756.30476,0.099
4407,40.9,16.6,25,0.4,6.55,10.55,27758.97016,0.07
4408,26.3,17.05,22.6,0.9,12.15,21,26598.43524,0.075
4409,33.4,18.15,28,0.2,10.3,9.85,26042.76635,0.066
4410,42.6,11.7,27.05,0.15,7.15,11.35,39045.15524,0.06
4411,30.6,17.65,26.15,0.2,10.75,14.6,23762.89778,0.073
4412,36.65,24.35,22.6,0.45,6.2,9.75,16040.99683,0.076
4413,23,21.45,20,1.15,9.25,25.1,19542.53524,0.108
4414,27.15,16.5,25.7,2.7,12.7,15.25,23329.98603,0.083
4415,26.1,18.05,27.1,0.45,9.8,18.45,24023.88222,0.097
4416,24.55,20.25,24.3,0.25,11.4,19.2,15589.32032,0.126
4417,25.65,20,27.8,1.2,13.65,11.65,24256.58,0.094
4418,36.1,15.9,28.6,0.1,7.85,11.45,36324.45429,0.099
4419,35.4,18.8,22.25,0.95,10.7,11.9,26065.98064,0.059
4420,29.45,15.1,23.1,1.1,8.65,22.6,25646.52889,0.055
4421,43.7,14.6,23.75,0.5,9.6,7.9,30114.46254,0.048
4422,24.7,13.75,20.9,1.15,15.9,23.55,24699.74318,0.098
4423,29.65,18.55,26.8,0.2,9.45,15.35,27741.67651,0.073
4424,20.25,13.55,22.65,0.6,18.05,25,26875.00381,0.076
4425,23.15,18.3,18.8,1.6,10.1,28.05,22326.54826,0.072
4426,29.15,19.9,24.35,1.75,8.05,16.75,19492.37937,0.141
4427,31.8,19.3,20.6,1.65,10.75,15.8,20614.25619,0.085
4428,34.35,17.65,26.05,0.3,8.45,13.25,28901.39969,0.109
4429,19.15,25,17.55,14.55,13.7,10,23360.41334,0.091
4430,41.05,12.45,27.85,0.2,8.3,10.2,38671.20857,0.074
4431,23.8,15.3,28.45,0.5,12.95,19.1,26716.49334,0.118
4432,31.7,21.55,26.55,0.3,11.2,8.75,25016.83683,0.115
4433,33.8,21.65,26.05,0.1,6.5,11.85,27831.05111,0.108
4434,34.65,18,17.55,5.9,11.5,12.3,24724.53746,0.047
4435,38.7,15.85,27.95,0.2,8.95,8.4,33655.73333,0.078
4436,26.2,18.4,21.55,0.7,11.1,22,26217.6327,0.084
4437,31,17.2,25.4,0.3,8.4,17.8,28555.70445,0.077
4438,23.5,15.8,22.45,0.6,19.6,18,27141.1273,0.088
4439,24.7,15.3,22.7,0.65,14.85,21.85,23053.88413,0.105
4440,29.2,23.35,25.6,2.1,12.15,7.55,27904.35651,0.083
4441,26.35,18.65,19.4,0.8,9.95,24.85,24475.9781,0.08
4442,41.2,14.7,26.2,1.2,6.95,9.75,32885.54667,0.071
4443,27.35,17.25,25.45,0.95,12.8,16.15,32957.35365,0.065
4444,20.2,17.25,25.8,1.85,7,27.9,17046.56794,0.116
4445,29.25,14.85,20.65,5.1,10.85,19.3,20693.82413,0.077
4446,28,20.6,24.45,0.9,8.95,17.1,15085.26826,0.093
4447,22.25,16.7,27.3,0.25,16,17.55,26063.56222,0.042
4448,44.7,12.45,26.95,0.2,7.05,8.7,38464.76254,0.061
4449,21.15,18,23.45,1.6,13.5,22.25,29919.84349,0.073
4450,23.4,14.75,21.55,2.35,10.35,27.55,22554.7073,0.1
4451,20.5,20.75,31.6,5.6,9.65,11.9,20397.47651,0.113
4452,28.9,14.35,19.75,1.45,13.75,21.8,23687.68921,0.086
4453,23.1,24.5,28.25,3,11.8,9.3,21616.79048,0.116
4454,29.1,13.45,22.6,1.2,8.3,25.4,28962.82286,0.076
4455,30,16.5,23.55,1.65,16.2,12.05,26591.29778,0.041
4456,38.75,16.45,27.6,0.3,7.15,9.75,29775.61715,0.081
4457,37.7,14.9,29.25,0.25,7.4,10.55,32351.68699,0.054
4458,21.65,15.1,18.5,3.3,10.65,30.8,24078.15207,0.045
4459,22.95,19.9,24.85,1.55,12,18.75,21758.69619,0.125
4460,25.55,16.65,22.05,2.95,12.65,20.1,21738.26667,0.107
4461,24.9,29.25,22.3,3.3,6.95,13.3,19012.89524,0.128
4462,31.25,19.3,27.6,0.9,11.5,9.45,26719.80349,0.09
4463,33.2,22.2,19.25,0.95,12.75,11.65,27262.75207,0.099
4464,26.65,18.85,22.7,0.9,12.35,18.6,23169.20064,0.08
4465,32.9,24.8,20.05,0.45,15.5,6.3,35484.54317,0.081
4466,14.2,18.55,21.25,25.75,9.05,11.25,18260.82381,0.137
4467,26.5,18.35,20.9,0.7,8.1,25.45,21437.53619,0.095
4468,28.8,19.35,16.5,3.6,13.3,18.5,21826.85683,0.144
4469,24.55,19.1,20.8,1.6,14.35,19.55,22085.85969,0.08
4470,35.45,16.3,27.65,3.1,10.7,6.75,19351.68413,0.091
4471,26.25,14.5,25.85,1.1,13.15,19.2,27696.45588,0.072
4472,33.3,17.85,21.85,2.45,8.65,16,25609.81683,0.051
4473,45.15,20.6,21.6,1.4,4.45,6.75,11947.70254,0.063
4474,31,15.45,22.85,0.55,11.55,18.55,26508.46254,0.091
4475,30.15,15.8,23.85,0.3,10.2,19.7,27077.65429,0.09
4476,23.65,11.1,21.45,0.5,25.5,17.75,36012.86635,0.043
4477,32.8,19.6,28.05,0.15,11.35,8,27748.64445,0.086
4478,22.65,27,19.3,1.2,17.1,12.7,22298.16508,0.085
4479,36.55,20.85,25,0.15,7.45,10,24237.08921,0.085
4480,25.4,16.3,23,0.95,9.4,25,23563.39143,0.116
4481,29.8,17.75,22.85,1.4,10.55,17.6,27357.21461,0.079
4482,29.85,16.15,25.45,0.65,10.7,17.15,25277.39524,0.071
4483,33.9,11.15,24.75,0.05,11.45,18.6,30782.01492,0.074
4484,27.75,20.7,21.9,2.3,12.65,14.7,20464.53461,0.061
4485,66.25,11.5,14.85,0.1,4.4,2.95,55709.80127,0.036
4486,38.1,18.7,25.85,0.4,9.2,7.8,35392.72635,0.104
4487,25.5,17.2,24.75,0.95,11.35,20.25,27867.04445,0.109
4488,26.9,16.5,22.55,0.4,16.55,17.1,20876.6527,0.111
4489,25.6,18.45,24.95,1.3,14.75,14.95,23684.01905,0.073
4490,22.7,17.3,22.45,1.05,13.3,23.15,24522.17651,0.075
4491,25.85,19.2,23.65,0.75,9.45,21.1,23968.62286,0.079
4492,27.95,15.8,25.5,0.7,10.15,19.9,24047.19429,0.078
4493,36.3,13.9,28.25,1,12.05,8.45,37762.71873,0.062
4494,37.85,14.2,28.1,0.45,8.9,10.6,39241.7473,0.1
4495,20.5,19.3,23.05,1.75,13.65,21.8,23497.51397,0.08
4496,29.2,14.8,22.4,0.65,10.05,22.9,25860.68603,0.075
4497,26.6,17.75,22.75,1,10,21.85,25219.89778,0.067
4498,30,17.75,18.65,2.4,16.15,15.05,21179.23429,0.08
4499,39.9,17.9,27.1,1.05,6.9,7.15,28154.47651,0.034
4500,38.65,16.45,23.15,0.55,9.85,11.3,27217.31492,0.071
4501,26.35,19.7,21.75,0.95,7.8,23.45,22483.04381,0.08
4502,27.05,21.35,24.45,1,9.6,16.6,24044.04572,0.091
4503,33,18.6,22.85,0.85,10.85,13.9,25595.57556,0.06
4504,29.95,18.25,25.75,0.3,13.5,12.2,28578.59461,0.054
4505,26.35,14.35,22.4,2.35,12.6,21.95,23531.96889,0.08
4506,25.05,21.6,30.1,0.3,9.7,13.25,19049.17461,0.071
4507,26.8,18.6,20.3,2.35,9.1,22.8,22440.62254,0.076
4508,31.7,16.55,25.85,0.2,12.55,13.2,27634.7781,0.072
4509,25.7,16.85,23.6,0.7,18.55,14.6,27900.86318,0.068
4510,29.3,17.45,23.15,1.55,13.3,15.25,23484.02159,0.086
4511,28.5,21.25,22.75,0.95,15.15,11.45,22214.36476,0.152
4512,23.15,18.3,26.25,3.8,15.95,12.65,21691.40508,0.095
4513,28.05,16.3,20.9,3,15.45,16.25,23271.9273,0.068
4514,40.35,16.6,25.3,0.7,8.35,8.75,35119.40127,0.078
4515,33.95,13.2,23.95,0.6,8.25,20.15,31739.18349,0.069
4516,25,19.15,23.75,0.75,11.1,20.3,21999.94572,0.084
4517,35.15,17.45,28.2,0.1,8.8,10.2,27375.54349,0.064
4518,17.8,14.4,27.1,0.1,18.9,21.75,22894.32127,0.081
4519,23.45,16.7,20.25,3.5,13.9,22.2,24613.24953,0.083
4520,31.65,15.15,21.3,1.25,10.7,19.95,27160.69365,0.069
4521,23.75,17.8,20.15,4.05,10.85,23.3,25160.23238,0.06
4522,24.9,15.65,19.75,1.05,18.3,20.4,25574.83016,0.069
4523,21.25,13.3,23.8,3.95,14.2,23.55,19121.64254,0.075
4524,16.75,16.7,21.85,4.5,11,29.2,21025.69207,0.06
4525,25.75,25.45,22.15,0.9,12.15,13.6,19635.56984,0.076
4526,27.45,16.4,22.65,1.25,13.6,18.65,24431.90667,0.075
4527,27.55,13.8,18.85,2.9,19.95,16.95,30655.09715,0.042
4528,23.9,14.1,25.55,2.5,15.3,18.7,26937.23207,0.07
4529,27.55,17.15,25.5,1,10.9,17.8,22236.83746,0.094
4530,29.2,16.3,27.25,0.4,14.5,12.35,28469.38603,0.049
4531,35.75,20.55,25.15,1.15,10.1,7.2,25839.18984,0.082
4532,30.4,27.2,22.3,1.45,8.9,9.75,26596.53905,0.126
4533,20.2,20.95,26.75,2.65,16.15,13.3,24513.3527,0.08
4534,26.4,14.35,17,11.55,12.15,18.6,21489.55778,0.088
4535,28.95,14.15,23.6,1.7,13.45,18.15,25724.32032,0.093
4536,29.5,17.05,26.9,0.7,11.9,14,25380.29143,0.084
4537,24.3,23.5,28.2,0.15,11.85,12.05,22557.35715,0.099
4538,45.55,13.05,26.45,0,7,8,39824.58349,0.071
4539,27.8,17.65,22.95,2.8,10.95,17.8,23767.95143,0.069
4540,27.6,14.6,26.55,0.3,18.4,12.65,31756.09715,0.059
4541,24.85,17.5,22.4,2.15,12.55,20.55,25154.54381,0.091
4542,26.35,31.05,21.4,1.2,9.75,10.3,14194.64318,0.087
4543,19.55,18.2,21.65,1.45,12.6,26.5,23083.6273,0.082
4544,25.35,19.9,29.75,0.25,14.65,10.1,19189.11429,0.104
4545,41.1,20.9,20.55,0.75,6.25,10.55,13227.25969,0.092
4546,32.35,16.65,18.85,5.4,10.95,15.85,25087.60318,0.029
4547,40.3,13.3,27,0.3,8.95,10,37792.07016,0.06
4548,25,15.65,17.6,6.15,10.05,25.55,24096.81588,0.066
4549,26.75,16.65,23.35,2.65,13.2,17.4,22497.38318,0.079
4550,29.1,19.15,22.4,1.6,10.05,17.75,24110.87397,0.074
4551,41.55,16.1,26.65,0.6,8.15,7,26620.03143,0.049
4552,22.5,15.75,20.15,1.55,15.25,24.8,24088.75969,0.108
4553,27.6,18.6,20.8,4.4,10.95,17.65,23194.91048,0.073
4554,42.1,21.55,23.8,0.1,5,7.45,31885.94413,0.066
4555,33.55,15.65,26.85,0.3,10.35,13.25,28349.71873,0.058
4556,37.5,17.8,24.75,0.5,9.5,9.95,30710.44794,0.088
4557,27.4,16.5,25.1,2.55,16.95,11.4,27805.64191,0.075
4558,36.2,18.9,21.95,0.5,16.35,6.15,29121.43936,0.062
4559,30.85,16.75,18.8,1.95,12.05,19.6,28850.07619,0.069
4560,26.75,16.8,23.45,2.4,14.9,15.7,25194.26794,0.099
4561,31.65,20.25,24.5,1.1,8.8,13.7,25723.08,0.099
4562,21.3,19.05,27.4,0.45,13.3,18.45,19447.72572,0.113
4563,24.45,14.3,20.65,0,13.55,26.9,25823.44127,0.101
4564,36.2,17.95,25.9,0.7,6.55,12.7,23422.4054,0.07
4565,27.65,18.7,23.05,1.05,9.3,20.2,23809.62413,0.06
4566,22.75,14,23,0.85,18.6,20.75,26935.60413,0.065
4567,37.35,17.2,26.1,0.3,12.2,6.85,30166.08381,0.094
4568,24.85,14.9,22.7,2.45,12.45,22.65,23613.77746,0.099
4569,26.9,15.8,24.85,0.6,14.45,17.4,22180.29397,0.085
4570,30.05,19.4,26.9,1.25,10.1,12.3,17726.49238,0.074
4571,31.15,21.45,22.45,2.25,11.45,11.25,24798.57461,0.099
4572,51.55,10.5,27.85,0.05,5.25,4.8,49356.16794,0.064
4573,26.05,20.2,24.4,1.85,11.6,15.9,23097.89937,0.067
4574,36.2,15.3,27.8,0.2,7.7,12.75,34056.91143,0.064
4575,35.95,21.85,24.8,0.1,6.8,10.55,28634.82445,0.102
4576,37.6,16.6,26.15,0.3,7.95,11.45,25912.66508,0.036
4577,53.25,13.35,20.25,1.45,7.2,4.5,32584.70127,0.048
4578,29.1,19.4,24,2.05,8.3,17.2,19219.80794,0.059
4579,23.95,18.9,21.6,0.55,10.45,24.55,22557.65302,0.08
4580,30.25,16.15,27.55,0.6,11.15,14.3,25514.17111,0.07
4581,27.4,22.9,27,0.35,12.2,10.2,22202.66508,0.098
4582,33.5,21.1,21,1.5,11.85,11,20619.50349,0.089
4583,27.95,14.9,21.9,0.95,9.05,25.25,27409.40762,0.055
4584,33.1,13.65,27.4,0.5,12.45,12.85,32111.67302,0.061
4585,33.85,14.25,24.65,1,14.1,12.2,29663.81397,0.059
4586,22.1,22.75,24.25,2.4,17.4,11.1,27318.05175,0.072
4587,50,16,21.2,0.1,4.95,7.75,27895.68254,0.057
4588,30.6,19.05,24.55,0.7,13.35,11.8,29854.75873,0.108
4589,33.75,16.55,24.9,0.7,9.3,14.8,26981.4854,0.053
4590,25.05,16.75,21,1.05,8.2,27.95,22318.79683,0.075
4591,22.1,13.05,17.35,1.9,15.95,29.6,23163.0381,0.096
4592,24.25,16.9,20.25,0.3,13.1,25.25,25646.91524,0.095
4593,32.6,18.9,28.75,0.35,9.25,10.1,25305.46476,0.08
4594,32.4,17.35,21.3,1.95,15,12,27724.86508,0.061
4595,20.25,18.75,31.2,4.3,11.3,14.2,25681.3054,0.087
4596,30.15,18.95,23.25,0.8,12,14.8,26360.23207,0.093
4597,55.8,11.25,22.55,0.15,5.2,5.05,54543.62603,0.042
4598,26.8,15.15,23.5,1.45,10.6,22.5,28137.14762,0.073
4599,25.1,19.45,19.45,3.9,9.2,22.95,22367.71365,0.099
4600,32.75,17.8,26.6,0.7,6.95,15.25,24203.80095,0.053
4601,24.05,23.6,24.4,1.2,14.25,12.5,21677.73461,0.074
4602,25.25,15.4,21.85,2.65,14.25,20.65,23159.76191,0.078
4603,22.6,13.35,17.7,3.75,9.7,33,20240.65111,0.071
4604,34.8,15,26.55,0.4,9.3,13.9,30160.48857,0.109
4605,34.3,15,21.85,4,13.55,11.35,26782.78,0.068
4606,23.8,18,22.25,1.15,10.65,24.2,21542.87905,0.101
4607,42.85,15.1,27.8,0.1,6.85,7.3,43215.60508,0.071
4608,24.35,17.5,22.15,0.2,12.9,22.9,27542.02191,0.076
4609,32.05,14.25,23,1.6,10,19.1,30420.92826,0.054
4610,23.95,23.15,28.95,0.05,10.35,13.55,18001.4908,0.115
4611,28.65,22.75,20.6,1.2,11.15,15.6,23412.83048,0.074
4612,28.5,17.15,25.85,1,10.65,16.8,24345.19302,0.052
4613,28.55,18.8,23.8,1.45,10.5,16.95,23243.69873,0.089
4614,34.65,19.45,27.4,1.25,10.7,6.6,27649.89334,0.088
4615,28.2,21.9,26.25,2.8,10.3,10.55,22487.90349,0.093
4616,31.95,18.25,20.4,4.3,8.05,17.1,21611.31207,0.034
4617,20.3,12.85,23.35,4.6,12.9,25.95,23860.83842,0.04
4618,29.4,16.6,23.45,1.6,9.05,19.8,20891.45111,0.096
4619,23.3,13.8,21.1,2.3,14.65,24.85,26114.17651,0.073
4620,30.3,15.7,26.45,0.35,11.15,16,26844.20318,0.066
4621,34.85,17.45,23.45,1.5,10.55,12.25,24210.72032,0.064
4622,29,18.95,26.65,1.05,11.75,12.65,29348.94159,0.122
4623,27.85,18.45,22.7,0.9,12.85,17.3,28558.64413,0.089
4624,30.8,16.2,23.65,0.75,11.65,16.9,34267.68127,0.11
4625,23.25,17.25,20.45,4.5,13.45,21.1,23099.03969,0.074
4626,31.6,17.9,25.65,0.55,11.7,12.55,30316.95651,0.076
4627,28.5,16.05,22.35,0.55,10.15,22.5,26507.90953,0.074
4628,22.25,15.1,21.35,1.95,12.05,27.25,26525.11746,0.102
4629,24.15,19.6,19.5,1,12,23.75,25621.78318,0.075
4630,28.2,16.05,21.15,3.45,7.95,23.25,17021.11365,0.079
4631,40.65,13.05,27.6,0.1,8.95,9.65,37550.66667,0.057
4632,32.75,16,22.3,1.6,10.05,17.3,28798.93746,0.086
4633,28.2,17.35,23.25,0.85,13.85,16.6,27138.35937,0.095
4634,28.65,15.6,28.8,0.25,7.65,19.1,25417.15111,0.087
4635,24.95,18.35,22.2,0.35,14.25,19.85,25954.68603,0.079
4636,42.2,16.85,25.75,0.25,6.7,8.25,22807.96667,0.046
4637,27,15.3,24.2,1.05,14.45,18,29404.67778,0.044
4638,30.9,18.75,29.5,0.9,9.6,10.45,20047.7454,0.031
4639,26.1,12.8,22.05,0.85,13.95,24.2,27922.10667,0.087
4640,32.95,22.3,22.95,0.5,12.9,8.35,22426.77715,0.095
4641,42.65,15.15,21.35,0.5,12.45,7.9,42207.96921,0.059
4642,27.4,22.85,23.65,1.55,11.1,13.45,23129.60826,0.098
4643,21.7,17.75,22.85,0.75,19.35,17.55,24650.81238,0.064
4644,30.95,21.15,22.1,1.9,11.5,12.45,23622.67969,0.089
4645,45.2,13.2,25.45,0.65,6.5,8.95,33723.44476,0.065
4646,30.8,19.95,18.4,0.5,12.15,18.2,24565.9381,0.068
4647,31.85,18.25,25,1.35,9.1,14.5,17618.20318,0.072
4648,34.75,18.35,25.8,1.75,9.8,9.6,32614.1254,0.086
4649,23.8,14.55,21.4,0.9,8.6,30.75,25860.63048,0.076
4650,19.75,22.15,20,2.1,14.75,21.2,22471.54127,0.123
4651,30.05,16.3,24.3,0.1,12.85,16.4,30884.14476,0.07
4652,22.2,20.45,24.85,0.4,13.1,19,16066.05524,0.13
4653,24.7,13.85,25.3,0.85,20.7,14.65,29549.63588,0.039
4654,30.4,19.8,19.25,0.3,17.95,12.3,27278.18127,0.086
4655,36.2,15.1,28.45,0.4,10.1,9.7,32165.87619,0.051
4656,34.1,17.8,24.4,1.45,9.2,13.05,25902.49683,0.087
4657,25.45,22.05,19.8,1.25,14.15,17.35,23678.94476,0.082
4658,37.4,17.15,24.25,0.3,11.25,9.6,34317.12318,0.051
4659,25.45,19.6,18.95,0.7,14.05,21.3,23800.27207,0.093
4660,29.95,19.45,23.6,2.25,10.3,14.45,17264.27207,0.063
4661,32.2,19.25,26.25,1.75,8.8,11.75,24367.51302,0.075
4662,18.8,20.85,18.05,1.25,9.2,31.9,21767.56445,0.118
4663,24.75,21.95,26.9,5.65,8.9,11.8,22388.48921,0.283
4664,23.95,19.2,20.7,3.4,11.2,21.55,25437.69143,0.057
4665,33.8,13.2,29.6,0.2,8.2,14.9,33966.58603,0.071
4666,26.95,15.95,23.55,0.5,9.7,23.45,24793.67683,0.096
4667,21.4,22.3,21.75,5.05,8.5,20.95,18595.96064,0.127
4668,26.55,23.85,22.35,0.95,10.05,16.2,21702.32699,0.102
4669,31.2,16.25,24.3,2.55,13.9,11.75,23637.51905,0.085
4670,32.35,18.25,25.85,0.55,8.95,14,21558.92699,0.083
4671,28.3,15.75,23.55,0.45,11.65,20.3,24610.49683,0.076
4672,25.65,18.85,21.15,3.35,9.65,21.3,16180.56794,0.097
4673,24.6,15.15,23.55,0.5,11.1,25.05,23153.7527,0.113
4674,34.55,16.4,27.75,0.1,11.25,9.95,27693.09969,0.045
4675,27.25,18.55,19.05,1.95,13.2,20.05,19650.05302,0.071
4676,30,17,27.75,0.1,8.45,16.8,31538.51429,0.113
4677,29.5,16.25,22.2,1.85,10.45,19.8,21928.19492,0.076
4678,23,14.15,20.8,0.9,11.8,29.35,21740.71524,0.113
4679,33.75,18.05,25,0.45,10.4,12.3,30676.30889,0.069
4680,22.2,26.85,21.05,4.25,10.4,15.2,23950.02064,0.079
4681,26.45,17,19.3,2.2,9.65,25.4,22401.17842,0.077
4682,27.65,17,21.2,3.55,9.85,20.75,24649.67461,0.06
4683,31.2,16.45,25.05,1.8,10.05,15.45,21265.24476,0.085
4684,43.85,12.6,27.35,0.1,8,8.2,35581.02635,0.059
4685,25.4,12.5,22.8,1.55,10.65,27.1,23987.55651,0.123
4686,26.6,23.6,26.4,1.05,10.2,12.15,18633.28921,0.105
4687,30.1,17.85,22.45,2.8,9.25,17.6,22379.25207,0.059
4688,32,15.55,26.1,0.45,10.5,15.25,21367.60095,0.076
4689,33.05,21.05,27.6,0.1,7.1,11.05,22291.17365,0.068
4690,26.25,16.85,17.35,0.95,24.65,13.95,25406.02508,0.09
4691,19.3,11.9,15.3,3.75,15.85,33.85,24009.61778,0.09
4692,26.15,18.65,22.95,5.25,9.2,17.9,24384.78032,0.084
4693,18.15,30.25,20.55,3.7,7.4,20,15757.45524,0.102
4694,33.25,21,25.65,0,8.55,11.5,23145.11746,0.069
4695,33.6,19.95,24.95,2.9,7.45,11.05,25991.63492,0.084
4696,24.15,17.8,22.6,1.2,16.9,17.35,22458.14,0.115
4697,24.4,21,26.05,0.55,15.3,12.65,28018.49715,0.078
4698,28.45,20.35,26.1,0.4,9,15.6,25519.37619,0.085
4699,26.45,18.2,21.35,0.85,12.85,20.3,25467.58508,0.105
4700,25.7,18.35,25.45,3.7,6.3,20.45,19560.66794,0.146
4701,47.35,11.75,25.9,0.1,6.65,8.25,40658.30159,0.068
4702,31.3,13.75,27.6,0.4,14.65,12.25,30170.9473,0.072
4703,27.7,12.55,20.4,3.5,16.35,19.45,21002.07778,0.09
4704,34.9,15.15,26.55,0.15,9.5,13.7,27363.03524,0.071
4705,25.9,18.35,22.85,1.45,8.8,22.6,19725.55969,0.055
4706,23.2,11.8,21.9,5.15,14.1,23.9,23057.00508,0.076
4707,27.85,17.35,23.35,1.1,12.6,17.75,23969.29715,0.069
4708,28,17.8,24.45,0.75,11.85,17.2,26867.08476,0.108
4709,24.4,23.7,17.4,3.35,13.4,17.8,22407.68159,0.071
4710,23.3,15.9,21.45,4.65,5.5,29.15,20217.24127,0.169
4711,33.25,17.8,24.95,0.55,7.8,15.75,26345.32603,0.048
4712,29.15,19.4,27.45,0.1,8.1,15.75,25463.82889,0.073
4713,29.4,16.1,25.05,0.85,10.3,18.25,27726.42603,0.06
4714,44,14.25,24.4,0.1,10.4,6.9,42914.30572,0.049
4715,23.7,14.95,28.5,2.4,12,18.5,24069.78064,0.09
4716,36.65,21.15,18.4,2.55,11.55,9.65,20016.95842,0.049
4717,30.75,16.9,20.7,0.85,11.25,19.55,27901.15873,0.084
4718,38.05,15.3,22.15,0.65,9.4,14.35,30750.2308,0.063
4719,33.95,16.5,21.3,0.5,10.75,16.95,26368.21397,0.056
4720,26.35,13.15,22.2,2.05,11.55,24.75,25995.8473,0.121
4721,37.65,14.6,24.75,0.55,11.05,11.35,33029.58572,0.06
4722,39.2,14.45,27.35,0.4,10.8,7.85,32700.78254,0.052
4723,25.3,23.2,23.2,1.45,8.6,18.25,22166.32667,0.093
4724,27.45,28.25,26.5,1,7.2,9.6,11992.96635,0.067
4725,30.1,13.9,24.85,1.4,8.65,21.15,30026.2254,0.072
4726,30.05,21.05,25.8,0.65,12.7,9.8,27128.91143,0.052
4727,37.1,21.4,22.85,0.25,8.85,9.5,35224.74064,0.085
4728,29.85,18.1,17.25,2,14.55,18.1,24400.80159,0.1
4729,29.65,20.4,21,2.25,10.55,16.1,24614.29461,0.089
4730,27.35,18.65,23.15,0.3,9.7,20.85,26379.15651,0.12
4731,23.8,21.1,20.8,0.7,12.85,20.7,24527.95492,0.084
4732,19.3,20.45,22.7,1.1,20.75,15.75,21057.28699,0.099
4733,23,17.75,19.45,1.5,17,21.3,20709.80318,0.082
4734,25.2,17.8,24.35,0.5,10.5,21.65,26298.61016,0.099
4735,33.3,14.55,27.7,0.2,10.4,13.85,32552.71524,0.064
4736,40.8,16.75,24.45,0.35,7,10.65,17636.29492,0.073
4737,35.25,16.9,24.9,1.1,13.6,8.2,23203.75111,0.053
4738,29.6,14.5,21.45,0,17.2,17.2,24688.92953,0.132
4739,30.55,17.65,25,1.1,8.9,16.85,24877.78857,0.055
4740,32.2,18.45,28.2,1.2,10.35,9.65,24227.57905,0.054
4741,29.55,19.05,26.4,0.3,8.35,16.4,24589.08318,0.078
4742,40.7,17.15,26.6,0.1,6.55,8.9,30001.27397,0.069
4743,22.2,18.55,23.8,3.1,12.2,20.1,20445.43524,0.073
4744,25.9,15.5,23.5,0.55,8.55,26.05,25069.15238,0.116
4745,22.35,16.35,25.85,4.55,8.45,22.45,19312.26826,0.164
4746,38.5,18.05,22.5,1,10.2,9.8,26071.28095,0.056
4747,21.85,16.25,23,1,11.6,26.25,24328.51397,0.096
4748,20.85,14,27.35,1.15,19.8,16.8,25482.44381,0.071
4749,30.7,15.2,24.65,0.55,9.45,19.35,30927.44064,0.085
4750,32.95,19.3,26,0.25,7.4,14.15,25952.51175,0.087
4751,21.8,18.95,22.7,1.15,11.35,24.05,19636.44413,0.121
4752,26.9,15.5,26.7,5.45,10.55,14.85,24348.95143,0.066
4753,25.95,15.9,26.25,1,10.05,20.75,21618.29683,0.078
4754,24.85,16.6,20.65,0.9,11.95,24.95,24421.05143,0.099
4755,22.85,13.85,24.6,0.55,12.65,25.5,24770.88127,0.112
4756,24.25,16.3,23.65,0.9,19.6,15.3,26504.10413,0.053
4757,21.95,19.3,19.75,0,23.35,15.65,22069.97969,0.103
4758,22.1,18.25,19.2,8.45,10.4,21.65,20257.51207,0.111
4759,32.1,20,27.5,0.3,8.4,11.7,24213.75778,0.084
4760,23.6,26.75,17.75,2.25,11.65,18,19552.33397,0.112
4761,26.35,15.55,21.55,3.8,11.25,21.5,21394.02159,0.094
4762,29.4,16.35,28.9,0.5,11.2,13.55,30043.21365,0.065
4763,32.4,21.55,23.6,2.4,11.25,8.8,24368.85905,0.053
4764,42.15,13.85,26.4,0.1,9.2,8.35,36198.35651,0.076
4765,42.65,15.4,24.75,0.2,7.55,9.45,33592.64539,0.072
4766,34.5,25,22.6,0.45,7,10.45,10229.87841,0.077
4767,22.55,15.8,24,0.6,9.6,27.45,24617.46064,0.133
4768,32.5,16.75,27.5,0.1,8.3,14.85,31933.34286,0.104
4769,20.7,20.4,20.5,1.85,21.15,15.4,22847.85302,0.095
4770,27.35,17.3,25.55,2.1,11.85,15.9,27511.78826,0.105