location_id,white,black,hispanic,asian,american_ndian,other
3000,86.5,0.3,11.05,0.6,0.3,1.2
3001,44.25,1.75,50.2,1.8,0.5,1.5
3002,84,1.2,12.45,0.45,0.85,1.1
3003,73.95,18.65,4,0.2,0.45,2.8
3004,96.3,0.3,1.2,0.3,1.05,0.8
3005,80.3,3.8,14.15,0.2,0.45,1.15
3006,86.75,0.55,7.15,1.3,1.1,3.15
3007,91.45,5.85,0.7,0.6,0.15,1.25
3008,82.05,10.15,4.85,1.7,0.2,1.05
3009,59.65,2.45,23.75,6.7,1.55,5.85
3010,90.25,5.65,1.8,0.55,0.25,1.5
3011,87.8,0.3,5.05,0.95,2.25,3.65
3012,90.05,6.1,1.4,0.5,0.1,1.85
3013,80,13.6,2.6,1.4,0.2,2.2
3014,83.8,0.55,12.6,0.65,0.6,1.8
3015,33.7,3.8,59.85,1.45,0.25,0.95
3016,50.65,6.8,37.8,2.05,0.8,1.85
3017,92.25,1.7,3.15,1.35,0.25,1.2
3018,89.05,5.05,2,2.5,0.15,1.25
3019,61.85,0.45,19.85,0.35,14.95,2.55
3020,78.05,0.55,15.7,1.85,1.55,2.2
3021,75.15,1.35,16.3,3.15,0.65,3.35
3022,96.3,0.35,1.9,0.4,0.25,0.8
3023,93.2,4.1,1.25,0.35,0.15,1
3024,83.55,1.1,10.05,1.3,1.55,2.5
3025,75.4,17.1,4.45,0.85,0.6,1.7
3026,59.1,13.3,20.25,5.45,0.1,1.8
3027,92.35,2.75,3,0.2,0.35,1.4
3028,85.35,5,4.1,1.9,0.75,2.9
3029,97.4,0.7,0.9,0.05,0.4,0.55
3030,77.9,8.25,12.35,0.35,0.4,0.7
3031,55,40.3,2.2,1.45,0.15,0.85
3032,55.4,41.45,1.45,0.35,0.25,1.15
3033,86.95,9.55,2.15,0.2,0.25,0.9
3034,84.6,7.95,4.3,0.7,0.6,1.85
3035,93.95,2.05,1.35,0.55,0.2,1.9
3036,96.85,1.1,0.6,0.35,0.2,0.85
3037,85.6,2.4,4.1,5.35,0.7,1.75
3038,64.3,8.35,12.5,13.15,0.1,1.6
3039,87.05,5.6,5,0.85,0.15,1.3
3040,55.15,40.5,1.9,1.1,0.25,1.15
3041,69.5,25,3.75,0.3,0.25,1.2
3042,97.55,0.75,0.65,0.15,0.15,0.75
3043,88,4.35,4.3,0.65,0.35,2.3
3044,77.35,0.65,20.15,0.5,0.3,1.05
3045,86.75,0.35,1.05,0.35,8.7,2.8
3046,80.75,6.2,5.8,3.7,0.4,3.15
3047,71.05,0.25,26,0.55,0.3,1.75
3048,77.35,10.25,8.15,2,0.25,1.95
3049,91.3,6.3,1.25,0.25,0.1,0.7
3050,70.4,22.2,2.35,3.3,0.15,1.65
3051,48.25,2.05,33.8,1.25,12.8,1.95
3052,88.25,8.1,1.25,0.9,0.2,1.35
3053,83.75,0.2,13.65,1,0.3,1.15
3054,72.75,11.95,4.7,8.25,0.2,2.25
3055,89.9,1.45,5.95,0.45,0.2,2
3056,88,2.25,7.55,0.5,0.35,1.35
3057,77.45,11.6,4.45,4.3,0.15,2.1
3058,95.15,1.15,1.4,0.95,0.2,1.2
3059,96.1,0.45,1.15,1,0.3,1.05
3060,80.35,4.25,11.55,0.6,1.8,1.5
3061,87.45,5.95,4.15,0.35,0.6,1.45
3062,59.65,36.25,2.3,0.2,0.1,1.5
3063,91.55,2.35,2.35,2.05,0.15,1.5
3064,8.35,0.45,90,0.85,0.1,0.3
3065,93.2,1.8,2.6,0.3,0.25,1.8
3066,74.65,14.85,8.05,0.9,0.2,1.4
3067,53.05,44.45,1,0.25,0.25,1
3068,87.65,1.35,5.2,4.35,0.35,1.05
3069,91.8,0.75,4.1,0.15,1.25,2
3070,55.35,38.25,4.7,0.2,0.5,1
3071,93.55,3.95,0.55,0.4,0.1,1.4
3072,96,0.25,2.2,0.35,0.4,0.8
3073,62.9,36.15,0.35,0.2,0.15,0.3
3074,81.4,3.9,10.75,2,0.3,1.6
3075,95.45,0.7,1.65,0.5,0.75,1
3076,88.1,3,5.6,0.9,0.5,1.85
3077,33.35,52.3,8.8,3.2,0.2,2.1
3078,87.9,6.55,1.95,0.85,0.9,1.85
3079,85.55,6.1,4.8,1.45,0.2,1.85
3080,91.85,1.7,1.8,2.65,0.25,1.75
3081,76.3,0.45,20.2,0.6,1.4,1.1
3082,84.5,1.8,4.85,4.1,0.65,4.1
3083,93.3,0.55,4.75,0.3,0.1,0.95
3084,94.85,0.7,1.65,1.2,0.25,1.35
3085,92.2,0.95,5.3,0.35,0.15,1
3086,34.3,39.5,19.4,4.4,0.15,2.25
3087,80.55,0.65,15.65,0.7,0.9,1.5
3088,91.85,0.45,5.55,0.7,0.5,0.95
3089,52.3,41.4,2.7,1.5,0.25,1.9
3090,93.85,3,1.15,0.4,0.15,1.45
3091,96.1,1.5,0.7,0.35,0.15,1.15
3092,49.2,48.75,0.6,0.25,0.15,1.1
3093,66.85,9.5,22.2,0.25,0.3,1
3094,95.95,1.3,1.5,0.1,0.35,0.8
3095,94.6,3.05,1,0.1,0.2,1.1
3096,90.25,3.5,1.7,2.7,0.15,1.7
3097,61.85,32.9,3.45,0.4,0.25,1.2
3098,97.95,0.9,0.6,0.05,0.05,0.45
3099,42.75,53.25,1.55,0.95,0.3,1.25
3100,76.2,9.85,10.6,1.5,0.3,1.55
3101,64.9,25.4,0.55,0.25,7.85,1.15
3102,96.5,0.7,0.85,0.65,0.2,1
3103,91.15,0.5,2.55,1.1,2.3,2.35
3104,51.9,18.95,25.3,1.2,0.7,1.95
3105,96.95,0.4,1.15,0.3,0.05,1.05
3106,77,12.9,8.85,0.15,0.3,0.8
3107,67.75,26,4.7,0.2,0.1,1.25
3108,77.1,1.35,12.3,5.5,0.65,3.05
3109,87.4,1.55,4.2,2.1,1.2,3.5
3110,68.05,28.15,2.4,0.3,0.15,1
3111,91.7,0.4,1.45,0.5,4.2,1.75
3112,76.8,17.4,4.9,0.15,0.2,0.55
3113,67.9,27.95,2.65,0.55,0.15,0.85
3114,62.5,0.8,23.7,1.25,10.25,1.5
3115,60.1,34.4,3.4,0.9,0.2,1
3116,57.25,39.9,1.45,0.35,0.2,0.8
3117,92.8,0.45,5,0.75,0.2,0.8
3118,91.2,3.2,3.3,0.3,0.2,1.8
3119,96.45,0.65,1.1,0.3,0.15,1.35
3120,91.15,1.85,5.3,0.5,0.35,0.8
3121,61.8,31.55,1.65,0.3,3.45,1.15
3122,92.45,4.4,1.65,0.1,0.6,0.8
3123,95.85,0.55,1.25,1,0.25,1.1
3124,46.75,20.8,26.1,4.5,0.1,1.7
3125,62.25,18.25,18.15,0.25,0.25,0.95
3126,84.35,0.85,10.9,0.65,0.9,2.35
3127,66.35,13.75,16.4,1.55,0.3,1.75
3128,47.5,50.05,1.1,0.55,0.25,0.55
3129,89.55,7,1.25,0.7,0.15,1.4
3130,83.45,6.9,3.95,3.55,0.15,2
3131,50.6,19.2,19.4,7.2,0.25,3.35
3132,47.35,39.95,6.35,2.65,0.35,3.35
3133,85.75,10.9,1.35,0.25,0.2,1.6
3134,17.35,0.15,81.35,0.4,0.35,0.45
3135,94.05,1,2.25,1.05,0.3,1.35
3136,90,4.35,3.1,0.9,0.45,1.25
3137,68.95,11.6,13.95,3.4,0.15,1.95
3138,65.1,31.45,1.7,0.4,0.25,1.05
3139,79.8,15.25,1.6,0.95,0.15,2.25
3140,90.45,0.9,3.15,2.75,1.45,1.25
3141,88.55,8.1,1.15,0.5,0.2,1.5
3142,54.8,1.1,13,1.25,27.45,2.35
3143,88.95,7.55,2.2,0.15,0.35,0.8
3144,94.75,1.95,2.1,0.3,0.1,0.75
3145,93.2,2.85,1.2,0.35,0.35,2.1
3146,80.45,2.5,5.55,4.6,1.35,5.5
3147,93.45,3.6,0.9,0.4,0.05,1.6
3148,87.35,1.25,5.65,1.35,1.65,2.7
3149,60.7,35.55,1.75,0.85,0.15,0.95
3150,45.05,53.35,0.75,0.05,0.25,0.6
3151,96.5,0.75,1.15,0.4,0.1,1.1
3152,16.4,77.7,3.4,0.9,0.2,1.4
3153,71.8,13.65,7.8,1.8,1.25,3.65
3154,93.25,0.3,1,0.4,3.45,1.6
3155,96.2,0.95,1.25,0.35,0.3,0.9
3156,86.45,3.85,3.15,3.8,0.6,2.15
3157,75.5,11.55,9.85,1.3,0.35,1.4
3158,64.1,29.5,3,1.15,0.2,2
3159,95.05,1.3,1.5,1,0.1,1
3160,87.1,8.75,2.15,0.45,0.05,1.45
3161,89.2,4.4,3.85,0.3,0.3,1.95
3162,90.3,5.25,1.65,0.25,0.3,2.3
3163,90.05,4.1,3.3,0.45,0.45,1.6
3164,59.75,3.7,33.85,1.2,0.35,1.25
3165,89.2,6.2,2.35,0.7,0.25,1.35
3166,93.3,2.2,2.8,0.25,0.25,1.15
3167,27.05,70.9,1.15,0.3,0.15,0.4
3168,94.8,0.95,2.2,0.2,0.45,1.4
3169,80.9,0.55,16.55,0.2,0.7,1.05
3170,13.5,2.55,81.75,1,0.3,0.8
3171,77.75,7.1,12.45,0.6,0.2,1.85
3172,96.6,0.85,0.8,0.6,0.25,0.85
3173,77.15,15.45,4.9,0.35,0.6,1.6
3174,94.25,0.1,1.25,0.55,1.65,2.15
3175,79.75,6.05,10.65,1.35,0.3,1.9
3176,94.25,0.4,3.9,0.25,0.35,0.85
3177,59.25,35.65,2.85,1.05,0.25,0.95
3178,93.8,3.4,0.85,0.3,0.2,1.4
3179,89.5,1.35,1.4,0.55,5.4,1.9
3180,74.25,14.1,6.6,3,0.2,1.8
3181,58.95,36.95,2.3,0.65,0.1,1.05
3182,96.55,0.4,0.95,0.5,0.4,1.25
3183,90.4,2.95,2.4,2.65,0.1,1.5
3184,64.6,25.35,4.9,2.2,0.4,2.55
3185,85,1.9,6.65,2.6,2.25,1.65
3186,62.45,35.75,1.05,0.2,0.05,0.55
3187,75.85,3,14.3,2.2,1.2,3.5
3188,33.45,3.45,53.5,6.95,0.45,2.15
3189,65.25,17.7,15.75,0.25,0.15,0.95
3190,65.55,18.85,6.2,5.7,0.25,3.45
3191,69.65,0.3,26.85,0.7,0.75,1.8
3192,74.8,21.5,1.7,0.1,0.3,1.5
3193,59.85,13.85,21.65,2.8,0.35,1.5
3194,64.7,28.6,2.45,2.2,0.2,1.85
3195,36.55,0.25,55.6,0.4,5.55,1.6
3196,69.4,9.1,16.95,2.3,0.2,2
3197,93.45,0.95,2,2.2,0.25,1.05
3198,35.6,12.4,21.9,25.15,0.3,4.7
3199,78.5,0.15,20.25,0.1,0.5,0.5
3200,89.15,1.05,7.7,0.3,0.6,1.2
3201,48.5,46.55,2.3,0.95,0.3,1.3
3202,97.75,0.35,0.6,0.35,0.2,0.85
3203,70,18.6,3.3,1,5.25,1.8
3204,88.9,1.3,7.95,0.5,0.1,1.2
3205,88.45,6.8,2.2,0.2,0.35,2
3206,95.3,1.85,1.15,0.25,0.4,1.1
3207,87.35,4.2,2.95,3.35,0.2,1.95
3208,56.75,32.65,6.2,1.8,0.55,2.1
3209,93.8,3.45,0.95,0.4,0.15,1.3
3210,48.35,2.65,40.4,4.9,0.65,3
3211,70.45,1.95,21.5,4.8,0.1,1.2
3212,65.4,30.75,1.65,0.9,0.35,1.05
3213,84,5.35,7.8,0.6,0.35,1.9
3214,49.1,5.85,42.85,0.95,0.1,1.15
3215,37.2,56.95,4.65,0.55,0.15,0.55
3216,73.4,20.2,3.3,0.5,0.2,2.45
3217,81.9,13.25,3.05,0.3,0.15,1.4
3218,78.55,15.35,3.9,0.8,0.05,1.35
3219,88.95,6.35,1.7,1.1,0.2,1.7
3220,87,2.9,7.2,0.65,0.35,1.9
3221,93.85,2.2,1.8,0.35,0.2,1.55
3222,74.35,23.25,1.5,0.25,0.2,0.5
3223,91.85,4,1.1,1.25,0.15,1.6
3224,94.4,2.9,0.75,0.25,1.2,0.45
3225,80.25,1.4,15.7,1.1,0.4,1.15
3226,86.25,3.15,6.65,2.5,0.05,1.25
3227,88.3,7.3,1.4,0.75,0.2,2
3228,91.5,1.4,2.35,0.15,1.3,3.3
3229,95.45,0.7,2.35,0.25,0.1,1.2
3230,76.8,18.85,2,0.6,0.4,1.5
3231,77.8,19.45,1.45,0.15,0.4,0.7
3232,86.35,1.3,10.15,0.75,0.2,1.25
3233,97,1.1,0.55,0.45,0.05,0.8
3234,46.2,49.95,2.55,0.35,0.2,0.8
3235,67.4,17.8,12.95,0.35,0.3,1.25
3236,90.55,6.05,1.75,0.2,0.2,1.25
3237,92.45,3.75,1.35,0.35,0.35,1.75
3238,95.45,0.45,2.2,0.3,0.4,1.15
3239,93.75,3.2,1,0.55,0.1,1.35
3240,93.35,0.85,1.65,2.25,0.2,1.65
3241,58.8,0.85,36.95,0.95,0.9,1.55
3242,75.2,1.55,18.95,1.4,0.8,2.1
3243,79.15,15.9,2.45,0.65,0.15,1.6
3244,98.2,0.25,0.6,0.35,0.1,0.55
3245,77.8,1.25,14.75,2.45,1.6,2.15
3246,92.8,1.25,1.1,0.9,2.05,1.85
3247,92.25,2.45,1.25,2,0.2,1.85
3248,91.75,1.1,4.05,1.55,0.15,1.4
3249,90.3,3.9,3.45,0.7,0.1,1.55
3250,58.95,37.95,1.45,0.35,0.2,1.05
3251,85.7,5.75,4.85,1.95,0.2,1.5
3252,66.4,6.55,19.25,5.9,0.15,1.75
3253,74.2,17.15,3.3,2.75,0.15,2.4
3254,56.5,40.15,1.4,0.9,0.25,0.85
3255,36.75,0.65,61.2,0.3,0.15,0.95
3256,86.45,2.9,5.5,1.8,0.15,3.2
3257,36.6,7.1,49.65,3.35,0.95,2.3
3258,31.25,0.1,4.7,0.55,60.9,2.55
3259,66.6,5.8,25.55,1.05,0.2,0.85
3260,87,1.05,6.85,2.35,0.5,2.3
3261,96.75,0.65,1.15,0.3,0.25,0.9
3262,79.65,3.15,14.75,0.5,0.65,1.35
3263,41.2,50.65,2.2,0.3,3.55,2.1
3264,44.45,4.35,49.15,0.25,0.65,1.1
3265,71.1,24,2.25,0.6,0.75,1.25
3266,76.55,21.35,0.7,0.25,0.1,1
3267,40.7,57.3,0.6,0.2,0.1,1.1
3268,71.75,8.8,11.7,3.85,0.75,3.15
3269,73.9,2.8,14.55,5.5,0.2,3
3270,95.65,2.4,0.45,0.1,0.05,1.25
3271,79.2,17.2,1.95,0.15,0.2,1.3
3272,56.8,39.9,1.3,0.95,0.5,0.55
3273,91.2,1.1,3.5,1.35,1.3,1.6
3274,94.25,2.8,0.65,0.3,0.25,1.7
3275,59,37.4,1.3,0.25,0.45,1.6
3276,95.7,1.75,0.9,0.4,0.25,1
3277,90.5,0.2,8.45,0.35,0.15,0.35
3278,52.15,2.95,42.95,0.65,0.3,1.1
3279,85.2,6.1,4.4,0.8,1,2.4
3280,87.9,2.25,2.55,5.8,0.1,1.45
3281,72.45,7.45,17.25,1.3,0.2,1.3
3282,95.9,0.35,1.85,0.25,0.6,1.05
3283,96.3,0.95,0.65,0.6,0.15,1.45
3284,92.25,3.55,2.5,0.4,0.15,1.15
3285,73.25,11.15,10.35,2.45,0.4,2.4
3286,94.25,0.15,1.95,0.25,1.25,2.15
3287,32.55,11.65,41.4,12.15,0.1,2.05
3288,92.35,5.25,1.05,0.35,0.2,0.75
3289,90.7,3.9,2.75,0.7,0.2,1.75
3290,81.65,7.05,8.55,0.4,0.75,1.65
3291,71.1,18.25,7.55,1.05,0.3,1.65
3292,61.8,16.15,18.1,2.25,0.2,1.55
3293,93.2,0.9,1.1,0.75,1.8,2.2
3294,84.7,10.45,1.75,0.7,0.2,2.15
3295,91.15,3.65,1.8,0.9,0.2,2.3
3296,50.3,9.85,20.65,13.6,0.65,4.9
3297,96.1,0.35,1.3,0.9,0.35,0.9
3298,36.15,32.5,19.7,9.75,0.2,1.75
3299,72,21.25,3.2,0.55,0.55,2.5
3300,97.8,0.2,0.9,0.25,0.25,0.6
3301,95,0.9,1.55,0.6,0.2,1.8
3302,91.4,1.6,3.25,2.25,0.5,1.15
3303,86.25,1.2,8.3,2.4,0.3,1.5
3304,93.7,4.1,1.25,0.25,0.15,0.45
3305,87.6,4.9,5.3,0.55,0.15,1.45
3306,96.5,0.8,0.9,0.2,0.2,1.45
3307,77.2,11.75,1.7,0.15,5.1,4.05
3308,87.8,7.45,1.85,1.55,0.25,1.15
3309,97.15,0.4,1,0.2,0.25,1
3310,95.95,1.05,1.4,0.25,0.1,1.3
3311,91.6,3.7,2.3,0.5,0.3,1.6
3312,35.95,61.5,1.45,0.35,0.1,0.55
3313,90.75,4.25,2.7,0.45,0.2,1.7
3314,97,1.15,1.1,0.1,0.1,0.65
3315,95.7,0.45,1.45,0.35,0.85,1.25
3316,94.45,1.45,1.6,1.75,0.1,0.7
3317,88.7,7.55,1.65,0.25,0.25,1.65
3318,94.8,2.05,1.3,0.6,0.25,1.05
3319,91.25,1.35,4.1,1.65,0.25,1.4
3320,97.2,0.95,1.2,0.25,0.05,0.35
3321,58.6,27.95,12.3,0.1,0.1,0.85
3322,79.2,8.2,6.45,3.65,0.25,2.25
3323,83.3,4,6.5,3.95,0.25,2.05
3324,96,0.4,1.45,0.35,0.75,1.15
3325,95.6,0.85,1.5,0.3,0.4,1.4
3326,84.3,9.55,3.65,0.65,0.6,1.25
3327,66.05,3.4,16.95,3.1,5.6,4.95
3328,58,28.85,6.85,3.8,0.3,2.25
3329,88.9,3.9,4.8,0.45,0.35,1.6
3330,95,1.05,1.7,0.15,0.6,1.5
3331,94.4,1.8,2.5,0.1,0.25,0.85
3332,90.1,0.3,4.4,0.9,1.5,2.8
3333,94.45,1.4,1.7,0.85,0.55,1.05
3334,46.2,1.6,48.9,1.6,0.45,1.3
3335,96.2,0.5,0.95,0.4,0.8,1.2
3336,90.7,0.65,6.65,0.55,0.3,1.1
3337,91.4,0.45,5.2,1.1,0.65,1.2
3338,93.7,0.9,4.2,0.3,0.05,0.8
3339,72.8,18.55,2.65,4.5,0.1,1.5
3340,92.65,2.55,3.1,0.65,0.15,1
3341,62.2,30.2,4.55,1.4,0.25,1.35
3342,37.65,7.05,37.65,13.55,0.5,3.65
3343,86.75,0.55,8.75,0.8,1.1,2.1
3344,95.25,2.2,1.25,0.35,0.2,0.75
3345,91.05,2.15,1.9,2.6,0.9,1.45
3346,96.85,0.45,0.95,0.55,0.2,0.9
3347,93.05,1.1,3.8,0.5,0.45,1.1
3348,95.9,0.85,1.8,0.5,0.1,0.8
3349,83.35,8.65,5.35,1.05,0.45,1.25
3350,73.95,14.9,5.2,3.2,0.2,2.5
3351,95.1,2.1,1.25,0.25,0.15,1.1
3352,89.2,0.5,8.45,0.55,0.3,1
3353,52.2,1.8,27.9,13.25,0.85,4
3354,88.1,2.6,4.75,3.2,0.1,1.2
3355,87.5,6.55,3,1.5,0.2,1.25
3356,77.2,11.9,6.05,2.85,0.25,1.8
3357,88.25,4.15,5.4,0.3,0.2,1.65
3358,45.65,25.35,24.2,2.2,0.5,2.1
3359,97.05,0.4,1.1,0.55,0.1,0.8
3360,83.55,2.1,10.9,1.7,0.05,1.65
3361,97.15,0.3,1.45,0.15,0.1,0.9
3362,95.3,0.95,1.7,0.65,0.15,1.25
3363,90.55,0.2,5.15,0.2,1.65,2.3
3364,40.2,5.5,47.65,3.75,0.65,2.25
3365,22.05,72.45,4.7,0.25,0.15,0.35
3366,82.85,0.9,8.05,2.45,2.35,3.3
3367,95.4,0.2,3.2,0.4,0.1,0.7
3368,63.45,17.5,15.55,1.55,0.2,1.75
3369,85.45,0.95,6.75,2.5,1,3.35
3370,90.15,4.85,3.45,0.5,0.1,0.95
3371,86.6,3.2,1.45,0.5,1.55,6.7
3372,69.25,0.35,17,0.65,10.4,2.3
3373,89.95,0.55,1.7,0.2,3.65,4
3374,80.95,2.65,12.2,1.05,0.8,2.25
3375,19.45,1.05,77.05,0.4,0.85,1.25
3376,66.85,31.55,0.6,0.15,0.15,0.7
3377,91.45,1.95,4,1.35,0.1,1.15
3378,53,44.3,1.5,0.15,0.4,0.65
3379,49.45,48.05,1.4,0.15,0.2,0.75
3380,82.3,6.2,3.5,0.8,5.8,1.45
3381,78.85,0.35,13.55,1.05,4.15,2.05
3382,93.7,3.35,1.3,0.55,0.1,1
3383,69.2,28.4,1.05,0.2,0.1,1.05
3384,47.85,19.2,25.65,4.55,0.2,2.45
3385,89,3.3,3.75,1.45,0.25,2.25
3386,80.65,10.45,4.25,1.6,0.5,2.5
3387,86.2,2.45,7.7,1.75,0.35,1.6
3388,73.85,10.85,8.35,2.7,0.75,3.6
3389,84.35,9.15,3,1.3,0.15,2.05
3390,86.3,0.5,10.45,0.85,0.55,1.35
3391,97.05,0.55,0.85,0.35,0.2,1
3392,90.35,3.05,4.15,0.6,0.35,1.5
3393,88.05,0.4,2.65,0.65,5.1,3.1
3394,62.35,33,1.95,0.15,0.2,2.35
3395,88.1,1.85,5.1,3.1,0.2,1.6
3396,78.4,13.35,5.25,0.7,0.35,2
3397,96.6,0.25,1.55,0.25,0.3,1.1
3398,49.65,0.25,47.5,0.3,1.05,1.15
3399,88.8,4.6,3.55,1.55,0.1,1.4
3400,68.4,27.9,2.1,0.75,0.15,0.75
3401,70.3,10.3,16.7,0.8,0.5,1.4
3402,96.9,0.35,0.85,0.1,0.35,1.55
3403,93.35,1.6,1,0.6,1.55,1.9
3404,63.3,22.65,8.05,4.05,0.2,1.75
3405,86.6,1.25,10.4,0.5,0.15,1.05
3406,55.15,1.6,40.3,0.7,0.6,1.65
3407,94.7,1.1,1.35,1.2,0.05,1.6
3408,85.7,5.95,4.3,1.6,0.3,2.15
3409,94.6,3.25,0.95,0.45,0.05,0.65
3410,94.35,0.45,1.75,1.8,0.65,0.9
3411,92.7,4.35,1.55,0.1,0.35,1
3412,84,13.4,1.15,0.6,0.2,0.7
3413,80.4,14.9,1.45,0.7,1.15,1.4
3414,94.9,2.75,0.75,0.3,0.1,1.15
3415,93.7,3.2,2,0.2,0.1,0.8
3416,81.6,0.15,14.75,0.65,0.85,2.05
3417,26.6,71.95,0.5,0.05,0.25,0.55
3418,11.35,0.45,6.3,0,80.85,1
3419,93.1,4.35,1.05,0.2,0.1,1.15
3420,15.25,82.2,0.8,0.2,0.2,1.35
3421,77.95,9.45,7.25,2.8,0.35,2.25
3422,63.1,30.05,1.35,0.1,4.6,0.75
3423,70.1,0.9,23.1,1.85,1,3
3424,89.8,1.05,2.45,5.4,0.1,1.15
3425,89.9,4.85,1.95,0.65,0.2,2.35
3426,65.1,32.85,0.85,0.2,0.15,0.8
3427,76.2,1.25,17.3,2.55,0.75,1.95
3428,87.05,2.85,8.1,0.6,0.15,1.2
3429,94.3,1.2,2.5,0.65,0.4,1
3430,70.6,22.85,2.65,2.3,0.25,1.4
3431,47.4,46.5,4.7,0.25,0.35,0.9
3432,58.45,1.85,30.7,6.1,0.45,2.45
3433,59.55,27.9,4.3,5.85,0.3,2.1
3434,60.1,30.2,7.85,0.3,0.15,1.35
3435,84.3,11.25,1.95,0.8,0.2,1.5
3436,59.15,7.95,30.55,0.65,0.4,1.25
3437,30.05,68.35,0.85,0.15,0.2,0.45
3438,66.9,29.35,2.3,0.7,0.15,0.6
3439,86.6,9.25,1.3,0.65,0.25,1.9
3440,96.15,0.4,1.05,0.75,0.45,1.2
3441,88.45,0.15,7.95,1.05,0.7,1.65
3442,92.65,2.05,3.1,0.35,0.3,1.45
3443,92.7,3.75,1.95,0.15,0.3,1.1
3444,95.8,0.45,1.2,0.9,0.2,1.4
3445,60.05,14.7,22.85,0.65,0.3,1.45
3446,95.05,0.5,1.05,0.5,0.8,2
3447,85.05,8.35,3.25,1.2,0.2,2.05
3448,95.75,0.9,1.5,0.6,0.3,0.95
3449,84.95,9.85,2.95,0.25,0.5,1.4
3450,96.45,0.25,1.35,0.05,0.85,1
3451,73.25,11.4,12.05,0.45,1.55,1.25
3452,54.75,0.95,40.95,0.4,1.3,1.7
3453,89.45,6,1.6,0.6,0.25,2.15
3454,96.2,0.85,1.95,0.05,0.1,0.85
3455,92.25,2.45,2.7,1.1,0.25,1.25
3456,69.7,25.2,3.15,0.4,0.35,1.2
3457,93,2.3,2.15,0.7,0.15,1.75
3458,81.15,7.65,8.95,0.5,0.25,1.55
3459,87.4,7.05,2.9,0.85,0.35,1.4
3460,92.2,3.5,2,1.1,0.1,1.05
3461,71.3,1.55,24.8,0.7,0.25,1.35
3462,79,17.6,1.4,0.35,0.2,1.4
3463,94.2,1.2,2.7,0.3,0.45,1.15
3464,94.5,0.75,1.85,1.6,0.1,1.2
3465,67.75,10,15.9,4.4,0.1,1.9
3466,97,0.6,0.7,0.2,0.15,1.4
3467,91.95,0.5,4.25,0.55,0.45,2.3
3468,95.9,0.85,1.9,0.2,0.1,1.05
3469,93,2.4,1.9,1,0.65,1.05
3470,86.6,3.9,2.4,5.15,0.15,1.8
3471,59.75,30.4,5.05,2.7,0.25,1.8
3472,90.8,4.65,2.15,0.6,0.1,1.65
3473,89.85,3.55,2.4,1.85,0.2,2.1
3474,92.25,0.3,3.6,0.55,0.9,2.4
3475,54.35,37.25,5.4,0.75,0.15,2.1
3476,88.35,2.4,6.55,0.65,0.4,1.6
3477,83.7,9.4,4.9,0.2,0.35,1.4
3478,85.2,0.3,7.45,2,2.05,2.95
3479,73.65,19.85,2.75,0.95,0.45,2.25
3480,78.15,1,9.05,2.1,5.15,4.5
3481,72.35,11,12.35,2,0.15,2.15
3482,68.3,24.9,4.25,0.75,0.35,1.55
3483,45.1,42.7,5.75,3.15,0.4,2.9
3484,54.45,40.05,1.8,0.5,0.95,2.25
3485,96.5,0.3,1.2,0.5,0.3,1.2
3486,81.5,12,3.95,0.95,0.3,1.25
3487,89.2,3.55,1.55,0.65,0.4,4.65
3488,40.65,57.3,1.1,0.2,0.1,0.65
3489,88.95,0.35,6.8,1.05,0.8,2.05
3490,71.55,16.85,6.35,2.85,0.1,2.3
3491,68.15,22,3.95,2.35,2.1,1.45
3492,90.9,3.85,2.6,1,0.25,1.4
3493,74.1,22.45,2.05,0.3,0.1,1
3494,95.55,2.45,0.65,0.35,0.15,0.9
3495,94.9,2.3,1.45,0.2,0.3,0.85
3496,95.6,0.35,2.1,0.4,0.35,1.25
3497,97.15,0.7,0.5,0.05,0.65,0.95
3498,37.25,1.7,57.7,1,1,1.35
3499,91.15,0.4,1.4,0.35,5.15,1.6
3500,98.25,0.1,0.6,0.05,0.2,0.85
3501,53.15,2,29.05,0.5,14.1,1.1
3502,88.1,0.4,6.95,0.85,1.2,2.55
3503,90.55,0.6,7.1,0.7,0.2,0.85
3504,96.5,0.6,0.5,0.2,0.7,1.5
3505,88.4,2.9,2.35,4.95,0.15,1.25
3506,52.5,44.15,1.75,0.3,0.25,1
3507,68.6,18.95,6.85,2,0.5,3.15
3508,47.75,11.1,37.3,2.15,0.4,1.25
3509,96.4,0.45,1.05,0.45,0.25,1.4
3510,69.55,16.35,3.45,0.2,7.05,3.3
3511,79.9,14.25,2.25,2.25,0.15,1.1
3512,69.15,10.3,15.7,2.1,0.8,1.95
3513,95.95,0.35,1.2,0.3,0.65,1.45
3514,90.1,1.9,5.5,0.55,0.4,1.55
3515,77.4,10.75,9.25,0.35,1.6,0.55
3516,84.15,10.2,2.45,1.25,0.15,1.8
3517,85.8,0.9,7.7,0.8,2.55,2.2
3518,82.3,5.55,4.3,0.6,2.65,4.6
3519,31.35,65.8,1.55,0.25,0.25,0.75
3520,92.1,0.45,3.8,0.35,1.45,1.9
3521,78,13.85,6.45,0.1,0.7,0.9
3522,77.65,1.75,18.65,0.5,0.45,1
3523,80.1,2.35,11.55,1.1,1.55,3.4
3524,47.45,46.8,2.9,1.2,0.3,1.4
3525,96.25,0.35,1.35,0.25,0.3,1.55
3526,98.05,0.25,0.55,0.25,0.15,0.7
3527,70.05,5.15,21.65,0.4,0.6,2.2
3528,92.3,4.05,2,0.4,0.15,1.05
3529,64.35,29.15,4.25,0.4,0.25,1.5
3530,27.45,70.65,0.5,0.1,0.1,1.2
3531,93.75,1.3,2.1,1.6,0.15,1.05
3532,92.45,0.2,2.35,0.25,2.6,2.15
3533,89.75,4.65,2.95,1.15,0.2,1.3
3534,88.15,4.1,3.3,1.45,0.5,2.55
3535,76.15,18.35,1.75,0.6,1.55,1.55
3536,91.9,2.75,3.75,0.45,0.4,0.8
3537,82.6,0.65,9.65,1.15,2.2,3.8
3538,56.25,25.6,12.4,3.2,0.55,2.05
3539,79.95,14.65,4,0.15,0.1,1.2
3540,75.15,0.1,10.35,0.45,11.9,2
3541,88.25,5.55,2.35,0.4,0.7,2.7
3542,87.85,0.5,6.95,1.1,0.6,3
3543,78.6,9.5,7.45,2,0.3,2.15
3544,67.5,10.35,16.15,3.6,0.2,2.15
3545,87.45,0.3,8.35,0.75,1.25,1.85
3546,87.95,0.4,1.25,0.35,6.95,3.1
3547,94.85,0.8,1.85,0.4,0.5,1.6
3548,94.95,1.45,1.45,0.85,0.15,1.2
3549,56.85,0.7,36.05,2.75,1.7,2.05
3550,87.05,4.35,4.35,2.3,0.1,1.8
3551,93.15,0.4,1,0.1,0.5,4.95
3552,97.3,0.25,1.1,0.05,0.1,1.25
3553,95.9,0.5,1.4,0.2,0.8,1.2
3554,91.8,3.7,1.9,0.5,0.2,1.9
3555,46.35,49.45,2.05,0.55,0.15,1.45
3556,93.95,3.5,1.1,0.35,0.15,0.95
3557,90.35,4.5,2.3,0.9,0.1,1.85
3558,94.55,0.35,1.15,0.35,2.4,1.3
3559,71.95,20.05,3.8,2.05,0.15,1.95
3560,74.85,23.85,1,0.05,0.05,0.25
3561,54.3,6.35,36.7,1.2,0.4,1.05
3562,94.9,2.35,1.6,0.45,0.1,0.7
3563,88.3,8.05,1.5,0.35,0.25,1.5
3564,94.15,1.45,1.95,0.75,0.35,1.25
3565,68.9,24.8,2.25,1.9,0.15,2
3566,66.1,27.55,4.85,0.35,0.4,0.8
3567,59.6,38.8,1,0.1,0.1,0.45
3568,94.8,2.3,1.5,0.15,0.15,1.1
3569,87.05,7.9,2.45,0.75,0.2,1.6
3570,34.35,55.1,9.1,0.4,0.25,0.75
3571,73.1,5.45,10.55,6.25,0.7,4
3572,94.75,1.15,2.3,0.35,0.45,1
3573,85.65,11.35,1.15,0.15,0.2,1.45
3574,93.85,1.4,2.35,0.3,0.45,1.65
3575,58.6,1.6,32.65,4.1,2.15,0.95
3576,93.9,0.1,4,0.25,0.65,1.1
3577,64.7,22.95,8,1.55,0.35,2.4
3578,92,0.25,4.7,0.3,1.25,1.5
3579,84.9,0.55,9.75,1.15,0.7,2.95
3580,96.7,0.35,0.75,0.55,0.4,1.3
3581,56,42.45,0.65,0.1,0.35,0.4
3582,58.45,3.85,29.15,1.45,4.75,2.35
3583,71.1,24.7,1.8,0.6,0.2,1.55
3584,94.6,0.8,1.7,0.95,0.2,1.75
3585,97.25,0.15,0.95,0.25,0.45,0.95
3586,86.45,6.3,5.7,0.3,0.3,0.9
3587,57.25,40.35,1.15,0.2,0.45,0.6
3588,80.4,12,3.1,2.25,0.2,2.1
3589,90.45,0.85,2.2,0.45,3.75,2.25
3590,72.45,5.3,19.55,1.15,0.25,1.3
3591,98.1,0.4,0.55,0.15,0.15,0.7
3592,97.15,0.2,1.05,0.35,0.25,1
3593,70.7,22.65,4.05,0.7,0.4,1.55
3594,50.2,1.75,40.85,4.4,0.45,2.4
3595,73.85,11.6,10.4,2.15,0.2,1.75
3596,75.6,8.1,12.65,1.4,0.2,2
3597,97.15,1,0.6,0.1,0.2,1.05
3598,45,49.6,4.1,0.35,0.05,0.85
3599,56.25,3.15,33.7,2.45,2.45,2.05
3600,75,2.05,16.25,1.2,2.1,3.3
3601,93.05,1.7,2.7,1.05,0.15,1.35
3602,83.8,4.3,5.2,4.3,0.35,2.1
3603,84.4,10.55,2.5,0.25,0.35,1.95
3604,73.4,20.8,2.85,0.6,0.65,1.7
3605,85.7,5.05,4.6,2.1,0.35,2.25
3606,80.65,1.15,15.85,0.4,0.7,1.3
3607,83.05,4.75,9.4,1.1,0.25,1.45
3608,52.15,20.2,20.6,2.65,0.55,3.85
3609,71.65,4.35,12.6,9.85,0.1,1.55
3610,88.25,1.55,8.15,1,0.1,0.95
3611,85.3,0.35,11.6,1.65,0.1,0.95
3612,52.7,45.3,0.7,0.05,0.45,0.75
3613,65.6,30.85,2.05,0.1,0.35,1
3614,93.8,1.55,1.5,1.1,0.45,1.6
3615,94.45,0.2,2.25,0.55,0.75,1.75
3616,94.65,2.1,1.6,0.45,0.2,1.05
3617,81.9,5.25,7.4,1.45,1.25,2.7
3618,86.1,9.95,1.9,0.55,0.25,1.15
3619,91.5,0.1,5.8,1.3,0.6,0.7
3620,73.9,4.55,17.1,2.85,0.1,1.5
3621,72,21.45,4.35,0.85,0.25,1.05
3622,95,2.7,0.8,0.2,0.1,1.15
3623,59.7,0.25,39.15,0.15,0.2,0.55
3624,42.8,50.7,4.8,0.35,0.35,1
3625,93.4,0.4,0.85,0.3,2.55,2.45
3626,94.75,0.9,1.5,1.45,0.2,1.2
3627,34.15,4.85,49.2,9,0.6,2.2
3628,71.95,0.1,25.8,0.6,0.35,1.25
3629,91.5,4.8,2.1,0.45,0.2,0.95
3630,80.2,16.75,1.55,0.45,0.15,0.95
3631,61.85,34.4,1.85,0.15,0.55,1.25
3632,50.95,9.6,34.05,3.25,0.6,1.6
3633,59.3,35.7,3.35,0.1,0.15,1.45
3634,91.75,1.8,3.4,1.05,0.4,1.55
3635,83.3,10.25,3.4,0.95,0.4,1.7
3636,84.2,1.45,11.65,0.4,0.85,1.4
3637,86.65,5.15,5.3,1.1,0.2,1.55
3638,59.05,27.15,8.85,3,0.25,1.7
3639,69,21.25,5.65,0.95,0.35,2.8
3640,85.8,11.6,1.6,0,0.2,0.7
3641,80,14.7,3.1,0.55,0.3,1.3
3642,83.3,0.55,13.65,0.5,0.55,1.5
3643,93.05,3.95,1.2,0.45,0.35,1
3644,95.5,2.1,0.7,0.2,0.2,1.3
3645,97.7,0.85,0.55,0.2,0.1,0.65
3646,87.05,0.6,6.25,1.25,2.75,2.1
3647,79.45,15.8,3.55,0.2,0.2,0.8
3648,62.55,19.8,14.7,1.05,0.35,1.55
3649,93.15,0.45,2.25,2.75,0.3,1
3650,90.75,0.35,7.3,0.4,0.25,0.95
3651,71.45,19.55,4.85,1.2,0.55,2.4
3652,95.3,0.15,3.25,0.65,0.05,0.6
3653,94.55,2.25,1.05,0.15,0.55,1.45
3654,66.7,23.55,6.1,0.7,0.6,2.3
3655,65.7,9.05,23,0.55,0.4,1.25
3656,92.55,1.1,3.85,0.95,0.4,1.2
3657,92.35,5.45,0.65,0.35,0.1,1.1
3658,16.5,63.4,13.65,3.95,0.2,2.25
3659,95.65,1,1.1,1.1,0.45,0.7
3660,78.7,18.25,1.45,0.25,0.2,1.15
3661,66.25,29.7,1.3,0.25,1,1.5
3662,92.3,1.75,2.7,0.4,0.5,2.35
3663,78.7,11.6,6.75,0.65,0.8,1.6
3664,87.55,6.5,3.1,0.95,0.15,1.75
3665,78.7,13,4.15,2.3,0.55,1.35
3666,96.85,0.6,0.9,0.35,0.2,1.2
3667,86.75,5.05,6.2,0.45,0.1,1.4
3668,70.35,24.3,2.35,0.9,0.3,1.75
3669,92.7,2.1,2.9,0.6,0.3,1.55
3670,88.75,0.65,3.95,1.15,2.1,3.4
3671,55.8,41.65,1.8,0.2,0.1,0.4
3672,73.3,17.25,5.25,1.15,0.95,2.1
3673,16.75,17.6,63.2,1.45,0.1,0.95
3674,51.35,8.15,32.95,5.45,0.25,1.9
3675,66.3,30.25,1.8,0.3,0.1,1.25
3676,91.45,6.25,0.8,0.35,0.2,0.95
3677,95.85,0.55,2.2,0.4,0.2,0.75
3678,45.4,1.55,33.45,16.85,0.25,2.6
3679,79.7,10.9,4.2,2.05,0.55,2.6
3680,96.05,0.55,1.6,0.45,0.3,1.1
3681,52.5,45.8,0.6,0.25,0.1,0.75
3682,23.8,71.9,2.75,0.6,0.35,0.6
3683,11.85,30.35,52.35,3.35,0.2,1.85
3684,91.25,5.6,1.2,0.5,0.15,1.25
3685,66.35,0.4,29.55,0.25,1.25,2.3
3686,75.3,20.9,2.3,0.1,0.3,1.2
3687,91.35,0.6,6.65,0.55,0.2,0.8
3688,85.15,0.5,10,1.35,0.5,2.6
3689,96.3,0.8,1.35,0.4,0.25,1
3690,63.65,33.2,1.5,0.3,0.35,1
3691,76.5,12.6,3.3,5.5,0.2,1.85
3692,92.9,3.85,1.75,0.15,0.25,1.1
3693,62.4,32.9,2.75,0.7,0.25,1
3694,90.25,4.3,2.5,0.85,0.25,1.9
3695,95.3,0.8,2.65,0.15,0.2,0.9
3696,74.85,20.65,2.25,0.55,0.35,1.35
3697,91,0.35,3.6,0.95,0.8,3.25
3698,84.4,7.85,6.15,0.25,0.3,1.1
3699,69.3,0.6,24.7,1.05,2.1,2.25
3700,20.15,2.5,8,42.7,0.2,26.45
3701,93.7,2.5,2.4,0.55,0.05,0.8
3702,56.35,38.3,4,0.3,0.1,0.85
3703,40.4,55.5,2.8,0.3,0.25,0.7
3704,55.35,41.4,1.55,0.3,0.2,1.2
3705,96.7,0.35,1.8,0.35,0.2,0.65
3706,92,5.1,1.2,0.15,0.55,1
3707,93.8,1.7,2.3,0.7,0.2,1.3
3708,91.85,3.35,2.25,0.85,0.15,1.6
3709,95.65,0.55,1.15,0.75,0.4,1.4
3710,79.7,12.75,4.8,0.9,0.55,1.3
3711,97.9,0.2,0.9,0.05,0.2,0.75
3712,84.75,7,3.05,1.25,0.15,3.8
3713,92.15,2.05,3.15,1,0.15,1.45
3714,96.25,0.15,0.9,0.1,0.85,1.7
3715,90.8,0.7,5.25,0.55,1.45,1.2
3716,66.3,7.75,17.4,6,0.4,2.15
3717,85.65,8.45,3,0.6,0.2,2.1
3718,95.05,0.7,1.05,1,1,1.25
3719,83.65,11.1,1.6,1.45,0.15,2.05
3720,85.5,10.05,2.1,0.3,0.4,1.7
3721,85.9,0.2,12.2,0.65,0.2,0.95
3722,85.65,4.65,6.85,1,0.2,1.6
3723,93,1.1,3.5,0.8,0.25,1.35
3724,66.25,31.25,1.15,0.1,0.35,0.8
3725,96.95,1,0.6,0.1,0.35,0.95
3726,95.25,1.4,1.3,0.85,0.15,1.05
3727,90.65,0.4,3.9,1,1.15,2.95
3728,92.25,1.85,2,0.95,0.45,2.5
3729,84.2,1.15,12.55,0.2,0.4,1.5
3730,82.35,4.05,9.8,2.2,0.1,1.5
3731,55,41.75,1.75,0.7,0.25,0.6
3732,91.25,1,5.3,0.4,0.7,1.35
3733,96.3,0.25,1.55,0.2,0.45,1.3
3734,89.65,5.9,1.5,1,0.15,1.8
3735,74.75,1.4,21.4,1.05,0.4,1
3736,95.55,0.75,1.65,0.15,0.4,1.55
3737,87.6,8.65,2.2,0.3,0.1,1.1
3738,96.2,0.95,1.55,0.45,0.15,0.6
3739,89.9,6.55,1.35,0.5,0.15,1.65
3740,94,0.2,2,0.55,1.3,2
3741,73.9,20.4,2.05,0.15,1.7,1.75
3742,83.1,11.5,2.15,0.65,0.25,2.45
3743,90.95,3.85,2.1,1.1,0.35,1.75
3744,78.75,8.3,5.05,3.45,0.35,4.1
3745,83.8,2.75,7.6,1.45,1.9,2.5
3746,93.5,4.1,0.65,0.3,0.1,1.3
3747,89.25,0.35,5.9,0.75,1.2,2.55
3748,19.9,0.25,5.9,0.35,72.2,1.45
3749,72.2,1.9,19.8,3,0.55,2.55
3750,80.8,13.35,3.15,0.6,0.65,1.5
3751,59.95,15.25,15.7,6.9,0.15,2.05
3752,93.7,1.9,1.3,1.05,0.15,1.85
3753,77.3,13.1,5.9,0.55,1.1,2.1
3754,73.95,16.75,7.25,0.8,0.4,0.95
3755,68.5,29.6,1,0,0.5,0.35
3756,82.75,9,5.8,0.45,0.65,1.4
3757,53.65,42.95,1.6,0.7,0.2,0.9
3758,94.3,0.25,2.15,0.25,0.95,2.1
3759,96.2,1,1,0.9,0.1,0.85
3760,90.25,5.9,1.4,0.9,0.2,1.35
3761,73.4,6.85,14.85,3.35,0.15,1.35
3762,76.45,19,2.4,1.05,0.15,0.95
3763,59.6,38.4,0.8,0.2,0.1,0.95
3764,92.3,0.75,3.7,0.65,0.55,2
3765,92.95,3.3,1.7,0.3,0.15,1.55
3766,82.8,4.2,9.85,0.35,0.7,2.05
3767,63.3,17.85,16.2,1,0.35,1.3
3768,96.55,0.3,1.15,0.5,0.5,1
3769,92.3,0.25,3.55,0.55,1.7,1.65
3770,83.25,6,5.75,3.55,0.1,1.35
3771,82.9,1.75,7.1,3.9,0.6,3.8
3772,80.95,12.95,2.7,0.75,0.75,2
3773,91.45,2.4,3,1.3,0.2,1.65
3774,29.85,61.1,4.75,2.85,0.15,1.3
3775,95,0.3,3.3,0.75,0.2,0.45
3776,94.25,0.2,0.95,0.4,2.4,1.75
3777,87.8,0.75,4.9,0.75,3.6,2.2
3778,97.2,0.35,1.1,0.3,0.2,0.85
3779,89.25,1.7,6.05,1.8,0.1,1.05
3780,95.45,0.8,1.7,0.75,0.3,1
3781,77.6,9.2,6.35,2.95,0.55,3.35
3782,91.4,0.35,5.8,0.25,0.7,1.5
3783,42.7,1.75,53.45,0.8,0.3,1.05
3784,77.3,7.2,9.05,4.95,0.1,1.45
3785,90.8,4.45,1.5,0.55,0.3,2.35
3786,84.85,4.9,8.15,0.25,0.55,1.35
3787,49.05,0.5,46.9,0.45,1.65,1.45
3788,23.3,74.05,1.55,0.1,0.65,0.4
3789,52.85,45.4,0.6,0.35,0.05,0.75
3790,93.55,0.75,3.95,0.3,0.45,1
3791,84.95,11.45,2.45,0.25,0.15,0.75
3792,86.2,7.7,2.9,0.75,0.3,2.15
3793,94.55,0.7,2.35,0.45,0.55,1.55
3794,85.25,11.25,1.65,0.35,0.2,1.35
3795,75.1,4.85,15.6,2.65,0.05,1.7
3796,83.6,6.65,5.2,2.05,0.2,2.3
3797,94.7,1.5,1.25,1.25,0.25,1.05
3798,88.3,1.55,8.45,0.3,0.25,1.2
3799,80.25,0.5,12.4,0.85,2.35,3.6
3800,78,14.1,4.65,1.35,0.35,1.55
3801,46.05,45.15,4.35,2.2,0.25,1.95
3802,66.75,26.55,4.4,0.9,0.25,1.1
3803,96.45,0.85,1,0.6,0.2,0.9
3804,49.55,0.8,42.9,1,3.75,1.95
3805,42.45,51.05,4.55,0.45,0.35,1.1
3806,92.55,5,0.85,0.3,0.3,1.05
3807,95,0.3,2.6,0.15,0.45,1.5
3808,92.45,1.45,4.45,0.35,0.15,1.2
3809,69.8,0.6,21.15,1.55,4.25,2.65
3810,57.75,26,10.75,3.75,0.4,1.35
3811,96.1,0.55,1.55,0.25,0.15,1.45
3812,94.1,1.4,3,0.55,0.15,0.8
3813,73.1,14.75,7,2.25,0.3,2.7
3814,79.5,0.3,1.65,0.3,15.75,2.5
3815,91.1,1.15,5.45,0.6,0.35,1.35
3816,80.05,12.9,4.3,1,0.1,1.7
3817,92.25,2.3,1.8,1.85,0.25,1.55
3818,88.35,0.35,9.35,0.25,0.9,0.75
3819,78.9,2.3,12.6,2.45,1.6,2.15
3820,95.05,2.25,0.8,0.7,0.1,1.15
3821,83.65,13.15,1.95,0.05,0.25,0.95
3822,48.4,44.4,3.25,2.6,0.15,1.15
3823,84.95,3.6,6.6,1.95,0.25,2.7
3824,96,1.5,0.85,0.5,0.05,1
3825,78.05,10.75,8.45,0.5,0.3,1.9
3826,65.1,1.05,29.65,1.35,0.75,2.1
3827,98.7,0.1,0.5,0.15,0.1,0.5
3828,87.15,1.7,6.3,0.95,1.35,2.5
3829,95,2,1.55,0.35,0.2,1
3830,82.3,0.75,13.5,0.65,0.45,2.3
3831,42.4,2.65,46.75,2.2,4.1,1.95
3832,98.45,0.05,0.6,0.2,0.05,0.55
3833,95.9,0.9,0.75,0.15,0.75,1.6
3834,76.55,12.7,7.6,0.95,0.4,1.75
3835,75.85,8.5,12.55,0.85,0.6,1.65
3836,44,2.85,24.25,24.1,0.2,4.7
3837,60.25,36.95,1.8,0.15,0.15,0.75
3838,91,1.95,4.25,1.4,0.15,1.25
3839,84.05,0.2,9.95,0.6,2.55,2.6
3840,61.1,0.35,36.45,0.3,0.35,1.35
3841,92.25,1.05,3.35,0.3,0.6,2.5
3842,64.05,14.8,19.3,0.45,0.35,1.05
3843,48.05,49.35,1.65,0.25,0.1,0.6
3844,96.1,1.2,1.15,0.1,0.45,0.95
3845,39.8,58,0.5,1.2,0.15,0.4
3846,67.45,0.35,28,1.5,0.65,2.05
3847,71.05,22,4.55,1.1,0.5,0.8
3848,72.2,0.25,24.4,0.75,0.75,1.65
3849,89.8,0.7,2.75,1.3,2,3.35
3850,96.6,0.65,1.35,0.4,0.2,0.75
3851,51.5,9.7,32.8,3.15,0.65,2.2
3852,68.3,0.65,27.9,1.15,0.5,1.5
3853,95.95,0.55,1.4,0.6,0.1,1.35
3854,85.95,3,7.9,1.75,0.1,1.3
3855,62.45,28.95,4.55,2.4,0.15,1.5
3856,71.3,24.6,1.7,0.95,0.25,1.2
3857,86.2,0.6,7.2,2.55,0.75,2.75
3858,77.6,17.9,1.8,0.45,0.3,1.95
3859,90.05,2.8,5.35,0.9,0.1,0.9
3860,93,1.5,2,1.5,0.3,1.7
3861,56.65,34.25,5,1.85,0.3,1.9
3862,65.95,7.8,23.4,0.85,0.7,1.3
3863,97.15,1.1,0.7,0.3,0.05,0.7
3864,74.45,20.25,3.35,0.6,0.2,1.2
3865,61.6,29.35,3.7,2.55,0.35,2.4
3866,61.7,31.7,2.65,2.35,0.25,1.4
3867,92.4,3.55,1.75,0.75,0.3,1.3
3868,95.1,0.7,1.7,1.1,0.3,1.1
3869,97.4,0.5,0.8,0.4,0.05,0.85
3870,95.9,0.1,1.45,0.4,0.8,1.4
3871,90.8,2.2,4.4,0.9,0.4,1.35
3872,91.55,5.4,1,0.6,0.1,1.3
3873,85.65,3.1,9.25,0.3,0.7,1
3874,92.75,3,0.6,0.05,0.15,3.4
3875,95.9,0.9,2,0.15,0.15,1
3876,78,13.75,5.35,1.05,0.4,1.45
3877,79.95,13.55,4.75,0.25,0.2,1.35
3878,87.6,0.8,9.55,0.85,0.2,1
3879,93.65,0.4,2.2,0.6,0.75,2.4
3880,93.1,3.3,2.3,0.3,0.25,0.75
3881,88.4,5.65,2.85,1.05,0.2,1.85
3882,34.75,18.25,39.6,5.85,0.2,1.25
3883,94.35,0.4,1.25,2.4,0.35,1.2
3884,85,0.8,7.4,3.45,0.4,2.9
3885,45.9,50.8,2.2,0.4,0.15,0.6
3886,80.6,3.45,4,8.85,0.2,2.85
3887,84.75,1.5,11.35,0.5,0.55,1.3
3888,78.4,3.95,15.05,1.25,0.1,1.25
3889,66.05,22.3,9.85,0.55,0.25,1
3890,67.05,26.15,3.95,0.5,0.6,1.7
3891,79.15,11.05,4.45,2.1,0.45,2.85
3892,94.65,4.1,0.55,0.2,0.1,0.4
3893,95.6,0.45,1.9,0.4,0.5,1.15
3894,92.6,1.15,2.3,1.35,0.95,1.7
3895,33.1,0.5,9.9,27.25,0.15,29
3896,94.2,2.55,2.6,0.05,0.1,0.55
3897,80.15,1.3,10,1.35,2.9,4.3
3898,84.15,10.45,2.15,1.25,0.35,1.75
3899,61,37.15,1,0.1,0.15,0.65
3900,87.2,0.6,8.9,0.55,1.15,1.6
3901,95.2,1.25,1,0.05,0.5,2
3902,96.25,0.3,2.05,0.35,0.15,0.85
3903,57.7,9.95,31.2,0.25,0.15,0.75
3904,73.65,6.3,18.1,0.3,0.45,1.15
3905,96.9,0.35,1.05,0.5,0.25,1.05
3906,16.85,81.9,0.4,0.2,0.2,0.55
3907,51.45,9.05,17.75,19.8,0.1,1.85
3908,82.95,8.85,4.25,2.2,0.15,1.6
3909,86.05,8.55,2.55,0.75,0.1,2
3910,66.1,30.95,1.6,0.2,0.3,0.9
3911,92.8,0.6,2.8,2.4,0.45,0.9
3912,93.1,3.05,1.25,0.7,0.2,1.7
3913,56.45,19.35,13.95,8.35,0.15,1.75
3914,70.45,26,2.05,0.15,0.4,0.9
3915,77.75,18.85,1.85,0.15,0.25,1.1
3916,76,2.95,11,8.6,0.1,1.4
3917,43.25,6.1,14.65,32.1,0.25,3.6
3918,45.75,24.75,24.1,3.1,0.2,2.1
3919,90.4,0.8,6.5,1.05,0.2,1
3920,96.25,0.4,1.05,0.45,0.95,0.95
3921,34.55,61.7,1.65,0.65,0.55,0.85
3922,91.65,2.15,4.25,0.55,0.15,1.2
3923,48.9,13.15,24.95,10.65,0.1,2.2
3924,83.25,0.3,13.55,0.55,0.75,1.6
3925,97.55,0.4,0.75,0.45,0.2,0.65
3926,30.4,1.55,65.25,0.95,0.8,1.05
3927,94.5,0.25,4,0.3,0.25,0.7
3928,61.85,16.8,5.35,12.8,0.2,3.05
3929,90.25,5.65,0.9,0.45,0.3,2.6
3930,98.2,0.3,0.5,0.15,0.1,0.7
3931,88.9,7.25,2.25,0.15,0.3,1.2
3932,89.2,5.85,3.35,0.15,0.1,1.35
3933,58.05,36.65,1.95,1.4,0.75,1.2
3934,65.1,30.1,2.5,1.15,0.25,0.9
3935,90,4.15,2.4,0.6,0.3,2.5
3936,75.85,2,14.6,1.95,1.6,4.05
3937,71.25,26.45,0.9,0.05,0.2,1.15
3938,37,1.25,57.1,0.45,2.85,1.45
3939,94.35,1.6,2.8,0.25,0.1,0.85
3940,92.35,0.6,1.85,0.35,0.4,4.4
3941,73.85,6.1,11.6,3.85,1.3,3.35
3942,87.75,6.3,4.2,0.5,0.3,0.9
3943,53.25,40.65,2.8,0.75,0.4,2.1
3944,40.4,54.55,3.95,0.25,0.25,0.65
3945,93,0.2,2.8,0.6,1.05,2.35
3946,80,16,1.8,0.4,0.5,1.35
3947,36.8,2.4,26.3,30.85,0.25,3.35
3948,89,4.75,3.25,0.9,0.3,1.75
3949,95.8,1.2,1.5,0.5,0.25,0.8
3950,62.8,17.3,10.65,3.25,0.95,5.05
3951,84.95,4.15,3.6,5.2,0.2,1.9
3952,66,28.55,4.75,0.05,0.1,0.6
3953,35.2,62.3,1.6,0.2,0.1,0.6
3954,54.95,12.05,31.3,0.35,0.15,1.2
3955,93.2,0.2,5.2,0.3,0.3,0.75
3956,97.25,0.55,0.95,0.35,0.1,0.85
3957,46.15,33.8,15.45,3.1,0.3,1.25
3958,74.6,8.35,13.9,1.6,0.15,1.45
3959,78.35,2.55,17.15,0.45,0.55,0.95
3960,56.5,8.95,14.8,16.7,0.2,2.85
3961,84.55,0.4,6.05,0.85,2.75,5.4
3962,92.45,2.4,2.8,0.5,0.35,1.55
3963,93.75,0.25,4.45,0.45,0.15,0.95
3964,59.8,34.6,3.2,0.9,0.15,1.35
3965,65.1,30.9,2.65,0.1,0.25,0.9
3966,87.85,5.1,2.95,0.65,0.8,2.65
3967,87.6,8.65,1.8,0.5,0.35,1.15
3968,93.1,1.4,2.2,1.65,0.15,1.45
3969,95.05,1.4,1.85,0.75,0.15,0.85
3970,97.4,1,0.9,0.1,0.1,0.55
3971,90.8,3.65,2.85,0.5,0.6,1.65
3972,73.3,0.5,24.7,0.8,0.2,0.45
3973,38.95,5.1,54.3,0.45,0.3,1
3974,86.35,9.65,1.05,0.5,0.1,2.25
3975,64.25,28.7,3.45,0.5,0.6,2.6
3976,94.25,0.85,2.1,1.35,0.1,1.3
3977,71.85,6.55,8.4,5.7,1.1,6.4
3978,94.9,0.45,1.8,0.2,0.85,1.85
3979,93.7,0.8,3.1,0.5,0.35,1.5
3980,81.85,0.5,9.9,0.9,3.25,3.6
3981,97.6,0.45,0.85,0.25,0.1,0.8
3982,87.85,0.05,1.15,0.1,8.95,1.9
3983,90.85,6.1,1.45,0.2,0.2,1.3
3984,78.25,13.85,4.6,0.5,0.7,2.05
3985,98,0.25,0.6,0.2,0.2,0.7
3986,67.65,7.1,18.15,3.45,0.4,3.3
3987,53.25,14.05,26,4.4,0.4,1.9
3988,58.8,22.65,16.15,0.95,0.35,1.1
3989,73.45,22.5,2.6,0.25,0.2,0.95
3990,86.75,2.7,8.45,0.3,0.2,1.6
3991,80.1,0.75,14.15,1.2,1.05,2.8
3992,67.6,22,4.6,2.9,0.4,2.5
3993,97.1,0.8,0.75,0.35,0.2,0.8
3994,96.95,0.6,1.15,0.3,0.15,0.9
3995,73.4,10.9,6.35,5.85,0.75,2.65
3996,88.8,6.55,1.4,0.2,0.25,2.75
3997,50.3,1.65,38.8,6.5,0.3,2.5
3998,78.55,8.45,10.4,1.15,0.2,1.2
3999,58.85,4.4,30.1,3.15,1.6,2
4000,95.4,1.45,1.45,0.2,0.15,1.35
4001,81.8,15.2,1.2,0.4,0.15,1.2
4002,41.25,55.1,1,0.6,0.2,1.75
4003,92.2,4.5,1.5,0.15,0.4,1.3
4004,83.5,1.45,12.05,0.25,1.05,1.6
4005,91.75,1.65,5,0.55,0.1,0.9
4006,95.1,1.5,1.25,0.55,0.15,1.5
4007,61.75,18.3,13.15,4.8,0.2,1.8
4008,91.3,2.85,3.3,1.2,0.1,1.2
4009,47.6,45.65,2.8,0.15,2,1.8
4010,55.25,21.1,15,5.6,0.2,2.85
4011,95.5,0.25,2.85,0.35,0.55,0.55
4012,95.8,1.25,0.7,0.4,0.05,1.85
4013,62.95,31.4,2.4,1.05,0.65,1.5
4014,94,0.95,2.35,0.65,1,1.1
4015,67.7,0.3,28.9,0.2,0.85,2.05
4016,60.25,36.65,1.65,0.35,0.2,1
4017,56.95,0.5,39.65,0.75,0.9,1.25
4018,48.25,6.9,42.15,1.9,0.15,0.7
4019,96.8,0.45,1.05,0.35,0.2,1.1
4020,71.95,0.4,5.6,0.55,19.35,2.1
4021,95.1,2.6,0.6,0.5,0.25,0.95
4022,66.45,31,0.95,0.15,0.2,1.3
4023,94.7,3.25,1.15,0.2,0.2,0.55
4024,92.4,2.85,2.25,0.8,0.3,1.45
4025,51.3,16.25,16.05,13.5,0.15,2.75
4026,80.65,14.25,2.75,0.95,0.2,1.2
4027,66.45,0.3,17.4,0.35,14.35,1.25
4028,65.35,0.2,30.75,0.65,0.9,2.15
4029,84.25,12.3,1.55,0.2,0.95,0.75
4030,74.25,10.95,6.7,4.7,0.35,3.05
4031,86,5.55,4.3,2.15,0.15,1.75
4032,86.65,3.2,3.1,4.7,0.35,2
4033,36.1,60.45,2.15,0.2,0.15,1.1
4034,66.8,19.6,10.9,1.05,0.15,1.5
4035,48.3,49.8,1.15,0.05,0.1,0.55
4036,32.45,64.7,1.75,0.5,0.1,0.45
4037,95.6,0.45,2.25,0.35,0.65,0.7
4038,58.4,7.1,31.25,1.7,0.35,1.2
4039,90.9,1.15,3.85,2.6,0.15,1.4
4040,97.05,0.6,0.75,0.5,0.15,0.95
4041,78.25,4.1,6.05,8.75,0.1,2.75
4042,91.2,1.5,2.25,0.35,2.85,1.75
4043,93.55,2.15,1.85,0.3,0.4,1.75
4044,96.75,1.2,0.5,0.4,0.15,1.1
4045,94.45,0.7,2.2,0.15,1.25,1.25
4046,95.4,0.95,1.5,0.6,0.25,1.3
4047,86.6,3.05,7.55,1.75,0.1,1
4048,93.6,2.65,2.85,0.1,0.25,0.55
4049,30.3,67.95,0.75,0.35,0.2,0.45
4050,85.3,9.4,1.95,0.15,1.1,2.1
4051,3.25,0.05,95.1,0.3,1.05,0.25
4052,85.5,1,8.35,2.5,0.55,2.1
4053,67.4,23.55,3.7,2.35,0.55,2.35
4054,89.8,4,2.55,2,0.15,1.55
4055,64.45,14.6,18.85,0.85,0.25,1.05
4056,90.75,5.5,1.2,0.45,0.3,1.7
4057,90.2,3.4,2.15,0.25,1.35,2.65
4058,52.8,41.2,3.5,1.4,0.2,1
4059,37.8,45.95,13.85,0.55,0.1,1.75
4060,92.2,2.65,1.8,0.7,0.6,2.05
4061,92.9,1.1,4.1,0.35,0.45,1.05
4062,77,9.05,9.4,2.2,0.3,2.1
4063,55.4,42.25,0.65,0.7,0.25,0.8
4064,88,6.35,3,0.75,0.5,1.45
4065,97.8,0.05,0.9,0.2,0.3,0.75
4066,92.85,0.7,3.7,0.25,0.55,2.05
4067,90.05,3.2,3.75,0.65,0.6,1.7
4068,86.5,1.1,7.85,1.65,0.45,2.4
4069,94.55,2.3,1.8,0.3,0.1,0.95
4070,95.2,0.6,1.05,0.5,1.45,1.25
4071,96.2,0.85,1.55,0.3,0.15,0.95
4072,93.05,2.45,2.5,0.6,0.5,0.8
4073,89.75,3.15,2,3.45,0.1,1.5
4074,95.15,0.45,1.5,0.15,0.75,2.05
4075,84.75,8.75,2.9,1.8,0.2,1.6
4076,37.65,57.35,3.35,0.25,0.35,1.05
4077,87.05,2.15,4.55,4.1,0.15,2
4078,75.35,3.85,18.9,0.3,0.45,1.1
4079,68.75,28.6,1.3,0.1,0.1,1.15
4080,71.8,24.35,2,0.5,0.1,1.25
4081,44.55,24.85,23.25,5.85,0.1,1.4
4082,70.45,21.7,4.05,2.05,0.3,1.5
4083,95.45,0.7,1.9,0.3,0.55,1.15
4084,80.5,0.45,11.4,0.6,5.1,1.9
4085,85.65,6.85,3.35,2.2,0.2,1.8
4086,80.5,14.05,1.4,2.05,0.2,1.8
4087,87.15,8.25,3.35,0.05,0.1,1.1
4088,91.6,1.55,3.35,0.65,0.8,2
4089,83.65,1.1,7.3,1.25,3.2,3.55
4090,29.35,17.9,26.9,22.05,0.3,3.5
4091,65.95,29.3,2.85,0.55,0.25,1.1
4092,90.5,1.8,5.75,0.55,0.15,1.25
4093,88.75,1.05,7.95,0.8,0.2,1.3
4094,79.75,0.8,13.15,3.9,0.35,2.1
4095,71.35,2.65,19.9,4.9,0.2,1
4096,60.95,10.5,22.15,4.75,0.2,1.4
4097,76.2,0.5,14.6,6.2,0.45,1.95
4098,52.65,42.95,2.5,0.25,0.15,1.5
4099,55.9,41.95,1.3,0.1,0.1,0.65
4100,85.85,9.75,1.55,0.6,0.4,1.85
4101,51.3,37.65,10.2,0.15,0.1,0.65
4102,96.2,0.8,1.1,0.55,0.2,1.15
4103,96.8,0.2,1.5,0.4,0.2,0.9
4104,92.55,1.4,2.35,0.4,2.1,1.15
4105,74.95,0.6,1.6,0.75,19.05,3.1
4106,93.2,0.85,1.65,2.55,0.35,1.35
4107,86,8.65,2.3,0.6,0.25,2.25
4108,43.1,9.05,43.05,2.7,0.2,1.9
4109,40.55,53.6,2.75,1.75,0.2,1.1
4110,77.45,2.6,15.35,3.05,0.1,1.4
4111,84.05,0.95,6.2,5,0.8,2.95
4112,55.25,43.35,0.55,0.1,0.05,0.65
4113,53.25,0.15,43.6,0.6,0.95,1.45
4114,94.1,2.05,2.35,0.35,0.2,1
4115,49.95,40.4,5.05,2.5,0.25,1.8
4116,85.35,9.25,2.45,0.85,0.45,1.65
4117,94.8,0.5,3.4,0.45,0.25,0.5
4118,46.95,47.3,4.3,0.15,0.4,0.9
4119,40.35,53.6,4.5,0.3,0.1,1.1
4120,92.3,3.9,2,0.55,0.1,1.1
4121,89.65,0.65,8.05,0.7,0.15,0.75
4122,69.2,7.7,19.7,1.8,0.15,1.45
4123,41.55,51.85,2.8,1,0.4,2.45
4124,43.95,0.7,50.45,1.1,2.45,1.35
4125,86.7,9.2,2.4,0.45,0.15,1
4126,82.45,0.55,13.1,0.75,1.45,1.75
4127,93.85,2.1,1.2,1.15,0.15,1.6
4128,77.8,9.9,7.4,2.9,0.2,1.7
4129,66.2,0.1,31.05,0.3,0.65,1.65
4130,60.85,5.35,29.2,3.2,0.1,1.25
4131,86.8,5.15,3.3,2.1,0.2,2.4
4132,72.5,15.55,8.1,1.35,0.25,2.3
4133,95.35,0.8,1.85,0.65,0.35,1.05
4134,89.25,4.25,4.1,0.75,0.3,1.35
4135,92.95,0.55,3.8,0.4,0.85,1.5
4136,85.8,10.5,1.85,0.2,0.4,1.2
4137,84.25,12.45,1.2,0.4,0.55,1.15
4138,95.65,2.35,1.05,0.3,0.05,0.55
4139,93.85,2.65,0.95,0.4,0.4,1.85
4140,79.15,0.05,18.65,0.8,0.2,1.2
4141,82.5,0.8,7.9,1.3,3.95,3.45
4142,88.8,0.25,2.7,0.95,4.65,2.6
4143,69.2,17,12.4,0.2,0.3,0.95
4144,96.55,0.45,1.3,0.45,0.15,1.2
4145,73,6.05,1.65,0.7,13.85,4.7
4146,96.15,2.55,0.2,0.25,0.3,0.6
4147,67.1,11,14.3,6.15,0.2,1.25
4148,82.25,8.15,5.85,1.45,0.3,2
4149,49.9,46.55,1.65,0.85,0.2,0.8
4150,95.55,0.25,2.65,0.15,1,0.45
4151,61.1,36.85,1,0.3,0.2,0.6
4152,59.95,14.5,22.55,1.35,0.3,1.3
4153,88.1,8.3,1.15,0.5,0.3,1.7
4154,84.2,0.95,11,2.55,0.1,1.1
4155,94.75,2.9,0.45,0.7,0.15,1.05
4156,85.75,9.4,1.85,1.25,0.25,1.45
4157,91.25,3,3.4,0.55,0.85,1
4158,67.65,12.1,14.45,3.85,0.1,1.8
4159,92.55,4.55,0.9,0.75,0.15,1.15
4160,66.7,25.3,3.8,1.45,0.55,2.15
4161,80.35,12.5,4.9,0.5,0.25,1.5
4162,93.15,1.1,3.95,0.35,0.3,1.15
4163,90.5,0.35,6.55,0.6,0.2,1.8
4164,72.3,18.15,5.8,1.4,0.2,2.15
4165,78,17.95,2.1,0.15,0.55,1.25
4166,34.8,8.45,47.9,5.85,0.45,2.5
4167,64.7,24.95,3.6,4.55,0.25,1.95
4168,95.3,1.1,1.55,0.2,0.35,1.55
4169,18.7,79.95,0.8,0.15,0.1,0.35
4170,79.6,5.65,10.55,0.85,1.3,2
4171,72.85,0.65,20.95,1.15,1.7,2.7
4172,94,2.15,1.5,1.3,0.15,0.85
4173,87.7,9,2.25,0.2,0.2,0.75
4174,95.45,0.3,1.65,0.45,0.6,1.6
4175,82.25,2.15,10.3,0.95,1.4,2.95
4176,82.65,0.1,14.3,0.65,1,1.3
4177,89.8,3.65,3.65,0.5,0.2,2.15
4178,94.7,1.45,1.05,0.6,0.2,2
4179,91.05,0.8,3.15,1.9,0.45,2.65
4180,40,51.2,5.05,2.25,0.15,1.35
4181,97.95,0.1,0.45,0.2,0.25,1
4182,95.5,0,1.05,0.15,1.4,1.9
4183,72.95,4.3,19.1,1.95,0.3,1.45
4184,96.25,0.3,1.25,0.35,1.05,0.8
4185,82.6,11.65,3.35,0.25,0.55,1.6
4186,86.25,4.65,4.9,1.25,0.4,2.55
4187,95.05,0.5,3.4,0.1,0.45,0.5
4188,70.6,21.95,5.65,0.45,0.05,1.3
4189,43.05,47.6,4.2,2.15,0.35,2.7
4190,97.2,0.2,1.45,0.1,0.1,0.95
4191,96.45,0.7,1.55,0.3,0.15,0.8
4192,55.55,11.05,26.75,4.9,0.3,1.5
4193,96.55,0.4,1.1,0.5,0.3,1.15
4194,77.05,8.3,10.95,1.7,0.2,1.85
4195,96.5,1.1,1.05,0.65,0.2,0.55
4196,72.9,1.5,23.35,0.7,0.4,1.1
4197,95.35,1.8,1.4,0.2,0.15,1.05
4198,88.45,6.85,1.85,1.2,0.15,1.45
4199,93,0.3,5.05,0.5,0.35,0.8
4200,82.8,3.8,4.5,3.65,2.3,2.95
4201,71.5,8.85,16.8,1.35,0.35,1.2
4202,96,0.15,1.1,0.4,0.35,1.95
4203,95.5,0.35,2.25,0.4,0.25,1.15
4204,68,6.55,21.45,1.5,0.45,2
4205,45.25,1.1,50.35,0.65,0.65,2.05
4206,90.55,0.75,5.5,0.6,0.65,1.9
4207,94.65,0.8,2.3,1.05,0.25,1
4208,94.55,2.15,1.6,0.2,0.3,1.15
4209,93.85,2.6,1.15,0.55,0.35,1.45
4210,93.5,3.3,1.05,0.55,0.1,1.45
4211,93.35,3.1,2.05,0.25,0.3,1
4212,78.5,0.3,18.55,0.55,0.4,1.75
4213,97.5,1,0.6,0.3,0.1,0.55
4214,96.1,0.15,1.55,0.4,0.5,1.25
4215,54.85,2.85,36.4,3.35,0.55,2
4216,95.95,1.35,1.15,0.45,0.15,0.95
4217,78.75,13.2,3.75,2.1,0.2,2
4218,76.25,2.25,8,8.35,1.15,4.05
4219,92,5.3,1.45,0.4,0.05,0.85
4220,72.8,5.85,14.25,2.75,0.6,3.9
4221,78.65,12.3,5.3,0.75,0.55,2.55
4222,83.5,13.15,1.5,0.4,0.2,1.25
4223,90.3,5.95,2.45,0.2,0.25,0.85
4224,93.2,0.55,2.85,2.1,0.4,0.95
4225,69.55,9.8,6.75,10.6,0.6,2.7
4226,95.2,0.5,1.65,0.45,0.8,1.4
4227,67.3,22.05,4.15,2.7,0.65,3.15
4228,92.5,3.3,1.3,0.55,0.25,2.15
4229,96.55,1,0.75,0.65,0.1,0.9
4230,95.7,0.75,1.7,0.35,0.2,1.25
4231,61.55,17.15,14.85,1.65,0.6,4.2
4232,92.55,2,2.95,0.35,0.55,1.55
4233,88.7,6.95,1.95,0.5,0.15,1.8
4234,94.95,1.5,1.4,0.45,0.4,1.3
4235,84.15,0.35,1.9,0.5,10.6,2.55
4236,89.45,1.15,6.2,1.95,0.05,1.15
4237,93.7,0.55,3.4,0.45,1.05,0.75
4238,95.1,2.25,0.95,0.3,0.05,1.35
4239,95.9,0.5,1.4,1.1,0.15,0.85
4240,65.55,9.45,16.2,7.35,0.1,1.35
4241,68.7,10.75,14.8,4.1,0.05,1.5
4242,89.5,2.25,3.9,1.05,0.75,2.5
4243,76.65,8.35,9.9,1.25,1.05,2.8
4244,86.95,4.6,4.3,2.6,0.15,1.45
4245,95.25,0.5,1.55,0.75,0.45,1.45
4246,61.8,3.9,30.05,0.6,1.85,1.85
4247,73.05,16.15,8.65,0.6,0.4,1.15
4248,83,3.7,10.9,0.65,0.25,1.55
4249,86.15,1.6,9.3,1.5,0.2,1.25
4250,96.2,0.55,1.3,0.3,0.5,1.1
4251,87.95,10.75,0.45,0.05,0.15,0.7
4252,88.6,3.5,1.95,3.85,0.1,1.9
4253,66.7,5.85,8.2,13.75,0.65,4.75
4254,60.85,36.2,1.25,0.3,0.45,1
4255,81.85,5.05,3,8.15,0.1,1.85
4256,92.55,1.05,2.2,1.75,0.8,1.65
4257,63.65,34.85,0.55,0.35,0.2,0.45
4258,82.05,3.35,8.75,3.8,0.15,1.85
4259,94.7,2.3,1.1,0.25,0.25,1.4
4260,56.25,2,38.6,0.65,0.95,1.55
4261,91.35,5.35,0.95,0.45,0.15,1.7
4262,79.05,2.1,15.5,1.4,0.5,1.5
4263,61.25,0.95,30.5,3.9,0.35,3.05
4264,48.6,1.55,45.4,2.95,0.4,1.1
4265,77,14.9,4.2,1.5,0.4,2
4266,86.7,0.5,10,0.55,0.7,1.55
4267,86.25,3.3,9.3,0.2,0.15,0.9
4268,73,20,3.75,1.65,0.2,1.35
4269,58.85,38.7,0.8,0.3,0.25,1.1
4270,95.45,1.8,1.05,0.5,0.25,0.95
4271,90.3,2.7,2.8,1.45,0.45,2.25
4272,88.75,0.35,2.05,0.4,6.8,1.65
4273,54.85,34.45,8.85,0.4,0.45,1
4274,95.1,2.35,0.9,0.85,0.15,0.7
4275,89,0.4,4.2,0.85,2.65,2.95
4276,22.5,0.6,35,0.4,40.4,1.05
4277,90.4,4.35,2.85,0.8,0.35,1.25
4278,80.75,10.55,3.5,3.2,0.25,1.75
4279,95.8,1.1,2.15,0.3,0.15,0.6
4280,86.15,1.6,8.9,1,0.25,2.05
4281,51.95,45.95,0.65,0.1,0.95,0.4
4282,96.2,1.5,0.95,0.15,0.05,1.1
4283,92.75,0.85,1.55,3.1,0.5,1.25
4284,69.05,20.05,4.4,3.7,0.15,2.6
4285,52.95,40.9,3.2,0.6,0.25,2.1
4286,49.5,8.95,23.35,13.75,0.3,4.2
4287,90.45,0.35,5.25,0.8,1.05,2.1
4288,91.4,3.35,2.2,1.45,0.2,1.4
4289,66.3,31.6,1.5,0.15,0.1,0.35
4290,77.45,19.7,1.55,0.1,0.3,0.9
4291,96.8,0.15,1.5,0.35,0.1,1.05
4292,75.55,0.35,16.4,0.6,5.35,1.7
4293,94.3,1.95,1.65,0.25,0.25,1.55
4294,93.85,3.3,1.4,0.3,0.1,1.05
4295,97.95,0.15,0.5,0.35,0.05,1
4296,56.9,38.75,2.3,0.35,0.65,1.05
4297,95.2,0.5,1.8,0.9,0.35,1.3
4298,96.9,0.5,0.9,0.7,0.05,0.9
4299,97.3,0.25,0.9,0.45,0.4,0.7
4300,57.35,0.2,40.25,0.5,0.6,1.1
4301,97.9,0.5,0.5,0.05,0.2,0.85
4302,61.55,21.45,14.95,0.6,0.3,1.15
4303,82.85,12.5,2.45,0.45,0.5,1.2
4304,55.5,15.55,23.6,3.2,0.2,1.95
4305,87.25,9.45,1.1,0.2,0.1,1.95
4306,90.25,5.05,1.55,0.65,0.4,2.15
4307,89.95,5.6,3.15,0.3,0.2,0.8
4308,92.35,1.95,3.35,0.35,0.3,1.65
4309,95.35,0.45,1.95,0.2,0.6,1.45
4310,48.65,0.5,48.15,0.45,0.95,1.25
4311,89.05,4,4.6,0.6,0.15,1.5
4312,51.05,38.6,4,2.75,0.6,2.95
4313,91.5,0.3,5.15,0.5,0.7,1.85
4314,95.45,0.25,1.65,0.2,0.75,1.65
4315,58.55,3.65,35,0.95,0.45,1.45
4316,91.4,0.6,6.15,0.6,0.25,1.1
4317,90.7,1.5,5.8,0.7,0.1,1.15
4318,88.75,0.85,8.7,0.5,0.1,1.15
4319,55.75,0.7,38.7,0.6,2.65,1.6
4320,82.65,0.65,14.05,1.3,0.1,1.25
4321,25.3,72.15,1.55,0.4,0.1,0.45
4322,93.1,0.9,3.35,0.65,1.05,0.95
4323,76.05,1.45,13.45,4.05,1.2,3.8
4324,84.9,0.75,10.25,1.85,0.35,2
4325,42.45,14.15,23,14,0.5,5.9
4326,85,4.15,3.95,4.95,0.2,1.75
4327,74.35,13.85,6.4,3.15,0.2,2
4328,95.8,0.25,0.85,0.2,0.7,2.15
4329,54.4,36.5,6.6,0.8,0.1,1.6
4330,93.9,0.9,1.05,2.3,0.7,1.1
4331,80.35,14.55,2.8,0.1,0.35,1.95
4332,61.6,30.85,5.15,1.05,0.15,1.1
4333,11.05,0.7,13.7,0.7,72.25,1.65
4334,52.6,3.8,34.6,1.25,5.7,2
4335,34.3,2.9,53.75,5.9,0.3,2.8
4336,39.5,3.6,51.85,1.75,1.1,2.15
4337,51.7,2.35,29.4,12.1,0.6,3.9
4338,75.8,1.9,19.65,1.25,0.2,1.1
4339,95.8,0.5,1.85,0.1,0.55,1.25
4340,49.85,4.8,31.2,10.3,0.45,3.4
4341,92,0.3,2.9,0.7,2.4,1.7
4342,94.1,1.75,1.9,0.25,0.25,1.8
4343,88.85,0.65,7.5,1.8,0.4,0.8
4344,68.25,23.5,3.95,2.2,0.15,1.9
4345,94.3,2.2,1.05,0.35,0.2,1.9
4346,65.2,19.55,7.85,4.9,0.2,2.35
4347,96.1,0.25,1.55,0.4,0.45,1.3
4348,91.3,1.45,2.9,2.95,0.1,1.3
4349,94.05,3.05,1.05,0.2,0.2,1.35
4350,53.55,41.05,3.95,0.25,0.15,1
4351,93.9,2.25,1.55,0.75,0.1,1.4
4352,95.05,1.35,1.6,0.3,0.4,1.35
4353,98,0.2,0.9,0.2,0.15,0.6
4354,74.7,16.5,6.05,0.3,0.6,1.9
4355,63.65,5.25,15.3,14.15,0.1,1.55
4356,87,0.5,8.1,0.75,1.05,2.65
4357,72.25,22.5,1.3,2.2,0.5,1.3
4358,85.25,0.25,7.7,3.55,1.05,2.25
4359,87.1,3.9,6,1.25,0.2,1.55
4360,48.75,46.7,2.55,0.85,0.2,0.95
4361,96.55,0.3,1.05,0.5,0.15,1.5
4362,89.5,0.25,7.3,0.4,0.6,1.9
4363,95.85,2.45,0.3,0.5,0.5,0.4
4364,64.15,21.3,9.2,2.45,0.3,2.6
4365,75.65,9.15,9.65,3.4,0.15,2.1
4366,93.25,1.6,2.1,1.2,0.4,1.5
4367,86.75,1.5,9.25,0.55,0.8,1.1
4368,77.3,3,17,0.65,0.55,1.5
4369,73.65,20.45,2.1,1.6,0.15,2.05
4370,92.9,4.05,1,0.3,0.25,1.6
4371,93.4,3.9,1.05,0.55,0.2,0.9
4372,96.75,0.35,0.9,0.55,0.3,1.15
4373,87.55,6.5,3.5,1,0.25,1.25
4374,93.2,2.8,2.3,0.45,0.2,1.1
4375,91.55,1,5.65,0.4,0.2,1.25
4376,87.65,8.3,1.85,0.6,0.25,1.3
4377,83.3,3.15,8.75,2,0.45,2.3
4378,96.2,0.7,1.25,0.45,0.3,1.1
4379,89.1,0.1,8.15,0.2,0.55,1.85
4380,13.2,0.35,71.75,0.2,13.6,0.9
4381,90.1,6.4,1.2,0.7,0.3,1.35
4382,82,0.25,15.95,0.6,0.15,1.1
4383,86,7.05,4.35,0.8,0.15,1.6
4384,96.3,0.85,1.6,0.4,0.15,0.7
4385,93.1,0.8,3.85,0.8,0.3,1.1
4386,70.6,26.1,1.8,0.35,0.2,1
4387,59.75,1.2,35,0.4,0.75,2.9
4388,81.2,13.6,2.8,0.2,0.9,1.25
4389,48.85,47.45,2.5,0.2,0.2,0.85
4390,36.45,0.7,60.9,0.35,0.45,1.2
4391,91.15,2.9,3.8,0.9,0.15,1.15
4392,86.25,0.55,9.35,1.9,0.6,1.4
4393,37.6,60.1,1.4,0.3,0.2,0.45
4394,48.6,49.4,0.95,0.2,0.2,0.55
4395,36.05,59.15,0.45,0.6,2.95,0.9
4396,78.6,17.25,1.85,0.95,0.25,1.15
4397,71.55,15.8,5.9,4.15,0.1,2.45
4398,65.05,7.8,14.25,10.45,0.4,2
4399,98.2,0.45,0.45,0.2,0.1,0.65
4400,87.35,4.9,5.05,1.15,0.1,1.5
4401,97.45,0.65,0.7,0.1,0.15,0.9
4402,88.7,1.85,5.75,2.05,0.3,1.25
4403,83.15,4.7,5.35,4.45,0.25,2.15
4404,34.45,1.25,58.65,3.25,0.75,1.65
4405,43.5,48.55,3.2,2.5,0.2,2.05
4406,98.05,0.1,0.65,0.15,0.05,1
4407,86,6.65,2,2.6,0.25,2.5
4408,93.75,2.2,2.1,0.2,0.4,1.35
4409,31.15,6.8,58.1,2.15,0.25,1.55
4410,91.15,1.3,3.8,2.55,0.15,1
4411,95.9,0.95,0.9,0.5,0.15,1.6
4412,76.95,13.75,3.5,3.5,0.3,1.95
4413,90.7,6.05,1.35,0.15,0.25,1.5
4414,73.35,0.55,22.6,0.8,0.55,2.2
4415,92.85,3.5,0.7,0.35,0.2,2.45
4416,96.55,1.75,0.7,0.05,0.6,0.3
4417,78.3,14.1,3,0.5,1.3,2.8
4418,91.95,1.45,3,2.05,0.2,1.45
4419,95.85,0.5,1.4,0.45,0.15,1.6
4420,94.95,1.05,1.55,1.2,0.3,0.9
4421,95.2,0.65,1.65,0.75,0.2,1.6
4422,76.6,21.95,0.55,0.15,0.2,0.6
4423,90.85,5.95,1.1,0.35,0.1,1.6
4424,75.2,22.5,1.35,0.15,0.2,0.6
4425,56,29.2,12.9,0.2,0.35,1.35
4426,28.3,68.8,1.35,0.75,0.1,0.65
4427,95.5,1,1.25,1,0.25,1
4428,28.35,8.45,47.5,13.2,0.2,2.35
4429,65.8,10.15,19.3,0.45,3.8,0.45
4430,87.75,3.5,3.85,3.55,0.1,1.25
4431,69.45,24.75,3.9,0.55,0.3,1
4432,92.6,0.5,1.3,0.55,3.05,1.95
4433,38.3,42.05,11.65,5.9,0.2,1.9
4434,89.15,0.3,9.15,0.2,0.2,0.95
4435,64.95,9.4,17.6,4.7,0.45,2.85
4436,95.3,1.35,0.9,0.35,0.25,1.85
4437,80.8,7.95,8.05,0.9,0.25,2.15
4438,70.1,11.45,16.4,0.4,0.4,1.25
4439,96.85,0.25,1.25,0.25,0.15,1.25
4440,32.2,0.5,11.5,22.5,0.25,33
4441,91.75,3.15,2.85,0.45,0.2,1.65
4442,71.05,1.55,15.1,8.3,0.45,3.5
4443,63.8,32.2,2,0.5,0.4,1.1
4444,25.05,72.8,1,0.2,0.05,0.9
4445,92.45,0.1,4,0.25,1.65,1.55
4446,91.9,3.05,1.6,0.85,0.5,2.15
4447,42.6,4.05,51.15,0.7,0.35,1.15
4448,38,20.85,23.5,15.75,0.2,1.7
4449,50.65,46.8,1.1,0.2,0.15,1.15
4450,60.95,33.75,3.35,0.55,0.2,1.25
4451,40.85,56.05,1.4,0.4,0.7,0.65
4452,95.9,0.8,2.35,0.35,0.1,0.45
4453,89.3,0.25,5.05,0.5,2,2.95
4454,92.9,0.15,3.7,2.4,0.15,0.8
4455,52.8,1.2,43.2,0.6,0.55,1.6
4456,80.6,10.05,3.5,2.85,0.7,2.25
4457,82.15,5.45,7,3.25,0.2,1.95
4458,64.5,1.9,31.7,0.6,0.4,0.9
4459,96.7,0.3,1.15,0.3,0.45,1.1
4460,50.4,39,4.1,0.65,5.15,0.7
4461,23.15,74.55,1.3,0.25,0.15,0.55
4462,76.3,9,11.05,1.6,0.35,1.7
4463,91.6,2.8,2.45,0.7,0.35,2.15
4464,91.45,0.55,1.25,0.35,4.4,2
4465,68.4,0.3,28.9,1.15,0.25,1.1
4466,36.55,12.8,48.1,0.7,1.15,0.75
4467,56.85,39.75,1.45,0.25,0.3,1.4
4468,13.45,86.1,0.2,0,0.1,0.15
4469,96.2,0.2,1.1,1.1,0.35,1.2
4470,50.15,0.65,44.9,0.75,0.55,2.9
4471,96.9,0.2,1.05,0.2,0.1,1.5
4472,86.65,1.5,10.4,0.5,0.25,0.75
4473,82.7,1.85,4.35,7.35,0.6,3.15
4474,86.4,7.75,4.1,0.5,0.2,1.05
4475,70.75,20.5,5.45,1.9,0.15,1.3
4476,89.95,0.4,6.55,0.6,0.9,1.5
4477,85.6,4.45,7.35,1.3,0.2,1.2
4478,69.2,23.55,3.1,0.7,2.15,1.25
4479,39.4,50.65,5.55,1.95,0.25,2.25
4480,95.55,0.4,1.5,0.5,0.5,1.55
4481,92.25,2.3,2.4,0.5,0.95,1.6
4482,96.25,1.25,1.15,0.4,0.2,0.8
4483,95,2.3,1.25,0.35,0.05,1.05
4484,81.75,2.4,14.4,0.15,0.3,0.95
4485,64,8.1,15.9,8.9,0.2,2.8
4486,80.3,0.55,11.8,3.75,0.75,2.85
4487,88.95,1.3,7.5,0.7,0.15,1.45
4488,97.5,0.6,0.85,0.15,0.15,0.8
4489,81.45,6.25,10.2,0.4,0.5,1.2
4490,58.85,31.75,4.25,1.6,1.6,1.9
4491,96.6,1.05,0.85,0.3,0.1,1.1
4492,92.3,4.3,1.15,0.55,0.2,1.55
4493,87.45,7.5,2.45,0.8,0.25,1.5
4494,81.9,9.65,4.25,2.4,0.1,1.8
4495,94.9,1.95,1.2,0.25,0.1,1.5
4496,90.4,2.85,3.65,0.9,0.3,1.9
4497,97.8,0.3,0.65,0.4,0.2,0.65
4498,68.2,5.15,3.6,0.2,14.65,8.25
4499,84.5,0.5,2.2,0.5,10.65,1.65
4500,93.25,1.05,1.95,1.8,0.3,1.6
4501,86,4.5,3.7,0.4,1.45,3.95
4502,94.45,0.2,0.8,0.4,2.05,2.1
4503,96.55,0.55,1.1,0.55,0.15,1.1
4504,69.9,20.95,5.35,1.55,0.5,1.75
4505,62.2,35.05,1.5,0.4,0.15,0.75
4506,3.95,0.2,95.1,0.45,0.05,0.2
4507,95.85,1.9,1,0.4,0.2,0.65
4508,34.6,20.95,38,4.75,0.3,1.45
4509,42.7,0.65,18.4,0.4,36,1.85
4510,96.8,0.3,0.85,0.35,0.3,1.4
4511,43.05,0.95,10.25,0.45,43.2,2.1
4512,81.45,9.4,6.5,0.4,0.3,2.05
4513,48.5,13.85,36.35,0.4,0.15,0.8
4514,79.9,2.6,6.5,5.05,1.3,4.6
4515,89.15,5.1,3.25,0.8,0.25,1.4
4516,95.75,1.65,1.05,0.65,0.15,0.8
4517,88.3,6.65,1.2,1.1,0.15,2.6
4518,97.05,0.05,1.15,0.3,0.15,1.2
4519,92.1,2.95,3.2,0.1,0.25,1.4
4520,88.6,0.3,8,0.95,0.65,1.6
4521,96.5,0.25,1.65,0.4,0.25,0.9
4522,96.7,1,0.9,0.15,0.35,0.85
4523,95.35,0.25,1.1,0.15,0.75,2.45
4524,76.3,1.3,19.25,1.25,0.4,1.6
4525,18.3,1.35,79.15,0.55,0.15,0.55
4526,97.2,0.35,1.2,0.25,0.15,0.8
4527,91.2,0.2,6.15,0.15,0.55,1.75
4528,68.15,27.15,3.85,0.05,0.2,0.55
4529,95.4,1.2,1.7,0.55,0.2,1
4530,89.25,0.8,6.45,0.6,0.75,2.05
4531,58.8,3.9,31.95,1.8,0.8,2.8
4532,67.5,8.95,16.45,1,2.8,3.35
4533,87.85,5,4.45,0.35,0.35,2.05
4534,40.85,0.25,57.05,0.3,0.35,1.25
4535,67.9,30.25,0.85,0.2,0.2,0.55
4536,59.8,34.3,2.1,1.85,0.7,1.25
4537,80,0.8,14.25,1,1.65,2.3
4538,79.95,0.75,11.15,5.3,0.25,2.55
4539,61.05,28.35,8.7,0.4,0.2,1.3
4540,90.55,5.3,2.4,0.5,0.3,0.95
4541,77,18,3.05,0.25,0.45,1.25
4542,62.35,33.8,1.65,0.5,0.25,1.45
4543,66.1,31.65,1.05,0.05,0.15,0.9
4544,90.95,0.05,1.65,0.35,0.95,6
4545,58.3,36.25,1.45,2.6,0.1,1.35
4546,96.45,0.05,2.6,0.1,0.1,0.7
4547,94.3,0.65,2.05,1.7,0.1,1.2
4548,62.85,1.65,33.65,0.4,0.65,0.8
4549,65.9,9.7,22.55,0.3,0.35,1.25
4550,80.8,1.7,15.6,0.15,0.65,1.1
4551,92.8,0.3,2.35,0.75,1.85,2
4552,97.4,0.6,0.9,0.1,0.1,0.9
4553,84.4,13.85,0.6,0.1,0.55,0.55
4554,50.15,19.55,18.85,7.75,0.2,3.55
4555,55.7,5.95,35.2,1.25,0.35,1.5
4556,82.65,5.45,8,1.65,0.2,2
4557,63.95,27.9,5.35,0.35,0.2,2.25
4558,91.55,0.35,4.3,1.3,0.6,1.85
4559,96.75,0.75,1.25,0.45,0.2,0.55
4560,75.7,16.8,5.2,0.6,0.35,1.4
4561,91.4,3.35,2.6,0.95,0.25,1.4
4562,96.65,1.4,0.85,0.15,0.15,0.7
4563,97.25,1.2,0.7,0.15,0.05,0.6
4564,81,10.25,3.7,2.1,0.4,2.6
4565,91.35,4.6,1.35,0.4,0.25,2.1
4566,82.15,10,6.25,0.2,0.3,1.1
4567,87.15,0.4,8,1.2,0.75,2.45
4568,94.8,0.3,3.15,0.35,0.5,0.95
4569,86.8,8.9,1.75,0.4,0.3,1.85
4570,87.7,0.3,6.9,0.85,2.3,1.9
4571,85.35,0.8,4.85,1.5,4.5,3.05
4572,85.5,1.25,7.3,3.6,0.25,2.1
4573,87.9,7.5,2.35,0.3,0.3,1.65
4574,85.45,4.05,5.4,1.95,0.4,2.8
4575,29.25,63.2,3.45,2.05,0.25,1.8
4576,85.5,3.3,5.25,3.3,0.55,2.1
4577,79.2,9.55,4.6,4.55,0.15,2.05
4578,95.55,0.4,1.45,0.35,0.6,1.75
4579,94.95,2.05,1.25,0.35,0.15,1.3
4580,69.55,25.4,2.45,0.85,0.4,1.35
4581,90,2.75,4.3,1.4,0.3,1.35
4582,69.35,0.25,3.35,0.5,21.05,5.55
4583,81.9,1.15,14.9,0.85,0.15,1.1
4584,85.35,1.9,10.15,0.5,0.6,1.55
4585,58.55,1.9,38,0.25,0.2,1.15
4586,55.7,38.85,3.4,0.2,0.8,1.1
4587,73.15,12.2,3.7,7.7,0.25,3
4588,83.75,5.1,8.45,1.1,0.2,1.4
4589,95.6,0.5,1.35,1.05,0.25,1.35
4590,96.15,0.75,1.15,0.55,0.2,1.2
4591,96.55,0.25,1.3,0.05,0.55,1.3
4592,97.6,0.3,0.45,0.1,0.2,1.3
4593,93.85,1.05,2.05,0.65,0.85,1.6
4594,93.3,0.15,3.25,0.55,1.3,1.5
4595,62.5,31.2,4.4,0.3,0.5,1.05
4596,95.95,0.45,1.85,0.4,0.5,0.85
4597,64.9,7.25,11.25,13.45,0.15,3.05
4598,89.7,1.2,6.65,0.65,0.45,1.3
4599,67.4,31.25,0.45,0.35,0.05,0.45
4600,91.85,1.3,1.3,3.8,0.4,1.3
4601,80.4,10.75,7,0.65,0.4,0.9
4602,97.4,0.65,0.65,0.15,0.25,0.8
4603,66.9,20.65,10.15,0.45,0.6,1.2
4604,73.35,18.75,4.15,1.4,0.7,1.65
4605,97.2,0.2,0.75,0.45,0.25,1.05
4606,46.25,52.4,0.5,0.05,0.15,0.65
4607,67.35,10.5,13.4,7.15,0.1,1.5
4608,97.3,0.35,0.6,0.5,0.25,1.05
4609,97.05,0.25,1.7,0.25,0.05,0.75
4610,96.7,0.4,1,0.35,0.6,1
4611,60.7,20.8,1.75,0.4,14.85,1.5
4612,87,2.8,7.35,0.55,0.6,1.75
4613,92.4,1.2,1.45,0.65,2.7,1.6
4614,80.9,5.3,11.15,1.05,0.2,1.35
4615,85.05,0.3,7.55,1.1,3.15,2.75
4616,91.1,0.5,7.15,0.65,0.1,0.5
4617,38.3,2.95,53.95,2.95,0.6,1.2
4618,86.45,7.95,2.45,0.95,0.2,2.05
4619,96,0.4,2.3,0.3,0.1,0.85
4620,78.9,1.3,16.05,1.3,0.5,1.85
4621,96.15,0.45,1.05,0.6,0.45,1.35
4622,41.1,5.95,44.35,5.45,0.5,2.7
4623,96.8,0.45,1,0.55,0.15,1
4624,77.15,14.1,6.15,0.7,0.3,1.6
4625,55.25,41.6,1.4,0.15,0.4,1.15
4626,67.05,22.4,5.1,2,0.55,2.9
4627,88.85,7.5,1.65,0.45,0.2,1.35
4628,91.85,0.8,5.5,0.35,0.25,1.25
4629,97.25,0.85,0.6,0.15,0.2,1
4630,96.15,0.3,2.75,0.15,0.15,0.55
4631,66.95,21.15,6.35,3.2,0.3,2.05
4632,91.25,3.25,3.4,0.5,0.25,1.35
4633,96.9,0.8,0.85,0.35,0.15,1
4634,69.55,26.7,2.05,0.6,0.15,0.9
4635,96.6,0.85,0.65,0.2,0.2,1.5
4636,82.2,8.5,2.75,3.45,0.3,2.85
4637,79.05,13.35,3,0.8,2.5,1.35
4638,92.7,0.7,3.9,1.2,0.2,1.3
4639,91.3,4.95,1.65,0.55,0.1,1.35
4640,87.2,0.2,1.3,0.35,8.85,2.1
4641,77.45,14.05,3.25,2.3,0.3,2.65
4642,62.2,33.6,2.95,0.4,0.1,0.75
4643,96.05,1.95,0.85,0.1,0.15,0.9
4644,85.6,0.15,1.25,0.3,10.7,2
4645,57.35,37.85,2.3,1.85,0.05,0.6
4646,89.3,5.65,2.25,0.4,0.3,2.05
4647,90.8,3.95,2.1,1.8,0.2,1.15
4648,67.5,1.45,23.6,3.75,0.75,2.95
4649,93.9,0.95,3.6,0.6,0.25,0.75
4650,41.1,53.8,3.35,0.45,0.15,1.15
4651,86.95,6.2,3.5,0.75,0.15,2.35
4652,14.2,84.55,0.45,0.25,0.05,0.5
4653,83.3,0.2,6,0.45,7.25,2.7
4654,86.95,7,2.85,0.85,0.3,2
4655,96.15,0.45,1.75,0.55,0.15,0.95
4656,94.25,1.7,1.6,0.8,0.6,1.05
4657,97.25,0.5,0.95,0.55,0.25,0.55
4658,86.1,6.6,4.25,0.95,0.2,1.9
4659,94.25,2.6,1.4,0.2,0.4,1.2
4660,63.8,17.05,16.4,0.95,0.45,1.3
4661,82.95,0.95,7.25,3.55,2.5,2.8
4662,94.9,2.15,1.15,0.1,0.25,1.45
4663,15.2,3.1,78.25,1.6,1,0.85
4664,98.1,0.3,0.85,0.15,0.1,0.6
4665,90.45,2.5,3.3,2.05,0.2,1.5
4666,56.2,41.75,0.9,0.35,0.1,0.75
4667,29.1,69.6,0.65,0.15,0.1,0.4
4668,90.9,3.1,2.9,0.4,1.4,1.4
4669,71.3,25.1,2.25,0.5,0.15,0.75
4670,80.3,6,9.65,2.5,0.15,1.4
4671,74.65,19.9,2.85,0.75,0.45,1.4
4672,96.85,0.05,1.45,0.3,0.35,1.1
4673,95.1,1.6,1.55,0.25,0.3,1.15
4674,68.45,25.45,3.25,1.4,0.3,1.2
4675,96.1,0.35,1.35,0.3,0.4,1.5
4676,46.55,11.4,35.8,4.7,0.15,1.4
4677,96.9,0.65,0.85,0.4,0.15,1.05
4678,95,1.35,1.55,0.5,0.35,1.25
4679,81.55,9.05,4.75,1.35,0.65,2.65
4680,80.65,10.55,7.3,0.4,0.25,0.75
4681,90.8,1.4,6.25,0.3,0.2,1.1
4682,76.3,7.45,14.3,0.45,0.65,0.95
4683,59.55,36.6,2,0.8,0.35,0.75
4684,65.45,5.9,22,4.4,0.3,1.9
4685,55.65,40.8,0.75,0.3,1.15,1.35
4686,11.65,0.3,87.05,0.6,0.1,0.3
4687,93.4,1.85,3.55,0.2,0.5,0.45
4688,90.35,1.9,5.15,1.15,0.25,1.15
4689,91.4,4.7,1.05,1,0.15,1.75
4690,97.65,0.75,0.3,0.2,0.15,0.85
4691,73.1,22.3,2.8,0.1,0.1,1.65
4692,71.9,0.7,21.4,0.85,2.55,2.55
4693,66.1,30,1.65,0.2,1,1.05
4694,92.9,3.6,0.75,0.85,0.1,1.75
4695,81.4,0.5,11.65,1.75,1.75,2.95
4696,55.75,39.65,2.55,0.25,0.85,0.95
4697,82.35,13.1,2.2,0.5,0.15,1.7
4698,91.6,1.4,4.45,0.55,0.35,1.65
4699,95.3,2.3,1.25,0.25,0.1,0.8
4700,25.5,72.05,1.6,0.3,0.1,0.45
4701,80.6,8.15,3.75,5.8,0.1,1.65
4702,94.05,1.85,2.2,0.45,0.25,1.2
4703,97.75,0.15,0.95,0.1,0.2,0.85
4704,70.9,17.85,7.6,1.95,0.2,1.5
4705,73.95,2.05,19.65,2.05,0.25,2.05
4706,58.1,26.25,14.35,0.1,0.1,1.05
4707,76.2,18.85,1.65,0.4,0.85,2.05
4708,94.85,0.45,1.35,0.35,1.4,1.65
4709,65.9,30.65,1.4,0.15,0.7,1.25
4710,24.45,71.2,3.4,0.2,0.2,0.55
4711,93.9,1.9,1.8,0.85,0.2,1.4
4712,64.7,27.15,4.1,1.5,0.3,2.3
4713,81.6,14.15,1.45,0.85,0.2,1.8
4714,68.95,16.45,8.6,2.65,0.35,3.05
4715,64.65,33.35,0.9,0.45,0.05,0.6
4716,37.35,0.85,48,1.65,10.45,1.7
4717,91.9,3.9,2.15,0.4,0.15,1.5
4718,92.75,1,2.9,1.25,0.2,1.85
4719,85.3,1.55,10.3,0.65,0.3,1.85
4720,54.4,42.65,0.75,0.65,0.9,0.7
4721,96.15,1.4,1,0.55,0.1,0.9
4722,81.2,11.3,4.15,1.25,0.35,1.7
4723,87.85,4.55,5.1,0.4,0.4,1.7
4724,88,2.4,2.95,1.7,2.7,2.25
4725,91.1,0.55,1.75,5.2,0.4,1.05
4726,97.05,0.3,0.9,0.55,0.35,0.9
4727,79.8,5.25,7.55,3.75,0.7,3.1
4728,81,12.1,4.9,0.3,0.35,1.3
4729,93.3,1.4,3.1,0.75,0.2,1.25
4730,39.35,57.6,1.45,0.15,0.15,1.3
4731,96.95,0.85,0.8,0.2,0.15,1.05
4732,98.5,0.15,0.3,0.1,0.2,0.8
4733,97,0.1,0.75,0.2,0.35,1.55
4734,81.4,12.1,3.9,0.55,0.15,1.85
4735,88.05,6.6,2.85,0.9,0.2,1.35
4736,70.95,24,1.9,1.95,0.3,0.9
4737,93.5,0.4,2.65,1.1,0.85,1.45
4738,95.05,2.55,0.75,0.2,0.3,1.1
4739,92,2.35,2.35,1.85,0.25,1.25
4740,87.65,1.3,3.3,0.65,3.85,3.2
4741,78.2,15.45,4.15,0.65,0.15,1.4
4742,81.4,12.8,1.5,2.55,0.1,1.7
4743,92.5,2.95,1.55,0.2,0.65,2.05
4744,81.6,14.1,2.4,0.45,0.15,1.35
4745,26.9,72.4,0.3,0,0.05,0.3
4746,95.95,0.65,1.15,0.5,0.35,1.4
4747,95.8,1.3,0.75,0.25,0.25,1.6
4748,72.05,15.2,8.4,2.15,0.8,1.45
4749,75.65,10.55,10.75,1,0.25,1.75
4750,88.25,5.9,2.3,1.1,0.2,2.2
4751,33.55,62.65,2.7,0.15,0.25,0.7
4752,83.65,0.3,13,0.95,0.5,1.6
4753,91.75,4.85,1.6,0.5,0.1,1.2
4754,96.3,1.2,0.9,0.35,0.15,1.15
4755,86.55,6.9,4.6,0.35,0.2,1.4
4756,79,17,1.55,0.25,0.35,1.95
4757,91.15,5.3,1.85,0.1,1.2,0.35
4758,83.1,0.35,14.2,0.25,0.75,1.35
4759,29.85,66.95,1.45,0.85,0.15,0.8
4760,29.05,69.7,0.55,0.05,0.15,0.55
4761,46,52.15,1.05,0.15,0.1,0.6
4762,77.55,17.7,2.2,0.75,0.4,1.35
4763,79.9,5.4,11.6,0.85,0.8,1.5
4764,80.15,1,13.95,2.6,0.5,1.8
4765,88.1,2.95,4,3.1,0.1,1.65
4766,91.6,2.7,1.4,2.35,0.15,1.8
4767,85.2,9.95,3.25,0.2,0.25,1.05
4768,85.2,7.6,2.2,3.05,0.3,1.7
4769,97.55,0.6,0.45,0.25,0.35,0.85
4770,67.15,27.35,2.85,0.85,0.25,1.55